mtllib nature_materials.mtl
g Mountain_Granite
usemtl Mountain_Granite
v 0.083735 2.547688 0.000000
v 0.084513 2.629498 0.018612
v 0.574159 2.488223 0.126441
v 0.083735 2.547688 0.000000
v 0.574159 2.488223 0.126441
v 0.614851 2.529924 0.000000
v 0.084513 2.629498 0.018612
v 0.065349 2.433728 0.031498
v 0.455588 2.344156 0.219592
v 0.084513 2.629498 0.018612
v 0.455588 2.344156 0.219592
v 0.574159 2.488223 0.126441
v 0.065349 2.433728 0.031498
v 0.043393 2.218807 0.037559
v 0.354540 2.343746 0.306870
v 0.065349 2.433728 0.031498
v 0.354540 2.343746 0.306870
v 0.455588 2.344156 0.219592
v 0.043393 2.218807 0.037559
v 0.028738 2.273704 0.047196
v 0.238017 2.423751 0.390888
v 0.043393 2.218807 0.037559
v 0.238017 2.423751 0.390888
v 0.354540 2.343746 0.306870
v 0.028738 2.273704 0.047196
v 0.011384 2.477255 0.059384
v 0.078202 2.364286 0.407931
v 0.028738 2.273704 0.047196
v 0.078202 2.364286 0.407931
v 0.238017 2.423751 0.390888
v 0.011384 2.477255 0.059384
v -0.011742 2.524638 0.061253
v -0.070272 2.223056 0.366566
v 0.011384 2.477255 0.059384
v -0.070272 2.223056 0.366566
v 0.078202 2.364286 0.407931
v -0.011742 2.524638 0.061253
v -0.031959 2.419646 0.052486
v -0.212318 2.266952 0.348684
v -0.011742 2.524638 0.061253
v -0.212318 2.266952 0.348684
v -0.070272 2.223056 0.366566
v -0.031959 2.419646 0.052486
v -0.050026 2.409458 0.043300
v -0.394194 2.497229 0.341193
v -0.031959 2.419646 0.052486
v -0.394194 2.497229 0.341193
v -0.212318 2.266952 0.348684
v -0.050026 2.409458 0.043300
v -0.068952 2.514331 0.033234
v -0.538683 2.594515 0.259643
v -0.050026 2.409458 0.043300
v -0.538683 2.594515 0.259643
v -0.394194 2.497229 0.341193
v -0.068952 2.514331 0.033234
v -0.077450 2.490934 0.017056
v -0.546227 2.414437 0.120290
v -0.068952 2.514331 0.033234
v -0.546227 2.414437 0.120290
v -0.538683 2.594515 0.259643
v -0.077450 2.490934 0.017056
v -0.070233 2.293536 0.000000
v -0.492472 2.219739 0.000000
v -0.077450 2.490934 0.017056
v -0.492472 2.219739 0.000000
v -0.546227 2.414437 0.120290
v -0.070233 2.293536 0.000000
v -0.063218 2.211726 -0.013922
v -0.488309 2.261439 -0.107535
v -0.070233 2.293536 0.000000
v -0.488309 2.261439 -0.107535
v -0.492472 2.219739 0.000000
v -0.063218 2.211726 -0.013922
v -0.064177 2.407496 -0.030933
v -0.475951 2.405507 -0.229406
v -0.063218 2.211726 -0.013922
v -0.475951 2.405507 -0.229406
v -0.488309 2.261439 -0.107535
v -0.064177 2.407496 -0.030933
v -0.057435 2.622417 -0.049712
v -0.370602 2.405917 -0.320774
v -0.064177 2.407496 -0.030933
v -0.370602 2.405917 -0.320774
v -0.475951 2.405507 -0.229406
v -0.057435 2.622417 -0.049712
v -0.035223 2.567520 -0.057845
v -0.221982 2.325911 -0.364554
v -0.057435 2.622417 -0.049712
v -0.221982 2.325911 -0.364554
v -0.370602 2.405917 -0.320774
v -0.035223 2.567520 -0.057845
v -0.010528 2.363969 -0.054917
v -0.079386 2.385377 -0.414108
v -0.035223 2.567520 -0.057845
v -0.079386 2.385377 -0.414108
v -0.221982 2.325911 -0.364554
v -0.010528 2.363969 -0.054917
v 0.010170 2.316586 -0.053048
v 0.087316 2.526606 -0.455473
v -0.010528 2.363969 -0.054917
v 0.087316 2.526606 -0.455473
v -0.079386 2.385377 -0.414108
v 0.010170 2.316586 -0.053048
v 0.032002 2.421578 -0.052556
v 0.247680 2.482711 -0.406758
v 0.010170 2.316586 -0.053048
v 0.247680 2.482711 -0.406758
v 0.087316 2.526606 -0.455473
v 0.032002 2.421578 -0.052556
v 0.050802 2.431766 -0.043971
v 0.330948 2.252433 -0.286451
v 0.032002 2.421578 -0.052556
v 0.330948 2.252433 -0.286451
v 0.247680 2.482711 -0.406758
v 0.050802 2.431766 -0.043971
v 0.060575 2.326893 -0.029197
v 0.392856 2.155147 -0.189355
v 0.050802 2.431766 -0.043971
v 0.392856 2.155147 -0.189355
v 0.330948 2.252433 -0.286451
v 0.060575 2.326893 -0.029197
v 0.070281 2.350290 -0.015477
v 0.516241 2.335226 -0.113687
v 0.060575 2.326893 -0.029197
v 0.516241 2.335226 -0.113687
v 0.392856 2.155147 -0.189355
v 0.070281 2.350290 -0.015477
v 0.083735 2.547688 0.000000
v 0.614851 2.529924 0.000000
v 0.070281 2.350290 -0.015477
v 0.614851 2.529924 0.000000
v 0.516241 2.335226 -0.113687
v 0.614851 2.529924 0.000000
v 0.574159 2.488223 0.126441
v 0.888715 2.162075 0.195713
v 0.614851 2.529924 0.000000
v 0.888715 2.162075 0.195713
v 0.980071 2.231276 0.000000
v 0.574159 2.488223 0.126441
v 0.455588 2.344156 0.219592
v 0.849380 2.269310 0.409397
v 0.574159 2.488223 0.126441
v 0.849380 2.269310 0.409397
v 0.888715 2.162075 0.195713
v 0.455588 2.344156 0.219592
v 0.354540 2.343746 0.306870
v 0.746625 2.437013 0.646239
v 0.455588 2.344156 0.219592
v 0.746625 2.437013 0.646239
v 0.849380 2.269310 0.409397
v 0.354540 2.343746 0.306870
v 0.238017 2.423751 0.390888
v 0.459991 2.394823 0.755431
v 0.354540 2.343746 0.306870
v 0.459991 2.394823 0.755431
v 0.746625 2.437013 0.646239
v 0.238017 2.423751 0.390888
v 0.078202 2.364286 0.407931
v 0.132673 2.169806 0.692070
v 0.238017 2.423751 0.390888
v 0.132673 2.169806 0.692070
v 0.459991 2.394823 0.755431
v 0.078202 2.364286 0.407931
v -0.070272 2.223056 0.366566
v -0.121766 2.071299 0.635178
v 0.078202 2.364286 0.407931
v -0.121766 2.071299 0.635178
v 0.132673 2.169806 0.692070
v -0.070272 2.223056 0.366566
v -0.212318 2.266952 0.348684
v -0.401292 2.213194 0.659031
v -0.070272 2.223056 0.366566
v -0.401292 2.213194 0.659031
v -0.121766 2.071299 0.635178
v -0.212318 2.266952 0.348684
v -0.394194 2.497229 0.341193
v -0.705655 2.356594 0.610777
v -0.212318 2.266952 0.348684
v -0.705655 2.356594 0.610777
v -0.401292 2.213194 0.659031
v -0.394194 2.497229 0.341193
v -0.538683 2.594515 0.259643
v -0.880264 2.316499 0.424283
v -0.394194 2.497229 0.341193
v -0.880264 2.316499 0.424283
v -0.705655 2.356594 0.610777
v -0.538683 2.594515 0.259643
v -0.546227 2.414437 0.120290
v -0.944684 2.237055 0.208038
v -0.538683 2.594515 0.259643
v -0.944684 2.237055 0.208038
v -0.880264 2.316499 0.424283
v -0.546227 2.414437 0.120290
v -0.492472 2.219739 0.000000
v -1.027517 2.292264 0.000000
v -0.546227 2.414437 0.120290
v -1.027517 2.292264 0.000000
v -0.944684 2.237055 0.208038
v -0.492472 2.219739 0.000000
v -0.488309 2.261439 -0.107535
v -1.037551 2.361465 -0.228489
v -0.492472 2.219739 0.000000
v -1.037551 2.361465 -0.228489
v -1.027517 2.292264 0.000000
v -0.488309 2.261439 -0.107535
v -0.475951 2.405507 -0.229406
v -0.839511 2.254230 -0.404641
v -0.488309 2.261439 -0.107535
v -0.839511 2.254230 -0.404641
v -1.037551 2.361465 -0.228489
v -0.475951 2.405507 -0.229406
v -0.370602 2.405917 -0.320774
v -0.568066 2.086527 -0.491687
v -0.475951 2.405507 -0.229406
v -0.568066 2.086527 -0.491687
v -0.839511 2.254230 -0.404641
v -0.370602 2.405917 -0.320774
v -0.221982 2.325911 -0.364554
v -0.373991 2.128717 -0.614194
v -0.370602 2.405917 -0.320774
v -0.373991 2.128717 -0.614194
v -0.568066 2.086527 -0.491687
v -0.221982 2.325911 -0.364554
v -0.079386 2.385377 -0.414108
v -0.153037 2.353734 -0.798296
v -0.221982 2.325911 -0.364554
v -0.153037 2.353734 -0.798296
v -0.373991 2.128717 -0.614194
v -0.079386 2.385377 -0.414108
v 0.087316 2.526606 -0.455473
v 0.163943 2.452241 -0.855187
v -0.079386 2.385377 -0.414108
v 0.163943 2.452241 -0.855187
v -0.153037 2.353734 -0.798296
v 0.087316 2.526606 -0.455473
v 0.247680 2.482711 -0.406758
v 0.432690 2.310346 -0.710594
v 0.087316 2.526606 -0.455473
v 0.432690 2.310346 -0.710594
v 0.163943 2.452241 -0.855187
v 0.247680 2.482711 -0.406758
v 0.330948 2.252433 -0.286451
v 0.609036 2.166946 -0.527149
v 0.247680 2.482711 -0.406758
v 0.609036 2.166946 -0.527149
v 0.432690 2.310346 -0.710594
v 0.330948 2.252433 -0.286451
v 0.392856 2.155147 -0.189355
v 0.808627 2.207041 -0.389755
v 0.330948 2.252433 -0.286451
v 0.808627 2.207041 -0.389755
v 0.609036 2.166946 -0.527149
v 0.392856 2.155147 -0.189355
v 0.516241 2.335226 -0.113687
v 0.981582 2.286485 -0.216164
v 0.392856 2.155147 -0.189355
v 0.981582 2.286485 -0.216164
v 0.808627 2.207041 -0.389755
v 0.516241 2.335226 -0.113687
v 0.614851 2.529924 0.000000
v 0.980071 2.231276 0.000000
v 0.516241 2.335226 -0.113687
v 0.980071 2.231276 0.000000
v 0.981582 2.286485 -0.216164
v 0.980071 2.231276 0.000000
v 0.888715 2.162075 0.195713
v 1.189671 1.955221 0.261989
v 0.980071 2.231276 0.000000
v 1.189671 1.955221 0.261989
v 1.204877 1.927437 0.000000
v 0.888715 2.162075 0.195713
v 0.849380 2.269310 0.409397
v 1.238822 2.139839 0.597107
v 0.888715 2.162075 0.195713
v 1.238822 2.139839 0.597107
v 1.189671 1.955221 0.261989
v 0.849380 2.269310 0.409397
v 0.746625 2.437013 0.646239
v 1.029768 2.219105 0.891312
v 0.849380 2.269310 0.409397
v 1.029768 2.219105 0.891312
v 1.238822 2.139839 0.597107
v 0.746625 2.437013 0.646239
v 0.459991 2.394823 0.755431
v 0.602149 2.121528 0.988891
v 0.746625 2.437013 0.646239
v 0.602149 2.121528 0.988891
v 1.029768 2.219105 0.891312
v 0.459991 2.394823 0.755431
v 0.132673 2.169806 0.692070
v 0.192459 2.044437 1.003935
v 0.459991 2.394823 0.755431
v 0.192459 2.044437 1.003935
v 0.602149 2.121528 0.988891
v 0.132673 2.169806 0.692070
v -0.121766 2.071299 0.635178
v -0.201495 2.094816 1.051074
v 0.132673 2.169806 0.692070
v -0.201495 2.094816 1.051074
v 0.192459 2.044437 1.003935
v -0.121766 2.071299 0.635178
v -0.401292 2.213194 0.659031
v -0.603035 2.123220 0.990347
v -0.121766 2.071299 0.635178
v -0.603035 2.123220 0.990347
v -0.201495 2.094816 1.051074
v -0.401292 2.213194 0.659031
v -0.705655 2.356594 0.610777
v -0.868428 2.023635 0.751664
v -0.401292 2.213194 0.659031
v -0.868428 2.023635 0.751664
v -0.603035 2.123220 0.990347
v -0.705655 2.356594 0.610777
v -0.880264 2.316499 0.424283
v -1.042701 1.954877 0.502578
v -0.705655 2.356594 0.610777
v -1.042701 1.954877 0.502578
v -0.868428 2.023635 0.751664
v -0.880264 2.316499 0.424283
v -0.944684 2.237055 0.208038
v -1.336285 2.076453 0.294276
v -0.880264 2.316499 0.424283
v -1.336285 2.076453 0.294276
v -1.042701 1.954877 0.502578
v -0.944684 2.237055 0.208038
v -1.027517 2.292264 0.000000
v -1.606726 2.246261 0.000000
v -0.944684 2.237055 0.208038
v -1.606726 2.246261 0.000000
v -1.336285 2.076453 0.294276
v -1.027517 2.292264 0.000000
v -1.037551 2.361465 -0.228489
v -1.508042 2.218477 -0.332101
v -1.027517 2.292264 0.000000
v -1.508042 2.218477 -0.332101
v -1.606726 2.246261 0.000000
v -1.037551 2.361465 -0.228489
v -0.839511 2.254230 -0.404641
v -1.126449 2.033859 -0.542943
v -1.037551 2.361465 -0.228489
v -1.126449 2.033859 -0.542943
v -1.508042 2.218477 -0.332101
v -0.839511 2.254230 -0.404641
v -0.568066 2.086527 -0.491687
v -0.811440 1.954593 -0.702339
v -0.839511 2.254230 -0.404641
v -0.811440 1.954593 -0.702339
v -1.126449 2.033859 -0.542943
v -0.568066 2.086527 -0.491687
v -0.373991 2.128717 -0.614194
v -0.565833 2.052170 -0.929252
v -0.568066 2.086527 -0.491687
v -0.565833 2.052170 -0.929252
v -0.811440 1.954593 -0.702339
v -0.373991 2.128717 -0.614194
v -0.153037 2.353734 -0.798296
v -0.207674 2.129261 -1.083304
v -0.373991 2.128717 -0.614194
v -0.207674 2.129261 -1.083304
v -0.565833 2.052170 -0.929252
v -0.153037 2.353734 -0.798296
v 0.163943 2.452241 -0.855187
v 0.198637 2.078882 -1.036165
v -0.153037 2.353734 -0.798296
v 0.198637 2.078882 -1.036165
v -0.207674 2.129261 -1.083304
v 0.163943 2.452241 -0.855187
v 0.432690 2.310346 -0.710594
v 0.564947 2.050477 -0.927796
v 0.163943 2.452241 -0.855187
v 0.564947 2.050477 -0.927796
v 0.198637 2.078882 -1.036165
v 0.432690 2.310346 -0.710594
v 0.609036 2.166946 -0.527149
v 0.972781 2.150063 -0.841986
v 0.432690 2.310346 -0.710594
v 0.972781 2.150063 -0.841986
v 0.564947 2.050477 -0.927796
v 0.609036 2.166946 -0.527149
v 0.808627 2.207041 -0.389755
v 1.322570 2.218821 -0.637473
v 0.609036 2.166946 -0.527149
v 1.322570 2.218821 -0.637473
v 0.972781 2.150063 -0.841986
v 0.808627 2.207041 -0.389755
v 0.981582 2.286485 -0.216164
v 1.361429 2.097245 -0.299814
v 0.808627 2.207041 -0.389755
v 1.361429 2.097245 -0.299814
v 1.322570 2.218821 -0.637473
v 0.981582 2.286485 -0.216164
v 0.980071 2.231276 0.000000
v 1.204877 1.927437 0.000000
v 0.981582 2.286485 -0.216164
v 1.204877 1.927437 0.000000
v 1.361429 2.097245 -0.299814
v 1.204877 1.927437 0.000000
v 1.189671 1.955221 0.261989
v 1.658533 1.852411 0.365242
v 1.204877 1.927437 0.000000
v 1.658533 1.852411 0.365242
v 1.609086 1.791529 0.000000
v 1.189671 1.955221 0.261989
v 1.238822 2.139839 0.597107
v 1.483008 1.869893 0.714803
v 1.189671 1.955221 0.261989
v 1.483008 1.869893 0.714803
v 1.658533 1.852411 0.365242
v 1.238822 2.139839 0.597107
v 1.029768 2.219105 0.891312
v 1.073360 1.806807 0.929042
v 1.238822 2.139839 0.597107
v 1.073360 1.806807 0.929042
v 1.483008 1.869893 0.714803
v 1.029768 2.219105 0.891312
v 0.602149 2.121528 0.988891
v 0.680446 1.806259 1.117477
v 1.029768 2.219105 0.891312
v 0.680446 1.806259 1.117477
v 1.073360 1.806807 0.929042
v 0.602149 2.121528 0.988891
v 0.192459 2.044437 1.003935
v 0.265450 1.922066 1.384685
v 0.602149 2.121528 0.988891
v 0.265450 1.922066 1.384685
v 0.680446 1.806259 1.117477
v 0.192459 2.044437 1.003935
v -0.201495 2.094816 1.051074
v -0.284404 1.989939 1.483554
v 0.192459 2.044437 1.003935
v -0.284404 1.989939 1.483554
v 0.265450 1.922066 1.384685
v -0.201495 2.094816 1.051074
v -0.603035 2.123220 0.990347
v -0.745104 1.885580 1.223662
v -0.201495 2.094816 1.051074
v -0.745104 1.885580 1.223662
v -0.284404 1.989939 1.483554
v -0.603035 2.123220 0.990347
v -0.868428 2.023635 0.751664
v -0.991796 1.743332 0.858445
v -0.603035 2.123220 0.990347
v -0.991796 1.743332 0.858445
v -0.745104 1.885580 1.223662
v -0.868428 2.023635 0.751664
v -1.042701 1.954877 0.502578
v -1.295937 1.756567 0.624636
v -0.868428 2.023635 0.751664
v -1.295937 1.756567 0.624636
v -0.991796 1.743332 0.858445
v -1.042701 1.954877 0.502578
v -1.336285 2.076453 0.294276
v -1.712233 1.880933 0.377068
v -1.042701 1.954877 0.502578
v -1.712233 1.880933 0.377068
v -1.295937 1.756567 0.624636
v -1.336285 2.076453 0.294276
v -1.606726 2.246261 0.000000
v -1.871734 1.925380 0.000000
v -1.336285 2.076453 0.294276
v -1.871734 1.925380 0.000000
v -1.712233 1.880933 0.377068
v -1.606726 2.246261 0.000000
v -1.508042 2.218477 -0.332101
v -1.681290 1.864498 -0.370253
v -1.606726 2.246261 0.000000
v -1.681290 1.864498 -0.370253
v -1.871734 1.925380 0.000000
v -1.508042 2.218477 -0.332101
v -1.126449 2.033859 -0.542943
v -1.445245 1.847016 -0.696602
v -1.508042 2.218477 -0.332101
v -1.445245 1.847016 -0.696602
v -1.681290 1.864498 -0.370253
v -1.126449 2.033859 -0.542943
v -0.811440 1.954593 -0.702339
v -1.206093 1.910102 -1.043929
v -1.126449 2.033859 -0.542943
v -1.206093 1.910102 -1.043929
v -1.445245 1.847016 -0.696602
v -0.811440 1.954593 -0.702339
v -0.565833 2.052170 -0.929252
v -0.765539 1.910649 -1.257222
v -0.811440 1.954593 -0.702339
v -0.765539 1.910649 -1.257222
v -1.206093 1.910102 -1.043929
v -0.565833 2.052170 -0.929252
v -0.207674 2.129261 -1.083304
v -0.229922 1.794842 -1.199358
v -0.565833 2.052170 -0.929252
v -0.229922 1.794842 -1.199358
v -0.765539 1.910649 -1.257222
v -0.207674 2.129261 -1.083304
v 0.198637 2.078882 -1.036165
v 0.210969 1.726970 -1.100489
v -0.207674 2.129261 -1.083304
v 0.210969 1.726970 -1.100489
v -0.229922 1.794842 -1.199358
v 0.198637 2.078882 -1.036165
v 0.564947 2.050477 -0.927796
v 0.700881 1.831329 -1.151037
v 0.198637 2.078882 -1.036165
v 0.700881 1.831329 -1.151037
v 0.210969 1.726970 -1.100489
v 0.564947 2.050477 -0.927796
v 0.972781 2.150063 -0.841986
v 1.287657 1.973576 -1.114527
v 0.564947 2.050477 -0.927796
v 1.287657 1.973576 -1.114527
v 0.700881 1.831329 -1.151037
v 0.972781 2.150063 -0.841986
v 1.322570 2.218821 -0.637473
v 1.632316 1.960342 -0.786769
v 0.972781 2.150063 -0.841986
v 1.632316 1.960342 -0.786769
v 1.287657 1.973576 -1.114527
v 1.322570 2.218821 -0.637473
v 1.361429 2.097245 -0.299814
v 1.627590 1.835976 -0.358428
v 1.322570 2.218821 -0.637473
v 1.627590 1.835976 -0.358428
v 1.632316 1.960342 -0.786769
v 1.361429 2.097245 -0.299814
v 1.204877 1.927437 0.000000
v 1.609086 1.791529 0.000000
v 1.361429 2.097245 -0.299814
v 1.609086 1.791529 0.000000
v 1.627590 1.835976 -0.358428
v 1.609086 1.791529 0.000000
v 1.658533 1.852411 0.365242
v 2.083624 1.643217 0.458855
v 1.609086 1.791529 0.000000
v 2.083624 1.643217 0.458855
v 2.192095 1.649560 0.000000
v 1.658533 1.852411 0.365242
v 1.483008 1.869893 0.714803
v 1.560740 1.545369 0.752270
v 1.658533 1.852411 0.365242
v 1.560740 1.545369 0.752270
v 2.083624 1.643217 0.458855
v 1.483008 1.869893 0.714803
v 1.073360 1.806807 0.929042
v 1.096036 1.489208 0.948669
v 1.483008 1.869893 0.714803
v 1.096036 1.489208 0.948669
v 1.560740 1.545369 0.752270
v 1.073360 1.806807 0.929042
v 0.680446 1.806259 1.117477
v 0.787089 1.557572 1.292614
v 1.073360 1.806807 0.929042
v 0.787089 1.557572 1.292614
v 1.096036 1.489208 0.948669
v 0.680446 1.806259 1.117477
v 0.265450 1.922066 1.384685
v 0.312245 1.650163 1.628785
v 0.680446 1.806259 1.117477
v 0.312245 1.650163 1.628785
v 0.787089 1.557572 1.292614
v 0.265450 1.922066 1.384685
v -0.284404 1.989939 1.483554
v -0.309356 1.643883 1.613711
v 0.265450 1.922066 1.384685
v -0.309356 1.643883 1.613711
v 0.312245 1.650163 1.628785
v -0.284404 1.989939 1.483554
v -0.745104 1.885580 1.223662
v -0.816305 1.579326 1.340594
v -0.284404 1.989939 1.483554
v -0.816305 1.579326 1.340594
v -0.309356 1.643883 1.613711
v -0.745104 1.885580 1.223662
v -0.991796 1.743332 0.858445
v -1.268270 1.570562 1.097746
v -0.745104 1.885580 1.223662
v -1.268270 1.570562 1.097746
v -0.816305 1.579326 1.340594
v -0.991796 1.743332 0.858445
v -1.295937 1.756567 0.624636
v -1.728802 1.607163 0.833275
v -0.991796 1.743332 0.858445
v -1.728802 1.607163 0.833275
v -1.268270 1.570562 1.097746
v -1.295937 1.756567 0.624636
v -1.712233 1.880933 0.377068
v -1.917520 1.589669 0.422276
v -1.295937 1.756567 0.624636
v -1.917520 1.589669 0.422276
v -1.728802 1.607163 0.833275
v -1.712233 1.880933 0.377068
v -1.871734 1.925380 0.000000
v -1.791060 1.525512 0.000000
v -1.712233 1.880933 0.377068
v -1.791060 1.525512 0.000000
v -1.917520 1.589669 0.422276
v -1.871734 1.925380 0.000000
v -1.681290 1.864498 -0.370253
v -1.738185 1.531855 -0.382783
v -1.871734 1.925380 0.000000
v -1.738185 1.531855 -0.382783
v -1.791060 1.525512 0.000000
v -1.681290 1.864498 -0.370253
v -1.445245 1.847016 -0.696602
v -1.790104 1.629704 -0.862822
v -1.681290 1.864498 -0.370253
v -1.790104 1.629704 -0.862822
v -1.738185 1.531855 -0.382783
v -1.445245 1.847016 -0.696602
v -1.206093 1.910102 -1.043929
v -1.512376 1.685865 -1.309032
v -1.445245 1.847016 -0.696602
v -1.512376 1.685865 -1.309032
v -1.790104 1.629704 -0.862822
v -1.206093 1.910102 -1.043929
v -0.765539 1.910649 -1.257222
v -0.867573 1.617501 -1.424791
v -1.206093 1.910102 -1.043929
v -0.867573 1.617501 -1.424791
v -1.512376 1.685865 -1.309032
v -0.765539 1.910649 -1.257222
v -0.229922 1.794842 -1.199358
v -0.254617 1.524909 -1.328175
v -0.765539 1.910649 -1.257222
v -0.254617 1.524909 -1.328175
v -0.867573 1.617501 -1.424791
v -0.229922 1.794842 -1.199358
v 0.210969 1.726970 -1.100489
v 0.257507 1.531189 -1.343248
v -0.229922 1.794842 -1.199358
v 0.257507 1.531189 -1.343248
v -0.254617 1.524909 -1.328175
v 0.210969 1.726970 -1.100489
v 0.700881 1.831329 -1.151037
v 0.838357 1.595746 -1.376810
v 0.210969 1.726970 -1.100489
v 0.838357 1.595746 -1.376810
v 0.257507 1.531189 -1.343248
v 0.700881 1.831329 -1.151037
v 1.287657 1.973576 -1.114527
v 1.340142 1.604511 -1.159955
v 0.700881 1.831329 -1.151037
v 1.340142 1.604511 -1.159955
v 0.838357 1.595746 -1.376810
v 1.287657 1.973576 -1.114527
v 1.632316 1.960342 -0.786769
v 1.622042 1.567909 -0.781817
v 1.287657 1.973576 -1.114527
v 1.622042 1.567909 -0.781817
v 1.340142 1.604511 -1.159955
v 1.632316 1.960342 -0.786769
v 1.627590 1.835976 -0.358428
v 1.904290 1.585404 -0.419362
v 1.632316 1.960342 -0.786769
v 1.904290 1.585404 -0.419362
v 1.622042 1.567909 -0.781817
v 1.627590 1.835976 -0.358428
v 1.609086 1.791529 0.000000
v 2.192095 1.649560 0.000000
v 1.627590 1.835976 -0.358428
v 2.192095 1.649560 0.000000
v 1.904290 1.585404 -0.419362
v 2.192095 1.649560 0.000000
v 2.083624 1.643217 0.458855
v 2.173403 1.304410 0.478627
v 2.192095 1.649560 0.000000
v 2.173403 1.304410 0.478627
v 2.468047 1.334229 0.000000
v 2.083624 1.643217 0.458855
v 1.560740 1.545369 0.752270
v 1.684990 1.265874 0.812158
v 2.083624 1.643217 0.458855
v 1.684990 1.265874 0.812158
v 2.173403 1.304410 0.478627
v 1.560740 1.545369 0.752270
v 1.096036 1.489208 0.948669
v 1.334845 1.271079 1.155370
v 1.560740 1.545369 0.752270
v 1.334845 1.271079 1.155370
v 1.684990 1.265874 0.812158
v 1.096036 1.489208 0.948669
v 0.787089 1.557572 1.292614
v 0.906953 1.292371 1.489462
v 1.096036 1.489208 0.948669
v 0.906953 1.292371 1.489462
v 1.334845 1.271079 1.155370
v 0.787089 1.557572 1.292614
v 0.312245 1.650163 1.628785
v 0.301002 1.282348 1.570135
v 0.787089 1.557572 1.292614
v 0.301002 1.282348 1.570135
v 0.906953 1.292371 1.489462
v 0.312245 1.650163 1.628785
v -0.309356 1.643883 1.613711
v -0.281955 1.262677 1.470778
v 0.312245 1.650163 1.628785
v -0.281955 1.262677 1.470778
v 0.301002 1.282348 1.570135
v -0.309356 1.643883 1.613711
v -0.816305 1.579326 1.340594
v -0.882850 1.283844 1.449879
v -0.309356 1.643883 1.613711
v -0.882850 1.283844 1.449879
v -0.281955 1.262677 1.470778
v -0.816305 1.579326 1.340594
v -1.268270 1.570562 1.097746
v -1.583974 1.326990 1.371002
v -0.816305 1.579326 1.340594
v -1.583974 1.326990 1.371002
v -0.882850 1.283844 1.449879
v -1.268270 1.570562 1.097746
v -1.728802 1.607163 0.833275
v -2.018954 1.324219 0.973127
v -1.268270 1.570562 1.097746
v -2.018954 1.324219 0.973127
v -1.583974 1.326990 1.371002
v -1.728802 1.607163 0.833275
v -1.917520 1.589669 0.422276
v -1.954244 1.270841 0.430363
v -1.728802 1.607163 0.833275
v -1.954244 1.270841 0.430363
v -2.018954 1.324219 0.973127
v -1.917520 1.589669 0.422276
v -1.791060 1.525512 0.000000
v -1.826478 1.239937 0.000000
v -1.917520 1.589669 0.422276
v -1.826478 1.239937 0.000000
v -1.954244 1.270841 0.430363
v -1.791060 1.525512 0.000000
v -1.738185 1.531855 -0.382783
v -1.947163 1.269756 -0.428804
v -1.791060 1.525512 0.000000
v -1.947163 1.269756 -0.428804
v -1.826478 1.239937 0.000000
v -1.738185 1.531855 -0.382783
v -1.790104 1.629704 -0.862822
v -1.927794 1.308293 -0.929189
v -1.738185 1.531855 -0.382783
v -1.927794 1.308293 -0.929189
v -1.947163 1.269756 -0.428804
v -1.790104 1.629704 -0.862822
v -1.512376 1.685865 -1.309032
v -1.477470 1.303088 -1.278819
v -1.790104 1.629704 -0.862822
v -1.477470 1.303088 -1.278819
v -1.927794 1.308293 -0.929189
v -1.512376 1.685865 -1.309032
v -0.867573 1.617501 -1.424791
v -0.877057 1.281795 -1.440366
v -1.512376 1.685865 -1.309032
v -0.877057 1.281795 -1.440366
v -1.477470 1.303088 -1.278819
v -0.867573 1.617501 -1.424791
v -0.254617 1.524909 -1.328175
v -0.310173 1.291819 -1.617974
v -0.867573 1.617501 -1.424791
v -0.310173 1.291819 -1.617974
v -0.877057 1.281795 -1.440366
v -0.254617 1.524909 -1.328175
v 0.257507 1.531189 -1.343248
v 0.329220 1.311489 -1.717331
v -0.254617 1.524909 -1.328175
v 0.329220 1.311489 -1.717331
v -0.310173 1.291819 -1.617974
v 0.257507 1.531189 -1.343248
v 0.838357 1.595746 -1.376810
v 0.901160 1.290322 -1.479948
v 0.257507 1.531189 -1.343248
v 0.901160 1.290322 -1.479948
v 0.329220 1.311489 -1.717331
v 0.838357 1.595746 -1.376810
v 1.340142 1.604511 -1.159955
v 1.228342 1.247176 -1.063186
v 0.838357 1.595746 -1.376810
v 1.228342 1.247176 -1.063186
v 0.901160 1.290322 -1.479948
v 1.340142 1.604511 -1.159955
v 1.622042 1.567909 -0.781817
v 1.593830 1.249948 -0.768219
v 1.340142 1.604511 -1.159955
v 1.593830 1.249948 -0.768219
v 1.228342 1.247176 -1.063186
v 1.622042 1.567909 -0.781817
v 1.904290 1.585404 -0.419362
v 2.166322 1.303326 -0.477067
v 1.622042 1.567909 -0.781817
v 2.166322 1.303326 -0.477067
v 1.593830 1.249948 -0.768219
v 1.904290 1.585404 -0.419362
v 2.192095 1.649560 0.000000
v 2.468047 1.334229 0.000000
v 1.904290 1.585404 -0.419362
v 2.468047 1.334229 0.000000
v 2.166322 1.303326 -0.477067
v 2.468047 1.334229 0.000000
v 2.173403 1.304410 0.478627
v 2.034510 0.971500 0.448039
v 2.468047 1.334229 0.000000
v 2.034510 0.971500 0.448039
v 2.200000 0.971500 0.000000
v 2.173403 1.304410 0.478627
v 1.684990 1.265874 0.812158
v 1.932064 0.971500 0.931247
v 2.173403 1.304410 0.478627
v 1.932064 0.971500 0.931247
v 2.034510 0.971500 0.448039
v 1.684990 1.265874 0.812158
v 1.334845 1.271079 1.155370
v 1.613162 0.971500 1.396266
v 1.684990 1.265874 0.812158
v 1.613162 0.971500 1.396266
v 1.932064 0.971500 0.931247
v 1.334845 1.271079 1.155370
v 0.906953 1.292371 1.489462
v 0.940358 0.971500 1.544323
v 1.334845 1.271079 1.155370
v 0.940358 0.971500 1.544323
v 1.613162 0.971500 1.396266
v 0.906953 1.292371 1.489462
v 0.301002 1.282348 1.570135
v 0.271861 0.971500 1.418126
v 0.906953 1.292371 1.489462
v 0.271861 0.971500 1.418126
v 0.940358 0.971500 1.544323
v 0.301002 1.282348 1.570135
v -0.281955 1.262677 1.470778
v -0.271861 0.971500 1.418126
v 0.301002 1.282348 1.570135
v -0.271861 0.971500 1.418126
v 0.271861 0.971500 1.418126
v -0.281955 1.262677 1.470778
v -0.882850 1.283844 1.449879
v -0.940358 0.971500 1.544323
v -0.281955 1.262677 1.470778
v -0.940358 0.971500 1.544323
v -0.271861 0.971500 1.418126
v -0.882850 1.283844 1.449879
v -1.583974 1.326990 1.371002
v -1.613162 0.971500 1.396266
v -0.882850 1.283844 1.449879
v -1.613162 0.971500 1.396266
v -0.940358 0.971500 1.544323
v -1.583974 1.326990 1.371002
v -2.018954 1.324219 0.973127
v -1.932064 0.971500 0.931247
v -1.583974 1.326990 1.371002
v -1.932064 0.971500 0.931247
v -1.613162 0.971500 1.396266
v -2.018954 1.324219 0.973127
v -1.954244 1.270841 0.430363
v -2.034510 0.971500 0.448039
v -2.018954 1.324219 0.973127
v -2.034510 0.971500 0.448039
v -1.932064 0.971500 0.931247
v -1.954244 1.270841 0.430363
v -1.826478 1.239937 0.000000
v -2.200000 0.971500 0.000000
v -1.954244 1.270841 0.430363
v -2.200000 0.971500 0.000000
v -2.034510 0.971500 0.448039
v -1.826478 1.239937 0.000000
v -1.947163 1.269756 -0.428804
v -2.187259 0.971500 -0.481678
v -1.826478 1.239937 0.000000
v -2.187259 0.971500 -0.481678
v -2.200000 0.971500 0.000000
v -1.947163 1.269756 -0.428804
v -1.927794 1.308293 -0.929189
v -1.769451 0.971500 -0.852868
v -1.947163 1.269756 -0.428804
v -1.769451 0.971500 -0.852868
v -2.187259 0.971500 -0.481678
v -1.927794 1.308293 -0.929189
v -1.477470 1.303088 -1.278819
v -1.268226 0.971500 -1.097708
v -1.927794 1.308293 -0.929189
v -1.268226 0.971500 -1.097708
v -1.769451 0.971500 -0.852868
v -1.477470 1.303088 -1.278819
v -0.877057 1.281795 -1.440366
v -0.887468 0.971500 -1.457462
v -1.477470 1.303088 -1.278819
v -0.887468 0.971500 -1.457462
v -1.268226 0.971500 -1.097708
v -0.877057 1.281795 -1.440366
v -0.310173 1.291819 -1.617974
v -0.354324 0.971500 -1.848285
v -0.877057 1.281795 -1.440366
v -0.354324 0.971500 -1.848285
v -0.887468 0.971500 -1.457462
v -0.310173 1.291819 -1.617974
v 0.329220 1.311489 -1.717331
v 0.354324 0.971500 -1.848285
v -0.310173 1.291819 -1.617974
v 0.354324 0.971500 -1.848285
v -0.354324 0.971500 -1.848285
v 0.329220 1.311489 -1.717331
v 0.901160 1.290322 -1.479948
v 0.887468 0.971500 -1.457462
v 0.329220 1.311489 -1.717331
v 0.887468 0.971500 -1.457462
v 0.354324 0.971500 -1.848285
v 0.901160 1.290322 -1.479948
v 1.228342 1.247176 -1.063186
v 1.268226 0.971500 -1.097708
v 0.901160 1.290322 -1.479948
v 1.268226 0.971500 -1.097708
v 0.887468 0.971500 -1.457462
v 1.228342 1.247176 -1.063186
v 1.593830 1.249948 -0.768219
v 1.769451 0.971500 -0.852868
v 1.228342 1.247176 -1.063186
v 1.769451 0.971500 -0.852868
v 1.268226 0.971500 -1.097708
v 1.593830 1.249948 -0.768219
v 2.166322 1.303326 -0.477067
v 2.187259 0.971500 -0.481678
v 1.593830 1.249948 -0.768219
v 2.187259 0.971500 -0.481678
v 1.769451 0.971500 -0.852868
v 2.166322 1.303326 -0.477067
v 2.468047 1.334229 0.000000
v 2.200000 0.971500 0.000000
v 2.166322 1.303326 -0.477067
v 2.200000 0.971500 0.000000
v 2.187259 0.971500 -0.481678
v 2.200000 0.971500 0.000000
v 2.034510 0.971500 0.448039
v 1.954244 0.672159 0.430363
v 2.200000 0.971500 0.000000
v 1.954244 0.672159 0.430363
v 1.826478 0.703063 0.000000
v 2.034510 0.971500 0.448039
v 1.932064 0.971500 0.931247
v 2.018954 0.618781 0.973127
v 2.034510 0.971500 0.448039
v 2.018954 0.618781 0.973127
v 1.954244 0.672159 0.430363
v 1.932064 0.971500 0.931247
v 1.613162 0.971500 1.396266
v 1.583974 0.616010 1.371002
v 1.932064 0.971500 0.931247
v 1.583974 0.616010 1.371002
v 2.018954 0.618781 0.973127
v 1.613162 0.971500 1.396266
v 0.940358 0.971500 1.544323
v 0.882850 0.659156 1.449879
v 1.613162 0.971500 1.396266
v 0.882850 0.659156 1.449879
v 1.583974 0.616010 1.371002
v 0.940358 0.971500 1.544323
v 0.271861 0.971500 1.418126
v 0.281955 0.680323 1.470778
v 0.940358 0.971500 1.544323
v 0.281955 0.680323 1.470778
v 0.882850 0.659156 1.449879
v 0.271861 0.971500 1.418126
v -0.271861 0.971500 1.418126
v -0.301002 0.660652 1.570135
v 0.271861 0.971500 1.418126
v -0.301002 0.660652 1.570135
v 0.281955 0.680323 1.470778
v -0.271861 0.971500 1.418126
v -0.940358 0.971500 1.544323
v -0.906953 0.650629 1.489462
v -0.271861 0.971500 1.418126
v -0.906953 0.650629 1.489462
v -0.301002 0.660652 1.570135
v -0.940358 0.971500 1.544323
v -1.613162 0.971500 1.396266
v -1.334845 0.671921 1.155370
v -0.940358 0.971500 1.544323
v -1.334845 0.671921 1.155370
v -0.906953 0.650629 1.489462
v -1.613162 0.971500 1.396266
v -1.932064 0.971500 0.931247
v -1.684990 0.677126 0.812158
v -1.613162 0.971500 1.396266
v -1.684990 0.677126 0.812158
v -1.334845 0.671921 1.155370
v -1.932064 0.971500 0.931247
v -2.034510 0.971500 0.448039
v -2.173403 0.638590 0.478627
v -1.932064 0.971500 0.931247
v -2.173403 0.638590 0.478627
v -1.684990 0.677126 0.812158
v -2.034510 0.971500 0.448039
v -2.200000 0.971500 0.000000
v -2.468047 0.608771 0.000000
v -2.034510 0.971500 0.448039
v -2.468047 0.608771 0.000000
v -2.173403 0.638590 0.478627
v -2.200000 0.971500 0.000000
v -2.187259 0.971500 -0.481678
v -2.166322 0.639674 -0.477067
v -2.200000 0.971500 0.000000
v -2.166322 0.639674 -0.477067
v -2.468047 0.608771 0.000000
v -2.187259 0.971500 -0.481678
v -1.769451 0.971500 -0.852868
v -1.593830 0.693052 -0.768219
v -2.187259 0.971500 -0.481678
v -1.593830 0.693052 -0.768219
v -2.166322 0.639674 -0.477067
v -1.769451 0.971500 -0.852868
v -1.268226 0.971500 -1.097708
v -1.228342 0.695824 -1.063186
v -1.769451 0.971500 -0.852868
v -1.228342 0.695824 -1.063186
v -1.593830 0.693052 -0.768219
v -1.268226 0.971500 -1.097708
v -0.887468 0.971500 -1.457462
v -0.901160 0.652678 -1.479948
v -1.268226 0.971500 -1.097708
v -0.901160 0.652678 -1.479948
v -1.228342 0.695824 -1.063186
v -0.887468 0.971500 -1.457462
v -0.354324 0.971500 -1.848285
v -0.329220 0.631511 -1.717331
v -0.887468 0.971500 -1.457462
v -0.329220 0.631511 -1.717331
v -0.901160 0.652678 -1.479948
v -0.354324 0.971500 -1.848285
v 0.354324 0.971500 -1.848285
v 0.310173 0.651181 -1.617974
v -0.354324 0.971500 -1.848285
v 0.310173 0.651181 -1.617974
v -0.329220 0.631511 -1.717331
v 0.354324 0.971500 -1.848285
v 0.887468 0.971500 -1.457462
v 0.877057 0.661205 -1.440366
v 0.354324 0.971500 -1.848285
v 0.877057 0.661205 -1.440366
v 0.310173 0.651181 -1.617974
v 0.887468 0.971500 -1.457462
v 1.268226 0.971500 -1.097708
v 1.477470 0.639912 -1.278819
v 0.887468 0.971500 -1.457462
v 1.477470 0.639912 -1.278819
v 0.877057 0.661205 -1.440366
v 1.268226 0.971500 -1.097708
v 1.769451 0.971500 -0.852868
v 1.927794 0.634707 -0.929189
v 1.268226 0.971500 -1.097708
v 1.927794 0.634707 -0.929189
v 1.477470 0.639912 -1.278819
v 1.769451 0.971500 -0.852868
v 2.187259 0.971500 -0.481678
v 1.947163 0.673244 -0.428804
v 1.769451 0.971500 -0.852868
v 1.947163 0.673244 -0.428804
v 1.927794 0.634707 -0.929189
v 2.187259 0.971500 -0.481678
v 2.200000 0.971500 0.000000
v 1.826478 0.703063 0.000000
v 2.187259 0.971500 -0.481678
v 1.826478 0.703063 0.000000
v 1.947163 0.673244 -0.428804
v 1.826478 0.703063 0.000000
v 1.954244 0.672159 0.430363
v 1.917520 0.353331 0.422276
v 1.826478 0.703063 0.000000
v 1.917520 0.353331 0.422276
v 1.791060 0.417488 0.000000
v 1.954244 0.672159 0.430363
v 2.018954 0.618781 0.973127
v 1.728802 0.335837 0.833275
v 1.954244 0.672159 0.430363
v 1.728802 0.335837 0.833275
v 1.917520 0.353331 0.422276
v 2.018954 0.618781 0.973127
v 1.583974 0.616010 1.371002
v 1.268270 0.372438 1.097746
v 2.018954 0.618781 0.973127
v 1.268270 0.372438 1.097746
v 1.728802 0.335837 0.833275
v 1.583974 0.616010 1.371002
v 0.882850 0.659156 1.449879
v 0.816305 0.363674 1.340594
v 1.583974 0.616010 1.371002
v 0.816305 0.363674 1.340594
v 1.268270 0.372438 1.097746
v 0.882850 0.659156 1.449879
v 0.281955 0.680323 1.470778
v 0.309356 0.299117 1.613711
v 0.882850 0.659156 1.449879
v 0.309356 0.299117 1.613711
v 0.816305 0.363674 1.340594
v 0.281955 0.680323 1.470778
v -0.301002 0.660652 1.570135
v -0.312245 0.292837 1.628785
v 0.281955 0.680323 1.470778
v -0.312245 0.292837 1.628785
v 0.309356 0.299117 1.613711
v -0.301002 0.660652 1.570135
v -0.906953 0.650629 1.489462
v -0.787089 0.385428 1.292614
v -0.301002 0.660652 1.570135
v -0.787089 0.385428 1.292614
v -0.312245 0.292837 1.628785
v -0.906953 0.650629 1.489462
v -1.334845 0.671921 1.155370
v -1.096036 0.453792 0.948669
v -0.906953 0.650629 1.489462
v -1.096036 0.453792 0.948669
v -0.787089 0.385428 1.292614
v -1.334845 0.671921 1.155370
v -1.684990 0.677126 0.812158
v -1.560740 0.397631 0.752270
v -1.334845 0.671921 1.155370
v -1.560740 0.397631 0.752270
v -1.096036 0.453792 0.948669
v -1.684990 0.677126 0.812158
v -2.173403 0.638590 0.478627
v -2.083624 0.299783 0.458855
v -1.684990 0.677126 0.812158
v -2.083624 0.299783 0.458855
v -1.560740 0.397631 0.752270
v -2.173403 0.638590 0.478627
v -2.468047 0.608771 0.000000
v -2.192095 0.293440 0.000000
v -2.173403 0.638590 0.478627
v -2.192095 0.293440 0.000000
v -2.083624 0.299783 0.458855
v -2.468047 0.608771 0.000000
v -2.166322 0.639674 -0.477067
v -1.904290 0.357596 -0.419362
v -2.468047 0.608771 0.000000
v -1.904290 0.357596 -0.419362
v -2.192095 0.293440 0.000000
v -2.166322 0.639674 -0.477067
v -1.593830 0.693052 -0.768219
v -1.622042 0.375091 -0.781817
v -2.166322 0.639674 -0.477067
v -1.622042 0.375091 -0.781817
v -1.904290 0.357596 -0.419362
v -1.593830 0.693052 -0.768219
v -1.228342 0.695824 -1.063186
v -1.340142 0.338489 -1.159955
v -1.593830 0.693052 -0.768219
v -1.340142 0.338489 -1.159955
v -1.622042 0.375091 -0.781817
v -1.228342 0.695824 -1.063186
v -0.901160 0.652678 -1.479948
v -0.838357 0.347254 -1.376810
v -1.228342 0.695824 -1.063186
v -0.838357 0.347254 -1.376810
v -1.340142 0.338489 -1.159955
v -0.901160 0.652678 -1.479948
v -0.329220 0.631511 -1.717331
v -0.257507 0.411811 -1.343248
v -0.901160 0.652678 -1.479948
v -0.257507 0.411811 -1.343248
v -0.838357 0.347254 -1.376810
v -0.329220 0.631511 -1.717331
v 0.310173 0.651181 -1.617974
v 0.254617 0.418091 -1.328175
v -0.329220 0.631511 -1.717331
v 0.254617 0.418091 -1.328175
v -0.257507 0.411811 -1.343248
v 0.310173 0.651181 -1.617974
v 0.877057 0.661205 -1.440366
v 0.867573 0.325499 -1.424791
v 0.310173 0.651181 -1.617974
v 0.867573 0.325499 -1.424791
v 0.254617 0.418091 -1.328175
v 0.877057 0.661205 -1.440366
v 1.477470 0.639912 -1.278819
v 1.512376 0.257135 -1.309032
v 0.877057 0.661205 -1.440366
v 1.512376 0.257135 -1.309032
v 0.867573 0.325499 -1.424791
v 1.477470 0.639912 -1.278819
v 1.927794 0.634707 -0.929189
v 1.790104 0.313296 -0.862822
v 1.477470 0.639912 -1.278819
v 1.790104 0.313296 -0.862822
v 1.512376 0.257135 -1.309032
v 1.927794 0.634707 -0.929189
v 1.947163 0.673244 -0.428804
v 1.738185 0.411145 -0.382783
v 1.927794 0.634707 -0.929189
v 1.738185 0.411145 -0.382783
v 1.790104 0.313296 -0.862822
v 1.947163 0.673244 -0.428804
v 1.826478 0.703063 0.000000
v 1.791060 0.417488 0.000000
v 1.947163 0.673244 -0.428804
v 1.791060 0.417488 0.000000
v 1.738185 0.411145 -0.382783
v 1.791060 0.417488 0.000000
v 1.917520 0.353331 0.422276
v 1.712233 0.062067 0.377068
v 1.791060 0.417488 0.000000
v 1.712233 0.062067 0.377068
v 1.871734 0.017620 0.000000
v 1.917520 0.353331 0.422276
v 1.728802 0.335837 0.833275
v 1.295937 0.186433 0.624636
v 1.917520 0.353331 0.422276
v 1.295937 0.186433 0.624636
v 1.712233 0.062067 0.377068
v 1.728802 0.335837 0.833275
v 1.268270 0.372438 1.097746
v 0.991796 0.199668 0.858445
v 1.728802 0.335837 0.833275
v 0.991796 0.199668 0.858445
v 1.295937 0.186433 0.624636
v 1.268270 0.372438 1.097746
v 0.816305 0.363674 1.340594
v 0.745104 0.057420 1.223662
v 1.268270 0.372438 1.097746
v 0.745104 0.057420 1.223662
v 0.991796 0.199668 0.858445
v 0.816305 0.363674 1.340594
v 0.309356 0.299117 1.613711
v 0.284404 -0.046939 1.483554
v 0.816305 0.363674 1.340594
v 0.284404 -0.046939 1.483554
v 0.745104 0.057420 1.223662
v 0.309356 0.299117 1.613711
v -0.312245 0.292837 1.628785
v -0.265450 0.020934 1.384685
v 0.309356 0.299117 1.613711
v -0.265450 0.020934 1.384685
v 0.284404 -0.046939 1.483554
v -0.312245 0.292837 1.628785
v -0.787089 0.385428 1.292614
v -0.680446 0.136741 1.117477
v -0.312245 0.292837 1.628785
v -0.680446 0.136741 1.117477
v -0.265450 0.020934 1.384685
v -0.787089 0.385428 1.292614
v -1.096036 0.453792 0.948669
v -1.073360 0.136193 0.929042
v -0.787089 0.385428 1.292614
v -1.073360 0.136193 0.929042
v -0.680446 0.136741 1.117477
v -1.096036 0.453792 0.948669
v -1.560740 0.397631 0.752270
v -1.483008 0.073107 0.714803
v -1.096036 0.453792 0.948669
v -1.483008 0.073107 0.714803
v -1.073360 0.136193 0.929042
v -1.560740 0.397631 0.752270
v -2.083624 0.299783 0.458855
v -1.658533 0.090589 0.365242
v -1.560740 0.397631 0.752270
v -1.658533 0.090589 0.365242
v -1.483008 0.073107 0.714803
v -2.083624 0.299783 0.458855
v -2.192095 0.293440 0.000000
v -1.609086 0.151471 0.000000
v -2.083624 0.299783 0.458855
v -1.609086 0.151471 0.000000
v -1.658533 0.090589 0.365242
v -2.192095 0.293440 0.000000
v -1.904290 0.357596 -0.419362
v -1.627590 0.107024 -0.358428
v -2.192095 0.293440 0.000000
v -1.627590 0.107024 -0.358428
v -1.609086 0.151471 0.000000
v -1.904290 0.357596 -0.419362
v -1.622042 0.375091 -0.781817
v -1.632316 -0.017342 -0.786769
v -1.904290 0.357596 -0.419362
v -1.632316 -0.017342 -0.786769
v -1.627590 0.107024 -0.358428
v -1.622042 0.375091 -0.781817
v -1.340142 0.338489 -1.159955
v -1.287657 -0.030576 -1.114527
v -1.622042 0.375091 -0.781817
v -1.287657 -0.030576 -1.114527
v -1.632316 -0.017342 -0.786769
v -1.340142 0.338489 -1.159955
v -0.838357 0.347254 -1.376810
v -0.700881 0.111671 -1.151037
v -1.340142 0.338489 -1.159955
v -0.700881 0.111671 -1.151037
v -1.287657 -0.030576 -1.114527
v -0.838357 0.347254 -1.376810
v -0.257507 0.411811 -1.343248
v -0.210969 0.216030 -1.100489
v -0.838357 0.347254 -1.376810
v -0.210969 0.216030 -1.100489
v -0.700881 0.111671 -1.151037
v -0.257507 0.411811 -1.343248
v 0.254617 0.418091 -1.328175
v 0.229922 0.148158 -1.199358
v -0.257507 0.411811 -1.343248
v 0.229922 0.148158 -1.199358
v -0.210969 0.216030 -1.100489
v 0.254617 0.418091 -1.328175
v 0.867573 0.325499 -1.424791
v 0.765539 0.032351 -1.257222
v 0.254617 0.418091 -1.328175
v 0.765539 0.032351 -1.257222
v 0.229922 0.148158 -1.199358
v 0.867573 0.325499 -1.424791
v 1.512376 0.257135 -1.309032
v 1.206093 0.032898 -1.043929
v 0.867573 0.325499 -1.424791
v 1.206093 0.032898 -1.043929
v 0.765539 0.032351 -1.257222
v 1.512376 0.257135 -1.309032
v 1.790104 0.313296 -0.862822
v 1.445245 0.095984 -0.696602
v 1.512376 0.257135 -1.309032
v 1.445245 0.095984 -0.696602
v 1.206093 0.032898 -1.043929
v 1.790104 0.313296 -0.862822
v 1.738185 0.411145 -0.382783
v 1.681290 0.078502 -0.370253
v 1.790104 0.313296 -0.862822
v 1.681290 0.078502 -0.370253
v 1.445245 0.095984 -0.696602
v 1.738185 0.411145 -0.382783
v 1.791060 0.417488 0.000000
v 1.871734 0.017620 0.000000
v 1.738185 0.411145 -0.382783
v 1.871734 0.017620 0.000000
v 1.681290 0.078502 -0.370253
v 1.871734 0.017620 0.000000
v 1.712233 0.062067 0.377068
v 1.336285 -0.133453 0.294276
v 1.871734 0.017620 0.000000
v 1.336285 -0.133453 0.294276
v 1.606726 -0.303261 0.000000
v 1.712233 0.062067 0.377068
v 1.295937 0.186433 0.624636
v 1.042701 -0.011877 0.502578
v 1.712233 0.062067 0.377068
v 1.042701 -0.011877 0.502578
v 1.336285 -0.133453 0.294276
v 1.295937 0.186433 0.624636
v 0.991796 0.199668 0.858445
v 0.868428 -0.080635 0.751664
v 1.295937 0.186433 0.624636
v 0.868428 -0.080635 0.751664
v 1.042701 -0.011877 0.502578
v 0.991796 0.199668 0.858445
v 0.745104 0.057420 1.223662
v 0.603035 -0.180220 0.990347
v 0.991796 0.199668 0.858445
v 0.603035 -0.180220 0.990347
v 0.868428 -0.080635 0.751664
v 0.745104 0.057420 1.223662
v 0.284404 -0.046939 1.483554
v 0.201495 -0.151816 1.051074
v 0.745104 0.057420 1.223662
v 0.201495 -0.151816 1.051074
v 0.603035 -0.180220 0.990347
v 0.284404 -0.046939 1.483554
v -0.265450 0.020934 1.384685
v -0.192459 -0.101437 1.003935
v 0.284404 -0.046939 1.483554
v -0.192459 -0.101437 1.003935
v 0.201495 -0.151816 1.051074
v -0.265450 0.020934 1.384685
v -0.680446 0.136741 1.117477
v -0.602149 -0.178528 0.988891
v -0.265450 0.020934 1.384685
v -0.602149 -0.178528 0.988891
v -0.192459 -0.101437 1.003935
v -0.680446 0.136741 1.117477
v -1.073360 0.136193 0.929042
v -1.029768 -0.276105 0.891312
v -0.680446 0.136741 1.117477
v -1.029768 -0.276105 0.891312
v -0.602149 -0.178528 0.988891
v -1.073360 0.136193 0.929042
v -1.483008 0.073107 0.714803
v -1.238822 -0.196839 0.597107
v -1.073360 0.136193 0.929042
v -1.238822 -0.196839 0.597107
v -1.029768 -0.276105 0.891312
v -1.483008 0.073107 0.714803
v -1.658533 0.090589 0.365242
v -1.189671 -0.012221 0.261989
v -1.483008 0.073107 0.714803
v -1.189671 -0.012221 0.261989
v -1.238822 -0.196839 0.597107
v -1.658533 0.090589 0.365242
v -1.609086 0.151471 0.000000
v -1.204877 0.015563 0.000000
v -1.658533 0.090589 0.365242
v -1.204877 0.015563 0.000000
v -1.189671 -0.012221 0.261989
v -1.609086 0.151471 0.000000
v -1.627590 0.107024 -0.358428
v -1.361429 -0.154245 -0.299814
v -1.609086 0.151471 0.000000
v -1.361429 -0.154245 -0.299814
v -1.204877 0.015563 0.000000
v -1.627590 0.107024 -0.358428
v -1.632316 -0.017342 -0.786769
v -1.322570 -0.275821 -0.637473
v -1.627590 0.107024 -0.358428
v -1.322570 -0.275821 -0.637473
v -1.361429 -0.154245 -0.299814
v -1.632316 -0.017342 -0.786769
v -1.287657 -0.030576 -1.114527
v -0.972781 -0.207063 -0.841986
v -1.632316 -0.017342 -0.786769
v -0.972781 -0.207063 -0.841986
v -1.322570 -0.275821 -0.637473
v -1.287657 -0.030576 -1.114527
v -0.700881 0.111671 -1.151037
v -0.564947 -0.107477 -0.927796
v -1.287657 -0.030576 -1.114527
v -0.564947 -0.107477 -0.927796
v -0.972781 -0.207063 -0.841986
v -0.700881 0.111671 -1.151037
v -0.210969 0.216030 -1.100489
v -0.198637 -0.135882 -1.036165
v -0.700881 0.111671 -1.151037
v -0.198637 -0.135882 -1.036165
v -0.564947 -0.107477 -0.927796
v -0.210969 0.216030 -1.100489
v 0.229922 0.148158 -1.199358
v 0.207674 -0.186261 -1.083304
v -0.210969 0.216030 -1.100489
v 0.207674 -0.186261 -1.083304
v -0.198637 -0.135882 -1.036165
v 0.229922 0.148158 -1.199358
v 0.765539 0.032351 -1.257222
v 0.565833 -0.109170 -0.929252
v 0.229922 0.148158 -1.199358
v 0.565833 -0.109170 -0.929252
v 0.207674 -0.186261 -1.083304
v 0.765539 0.032351 -1.257222
v 1.206093 0.032898 -1.043929
v 0.811440 -0.011593 -0.702339
v 0.765539 0.032351 -1.257222
v 0.811440 -0.011593 -0.702339
v 0.565833 -0.109170 -0.929252
v 1.206093 0.032898 -1.043929
v 1.445245 0.095984 -0.696602
v 1.126449 -0.090859 -0.542943
v 1.206093 0.032898 -1.043929
v 1.126449 -0.090859 -0.542943
v 0.811440 -0.011593 -0.702339
v 1.445245 0.095984 -0.696602
v 1.681290 0.078502 -0.370253
v 1.508042 -0.275477 -0.332101
v 1.445245 0.095984 -0.696602
v 1.508042 -0.275477 -0.332101
v 1.126449 -0.090859 -0.542943
v 1.681290 0.078502 -0.370253
v 1.871734 0.017620 0.000000
v 1.606726 -0.303261 0.000000
v 1.681290 0.078502 -0.370253
v 1.606726 -0.303261 0.000000
v 1.508042 -0.275477 -0.332101
v 1.606726 -0.303261 0.000000
v 1.336285 -0.133453 0.294276
v 0.944684 -0.294055 0.208038
v 1.606726 -0.303261 0.000000
v 0.944684 -0.294055 0.208038
v 1.027517 -0.349264 0.000000
v 1.336285 -0.133453 0.294276
v 1.042701 -0.011877 0.502578
v 0.880264 -0.373499 0.424283
v 1.336285 -0.133453 0.294276
v 0.880264 -0.373499 0.424283
v 0.944684 -0.294055 0.208038
v 1.042701 -0.011877 0.502578
v 0.868428 -0.080635 0.751664
v 0.705655 -0.413594 0.610777
v 1.042701 -0.011877 0.502578
v 0.705655 -0.413594 0.610777
v 0.880264 -0.373499 0.424283
v 0.868428 -0.080635 0.751664
v 0.603035 -0.180220 0.990347
v 0.401292 -0.270194 0.659031
v 0.868428 -0.080635 0.751664
v 0.401292 -0.270194 0.659031
v 0.705655 -0.413594 0.610777
v 0.603035 -0.180220 0.990347
v 0.201495 -0.151816 1.051074
v 0.121766 -0.128299 0.635178
v 0.603035 -0.180220 0.990347
v 0.121766 -0.128299 0.635178
v 0.401292 -0.270194 0.659031
v 0.201495 -0.151816 1.051074
v -0.192459 -0.101437 1.003935
v -0.132673 -0.226806 0.692070
v 0.201495 -0.151816 1.051074
v -0.132673 -0.226806 0.692070
v 0.121766 -0.128299 0.635178
v -0.192459 -0.101437 1.003935
v -0.602149 -0.178528 0.988891
v -0.459991 -0.451823 0.755431
v -0.192459 -0.101437 1.003935
v -0.459991 -0.451823 0.755431
v -0.132673 -0.226806 0.692070
v -0.602149 -0.178528 0.988891
v -1.029768 -0.276105 0.891312
v -0.746625 -0.494013 0.646239
v -0.602149 -0.178528 0.988891
v -0.746625 -0.494013 0.646239
v -0.459991 -0.451823 0.755431
v -1.029768 -0.276105 0.891312
v -1.238822 -0.196839 0.597107
v -0.849380 -0.326310 0.409397
v -1.029768 -0.276105 0.891312
v -0.849380 -0.326310 0.409397
v -0.746625 -0.494013 0.646239
v -1.238822 -0.196839 0.597107
v -1.189671 -0.012221 0.261989
v -0.888715 -0.219075 0.195713
v -1.238822 -0.196839 0.597107
v -0.888715 -0.219075 0.195713
v -0.849380 -0.326310 0.409397
v -1.189671 -0.012221 0.261989
v -1.204877 0.015563 0.000000
v -0.980071 -0.288276 0.000000
v -1.189671 -0.012221 0.261989
v -0.980071 -0.288276 0.000000
v -0.888715 -0.219075 0.195713
v -1.204877 0.015563 0.000000
v -1.361429 -0.154245 -0.299814
v -0.981582 -0.343485 -0.216164
v -1.204877 0.015563 0.000000
v -0.981582 -0.343485 -0.216164
v -0.980071 -0.288276 0.000000
v -1.361429 -0.154245 -0.299814
v -1.322570 -0.275821 -0.637473
v -0.808627 -0.264041 -0.389755
v -1.361429 -0.154245 -0.299814
v -0.808627 -0.264041 -0.389755
v -0.981582 -0.343485 -0.216164
v -1.322570 -0.275821 -0.637473
v -0.972781 -0.207063 -0.841986
v -0.609036 -0.223946 -0.527149
v -1.322570 -0.275821 -0.637473
v -0.609036 -0.223946 -0.527149
v -0.808627 -0.264041 -0.389755
v -0.972781 -0.207063 -0.841986
v -0.564947 -0.107477 -0.927796
v -0.432690 -0.367346 -0.710594
v -0.972781 -0.207063 -0.841986
v -0.432690 -0.367346 -0.710594
v -0.609036 -0.223946 -0.527149
v -0.564947 -0.107477 -0.927796
v -0.198637 -0.135882 -1.036165
v -0.163943 -0.509241 -0.855187
v -0.564947 -0.107477 -0.927796
v -0.163943 -0.509241 -0.855187
v -0.432690 -0.367346 -0.710594
v -0.198637 -0.135882 -1.036165
v 0.207674 -0.186261 -1.083304
v 0.153037 -0.410734 -0.798296
v -0.198637 -0.135882 -1.036165
v 0.153037 -0.410734 -0.798296
v -0.163943 -0.509241 -0.855187
v 0.207674 -0.186261 -1.083304
v 0.565833 -0.109170 -0.929252
v 0.373991 -0.185717 -0.614194
v 0.207674 -0.186261 -1.083304
v 0.373991 -0.185717 -0.614194
v 0.153037 -0.410734 -0.798296
v 0.565833 -0.109170 -0.929252
v 0.811440 -0.011593 -0.702339
v 0.568066 -0.143527 -0.491687
v 0.565833 -0.109170 -0.929252
v 0.568066 -0.143527 -0.491687
v 0.373991 -0.185717 -0.614194
v 0.811440 -0.011593 -0.702339
v 1.126449 -0.090859 -0.542943
v 0.839511 -0.311230 -0.404641
v 0.811440 -0.011593 -0.702339
v 0.839511 -0.311230 -0.404641
v 0.568066 -0.143527 -0.491687
v 1.126449 -0.090859 -0.542943
v 1.508042 -0.275477 -0.332101
v 1.037551 -0.418465 -0.228489
v 1.126449 -0.090859 -0.542943
v 1.037551 -0.418465 -0.228489
v 0.839511 -0.311230 -0.404641
v 1.508042 -0.275477 -0.332101
v 1.606726 -0.303261 0.000000
v 1.027517 -0.349264 0.000000
v 1.508042 -0.275477 -0.332101
v 1.027517 -0.349264 0.000000
v 1.037551 -0.418465 -0.228489
v 1.027517 -0.349264 0.000000
v 0.944684 -0.294055 0.208038
v 0.546227 -0.471437 0.120290
v 1.027517 -0.349264 0.000000
v 0.546227 -0.471437 0.120290
v 0.492472 -0.276739 0.000000
v 0.944684 -0.294055 0.208038
v 0.880264 -0.373499 0.424283
v 0.538683 -0.651515 0.259643
v 0.944684 -0.294055 0.208038
v 0.538683 -0.651515 0.259643
v 0.546227 -0.471437 0.120290
v 0.880264 -0.373499 0.424283
v 0.705655 -0.413594 0.610777
v 0.394194 -0.554229 0.341193
v 0.880264 -0.373499 0.424283
v 0.394194 -0.554229 0.341193
v 0.538683 -0.651515 0.259643
v 0.705655 -0.413594 0.610777
v 0.401292 -0.270194 0.659031
v 0.212318 -0.323952 0.348684
v 0.705655 -0.413594 0.610777
v 0.212318 -0.323952 0.348684
v 0.394194 -0.554229 0.341193
v 0.401292 -0.270194 0.659031
v 0.121766 -0.128299 0.635178
v 0.070272 -0.280056 0.366566
v 0.401292 -0.270194 0.659031
v 0.070272 -0.280056 0.366566
v 0.212318 -0.323952 0.348684
v 0.121766 -0.128299 0.635178
v -0.132673 -0.226806 0.692070
v -0.078202 -0.421286 0.407931
v 0.121766 -0.128299 0.635178
v -0.078202 -0.421286 0.407931
v 0.070272 -0.280056 0.366566
v -0.132673 -0.226806 0.692070
v -0.459991 -0.451823 0.755431
v -0.238017 -0.480751 0.390888
v -0.132673 -0.226806 0.692070
v -0.238017 -0.480751 0.390888
v -0.078202 -0.421286 0.407931
v -0.459991 -0.451823 0.755431
v -0.746625 -0.494013 0.646239
v -0.354540 -0.400746 0.306870
v -0.459991 -0.451823 0.755431
v -0.354540 -0.400746 0.306870
v -0.238017 -0.480751 0.390888
v -0.746625 -0.494013 0.646239
v -0.849380 -0.326310 0.409397
v -0.455588 -0.401156 0.219592
v -0.746625 -0.494013 0.646239
v -0.455588 -0.401156 0.219592
v -0.354540 -0.400746 0.306870
v -0.849380 -0.326310 0.409397
v -0.888715 -0.219075 0.195713
v -0.574159 -0.545223 0.126441
v -0.849380 -0.326310 0.409397
v -0.574159 -0.545223 0.126441
v -0.455588 -0.401156 0.219592
v -0.888715 -0.219075 0.195713
v -0.980071 -0.288276 0.000000
v -0.614851 -0.586924 0.000000
v -0.888715 -0.219075 0.195713
v -0.614851 -0.586924 0.000000
v -0.574159 -0.545223 0.126441
v -0.980071 -0.288276 0.000000
v -0.981582 -0.343485 -0.216164
v -0.516241 -0.392226 -0.113687
v -0.980071 -0.288276 0.000000
v -0.516241 -0.392226 -0.113687
v -0.614851 -0.586924 0.000000
v -0.981582 -0.343485 -0.216164
v -0.808627 -0.264041 -0.389755
v -0.392856 -0.212147 -0.189355
v -0.981582 -0.343485 -0.216164
v -0.392856 -0.212147 -0.189355
v -0.516241 -0.392226 -0.113687
v -0.808627 -0.264041 -0.389755
v -0.609036 -0.223946 -0.527149
v -0.330948 -0.309433 -0.286451
v -0.808627 -0.264041 -0.389755
v -0.330948 -0.309433 -0.286451
v -0.392856 -0.212147 -0.189355
v -0.609036 -0.223946 -0.527149
v -0.432690 -0.367346 -0.710594
v -0.247680 -0.539711 -0.406758
v -0.609036 -0.223946 -0.527149
v -0.247680 -0.539711 -0.406758
v -0.330948 -0.309433 -0.286451
v -0.432690 -0.367346 -0.710594
v -0.163943 -0.509241 -0.855187
v -0.087316 -0.583606 -0.455473
v -0.432690 -0.367346 -0.710594
v -0.087316 -0.583606 -0.455473
v -0.247680 -0.539711 -0.406758
v -0.163943 -0.509241 -0.855187
v 0.153037 -0.410734 -0.798296
v 0.079386 -0.442377 -0.414108
v -0.163943 -0.509241 -0.855187
v 0.079386 -0.442377 -0.414108
v -0.087316 -0.583606 -0.455473
v 0.153037 -0.410734 -0.798296
v 0.373991 -0.185717 -0.614194
v 0.221982 -0.382911 -0.364554
v 0.153037 -0.410734 -0.798296
v 0.221982 -0.382911 -0.364554
v 0.079386 -0.442377 -0.414108
v 0.373991 -0.185717 -0.614194
v 0.568066 -0.143527 -0.491687
v 0.370602 -0.462917 -0.320774
v 0.373991 -0.185717 -0.614194
v 0.370602 -0.462917 -0.320774
v 0.221982 -0.382911 -0.364554
v 0.568066 -0.143527 -0.491687
v 0.839511 -0.311230 -0.404641
v 0.475951 -0.462507 -0.229406
v 0.568066 -0.143527 -0.491687
v 0.475951 -0.462507 -0.229406
v 0.370602 -0.462917 -0.320774
v 0.839511 -0.311230 -0.404641
v 1.037551 -0.418465 -0.228489
v 0.488309 -0.318439 -0.107535
v 0.839511 -0.311230 -0.404641
v 0.488309 -0.318439 -0.107535
v 0.475951 -0.462507 -0.229406
v 1.037551 -0.418465 -0.228489
v 1.027517 -0.349264 0.000000
v 0.492472 -0.276739 0.000000
v 1.037551 -0.418465 -0.228489
v 0.492472 -0.276739 0.000000
v 0.488309 -0.318439 -0.107535
v 0.492472 -0.276739 0.000000
v 0.546227 -0.471437 0.120290
v 0.077450 -0.547934 0.017056
v 0.492472 -0.276739 0.000000
v 0.077450 -0.547934 0.017056
v 0.070233 -0.350536 0.000000
v 0.546227 -0.471437 0.120290
v 0.538683 -0.651515 0.259643
v 0.068952 -0.571331 0.033234
v 0.546227 -0.471437 0.120290
v 0.068952 -0.571331 0.033234
v 0.077450 -0.547934 0.017056
v 0.538683 -0.651515 0.259643
v 0.394194 -0.554229 0.341193
v 0.050026 -0.466458 0.043300
v 0.538683 -0.651515 0.259643
v 0.050026 -0.466458 0.043300
v 0.068952 -0.571331 0.033234
v 0.394194 -0.554229 0.341193
v 0.212318 -0.323952 0.348684
v 0.031959 -0.476646 0.052486
v 0.394194 -0.554229 0.341193
v 0.031959 -0.476646 0.052486
v 0.050026 -0.466458 0.043300
v 0.212318 -0.323952 0.348684
v 0.070272 -0.280056 0.366566
v 0.011742 -0.581638 0.061253
v 0.212318 -0.323952 0.348684
v 0.011742 -0.581638 0.061253
v 0.031959 -0.476646 0.052486
v 0.070272 -0.280056 0.366566
v -0.078202 -0.421286 0.407931
v -0.011384 -0.534255 0.059384
v 0.070272 -0.280056 0.366566
v -0.011384 -0.534255 0.059384
v 0.011742 -0.581638 0.061253
v -0.078202 -0.421286 0.407931
v -0.238017 -0.480751 0.390888
v -0.028738 -0.330704 0.047196
v -0.078202 -0.421286 0.407931
v -0.028738 -0.330704 0.047196
v -0.011384 -0.534255 0.059384
v -0.238017 -0.480751 0.390888
v -0.354540 -0.400746 0.306870
v -0.043393 -0.275807 0.037559
v -0.238017 -0.480751 0.390888
v -0.043393 -0.275807 0.037559
v -0.028738 -0.330704 0.047196
v -0.354540 -0.400746 0.306870
v -0.455588 -0.401156 0.219592
v -0.065349 -0.490728 0.031498
v -0.354540 -0.400746 0.306870
v -0.065349 -0.490728 0.031498
v -0.043393 -0.275807 0.037559
v -0.455588 -0.401156 0.219592
v -0.574159 -0.545223 0.126441
v -0.084513 -0.686498 0.018612
v -0.455588 -0.401156 0.219592
v -0.084513 -0.686498 0.018612
v -0.065349 -0.490728 0.031498
v -0.574159 -0.545223 0.126441
v -0.614851 -0.586924 0.000000
v -0.083735 -0.604688 0.000000
v -0.574159 -0.545223 0.126441
v -0.083735 -0.604688 0.000000
v -0.084513 -0.686498 0.018612
v -0.614851 -0.586924 0.000000
v -0.516241 -0.392226 -0.113687
v -0.070281 -0.407290 -0.015477
v -0.614851 -0.586924 0.000000
v -0.070281 -0.407290 -0.015477
v -0.083735 -0.604688 0.000000
v -0.516241 -0.392226 -0.113687
v -0.392856 -0.212147 -0.189355
v -0.060575 -0.383893 -0.029197
v -0.516241 -0.392226 -0.113687
v -0.060575 -0.383893 -0.029197
v -0.070281 -0.407290 -0.015477
v -0.392856 -0.212147 -0.189355
v -0.330948 -0.309433 -0.286451
v -0.050802 -0.488766 -0.043971
v -0.392856 -0.212147 -0.189355
v -0.050802 -0.488766 -0.043971
v -0.060575 -0.383893 -0.029197
v -0.330948 -0.309433 -0.286451
v -0.247680 -0.539711 -0.406758
v -0.032002 -0.478578 -0.052556
v -0.330948 -0.309433 -0.286451
v -0.032002 -0.478578 -0.052556
v -0.050802 -0.488766 -0.043971
v -0.247680 -0.539711 -0.406758
v -0.087316 -0.583606 -0.455473
v -0.010170 -0.373586 -0.053048
v -0.247680 -0.539711 -0.406758
v -0.010170 -0.373586 -0.053048
v -0.032002 -0.478578 -0.052556
v -0.087316 -0.583606 -0.455473
v 0.079386 -0.442377 -0.414108
v 0.010528 -0.420969 -0.054917
v -0.087316 -0.583606 -0.455473
v 0.010528 -0.420969 -0.054917
v -0.010170 -0.373586 -0.053048
v 0.079386 -0.442377 -0.414108
v 0.221982 -0.382911 -0.364554
v 0.035223 -0.624520 -0.057845
v 0.079386 -0.442377 -0.414108
v 0.035223 -0.624520 -0.057845
v 0.010528 -0.420969 -0.054917
v 0.221982 -0.382911 -0.364554
v 0.370602 -0.462917 -0.320774
v 0.057435 -0.679417 -0.049712
v 0.221982 -0.382911 -0.364554
v 0.057435 -0.679417 -0.049712
v 0.035223 -0.624520 -0.057845
v 0.370602 -0.462917 -0.320774
v 0.475951 -0.462507 -0.229406
v 0.064177 -0.464496 -0.030933
v 0.370602 -0.462917 -0.320774
v 0.064177 -0.464496 -0.030933
v 0.057435 -0.679417 -0.049712
v 0.475951 -0.462507 -0.229406
v 0.488309 -0.318439 -0.107535
v 0.063218 -0.268726 -0.013922
v 0.475951 -0.462507 -0.229406
v 0.063218 -0.268726 -0.013922
v 0.064177 -0.464496 -0.030933
v 0.488309 -0.318439 -0.107535
v 0.492472 -0.276739 0.000000
v 0.070233 -0.350536 0.000000
v 0.488309 -0.318439 -0.107535
v 0.070233 -0.350536 0.000000
v 0.063218 -0.268726 -0.013922
v -0.000000 2.420612 0.000000
v 0.084513 2.629498 0.018612
v 0.083735 2.547688 0.000000
v -0.000000 2.420612 0.000000
v 0.065349 2.433728 0.031498
v 0.084513 2.629498 0.018612
v -0.000000 2.420612 0.000000
v 0.043393 2.218807 0.037559
v 0.065349 2.433728 0.031498
v -0.000000 2.420612 0.000000
v 0.028738 2.273704 0.047196
v 0.043393 2.218807 0.037559
v -0.000000 2.420612 0.000000
v 0.011384 2.477255 0.059384
v 0.028738 2.273704 0.047196
v -0.000000 2.420612 0.000000
v -0.011742 2.524638 0.061253
v 0.011384 2.477255 0.059384
v -0.000000 2.420612 0.000000
v -0.031959 2.419646 0.052486
v -0.011742 2.524638 0.061253
v -0.000000 2.420612 0.000000
v -0.050026 2.409458 0.043300
v -0.031959 2.419646 0.052486
v -0.000000 2.420612 0.000000
v -0.068952 2.514331 0.033234
v -0.050026 2.409458 0.043300
v -0.000000 2.420612 0.000000
v -0.077450 2.490934 0.017056
v -0.068952 2.514331 0.033234
v -0.000000 2.420612 0.000000
v -0.070233 2.293536 0.000000
v -0.077450 2.490934 0.017056
v -0.000000 2.420612 0.000000
v -0.063218 2.211726 -0.013922
v -0.070233 2.293536 0.000000
v -0.000000 2.420612 0.000000
v -0.064177 2.407496 -0.030933
v -0.063218 2.211726 -0.013922
v -0.000000 2.420612 0.000000
v -0.057435 2.622417 -0.049712
v -0.064177 2.407496 -0.030933
v -0.000000 2.420612 0.000000
v -0.035223 2.567520 -0.057845
v -0.057435 2.622417 -0.049712
v -0.000000 2.420612 0.000000
v -0.010528 2.363969 -0.054917
v -0.035223 2.567520 -0.057845
v -0.000000 2.420612 0.000000
v 0.010170 2.316586 -0.053048
v -0.010528 2.363969 -0.054917
v -0.000000 2.420612 0.000000
v 0.032002 2.421578 -0.052556
v 0.010170 2.316586 -0.053048
v -0.000000 2.420612 0.000000
v 0.050802 2.431766 -0.043971
v 0.032002 2.421578 -0.052556
v -0.000000 2.420612 0.000000
v 0.060575 2.326893 -0.029197
v 0.050802 2.431766 -0.043971
v -0.000000 2.420612 0.000000
v 0.070281 2.350290 -0.015477
v 0.060575 2.326893 -0.029197
v -0.000000 2.420612 0.000000
v 0.083735 2.547688 0.000000
v 0.070281 2.350290 -0.015477
v -0.000000 -0.477612 0.000000
v 0.070233 -0.350536 0.000000
v 0.077450 -0.547934 0.017056
v -0.000000 -0.477612 0.000000
v 0.077450 -0.547934 0.017056
v 0.068952 -0.571331 0.033234
v -0.000000 -0.477612 0.000000
v 0.068952 -0.571331 0.033234
v 0.050026 -0.466458 0.043300
v -0.000000 -0.477612 0.000000
v 0.050026 -0.466458 0.043300
v 0.031959 -0.476646 0.052486
v -0.000000 -0.477612 0.000000
v 0.031959 -0.476646 0.052486
v 0.011742 -0.581638 0.061253
v -0.000000 -0.477612 0.000000
v 0.011742 -0.581638 0.061253
v -0.011384 -0.534255 0.059384
v -0.000000 -0.477612 0.000000
v -0.011384 -0.534255 0.059384
v -0.028738 -0.330704 0.047196
v -0.000000 -0.477612 0.000000
v -0.028738 -0.330704 0.047196
v -0.043393 -0.275807 0.037559
v -0.000000 -0.477612 0.000000
v -0.043393 -0.275807 0.037559
v -0.065349 -0.490728 0.031498
v -0.000000 -0.477612 0.000000
v -0.065349 -0.490728 0.031498
v -0.084513 -0.686498 0.018612
v -0.000000 -0.477612 0.000000
v -0.084513 -0.686498 0.018612
v -0.083735 -0.604688 0.000000
v -0.000000 -0.477612 0.000000
v -0.083735 -0.604688 0.000000
v -0.070281 -0.407290 -0.015477
v -0.000000 -0.477612 0.000000
v -0.070281 -0.407290 -0.015477
v -0.060575 -0.383893 -0.029197
v -0.000000 -0.477612 0.000000
v -0.060575 -0.383893 -0.029197
v -0.050802 -0.488766 -0.043971
v -0.000000 -0.477612 0.000000
v -0.050802 -0.488766 -0.043971
v -0.032002 -0.478578 -0.052556
v -0.000000 -0.477612 0.000000
v -0.032002 -0.478578 -0.052556
v -0.010170 -0.373586 -0.053048
v -0.000000 -0.477612 0.000000
v -0.010170 -0.373586 -0.053048
v 0.010528 -0.420969 -0.054917
v -0.000000 -0.477612 0.000000
v 0.010528 -0.420969 -0.054917
v 0.035223 -0.624520 -0.057845
v -0.000000 -0.477612 0.000000
v 0.035223 -0.624520 -0.057845
v 0.057435 -0.679417 -0.049712
v -0.000000 -0.477612 0.000000
v 0.057435 -0.679417 -0.049712
v 0.064177 -0.464496 -0.030933
v -0.000000 -0.477612 0.000000
v 0.064177 -0.464496 -0.030933
v 0.063218 -0.268726 -0.013922
v -0.000000 -0.477612 0.000000
v 0.063218 -0.268726 -0.013922
v 0.070233 -0.350536 0.000000
vn 0.267964 0.211292 -0.939974
vn 0.267964 0.211292 -0.939974
vn 0.267964 0.211292 -0.939974
vn 0.031645 0.946136 0.322219
vn 0.031645 0.946136 0.322219
vn 0.031645 0.946136 0.322219
vn -0.413288 0.100035 0.905089
vn -0.413288 0.100035 0.905089
vn -0.413288 0.100035 0.905089
vn -0.022608 0.555880 0.830955
vn -0.022608 0.555880 0.830955
vn -0.022608 0.555880 0.830955
vn -0.672105 0.089390 0.735040
vn -0.672105 0.089390 0.735040
vn -0.672105 0.089390 0.735040
vn 0.142257 0.975247 0.169282
vn 0.142257 0.975247 0.169282
vn 0.142257 0.975247 0.169282
vn 0.749278 0.303365 -0.588686
vn 0.749278 0.303365 -0.588686
vn 0.749278 0.303365 -0.588686
vn 0.156457 0.814524 -0.558635
vn 0.156457 0.814524 -0.558635
vn 0.156457 0.814524 -0.558635
vn 0.982990 0.093280 -0.158210
vn 0.982990 0.093280 -0.158210
vn 0.982990 0.093280 -0.158210
vn -0.359852 0.915381 -0.180512
vn -0.359852 0.915381 -0.180512
vn -0.359852 0.915381 -0.180512
vn 0.782171 0.361760 0.507284
vn 0.782171 0.361760 0.507284
vn 0.782171 0.361760 0.507284
vn -0.696307 0.632855 0.338603
vn -0.696307 0.632855 0.338603
vn -0.696307 0.632855 0.338603
vn -0.879361 0.205205 -0.429668
vn -0.879361 0.205205 -0.429668
vn -0.879361 0.205205 -0.429668
vn 0.125097 0.693758 0.709260
vn 0.125097 0.693758 0.709260
vn 0.125097 0.693758 0.709260
vn -0.218656 0.838211 -0.499592
vn -0.218656 0.838211 -0.499592
vn -0.218656 0.838211 -0.499592
vn 0.603467 0.496912 0.623623
vn 0.603467 0.496912 0.623623
vn 0.603467 0.496912 0.623623
vn 0.450991 0.165562 0.877039
vn 0.450991 0.165562 0.877039
vn 0.450991 0.165562 0.877039
vn 0.438399 0.862632 0.252334
vn 0.438399 0.862632 0.252334
vn 0.438399 0.862632 0.252334
vn -0.264045 0.611596 -0.745809
vn -0.264045 0.611596 -0.745809
vn -0.264045 0.611596 -0.745809
vn -0.263203 0.597295 -0.757604
vn -0.263203 0.597295 -0.757604
vn -0.263203 0.597295 -0.757604
vn -0.014949 0.085532 -0.996223
vn -0.014949 0.085532 -0.996223
vn -0.014949 0.085532 -0.996223
vn -0.261650 0.453982 -0.851728
vn -0.261650 0.453982 -0.851728
vn -0.261650 0.453982 -0.851728
vn 0.231761 0.182474 -0.955505
vn 0.231761 0.182474 -0.955505
vn 0.231761 0.182474 -0.955505
vn -0.161187 0.922249 0.351391
vn -0.161187 0.922249 0.351391
vn -0.161187 0.922249 0.351391
vn -0.433236 0.075915 0.898077
vn -0.433236 0.075915 0.898077
vn -0.433236 0.075915 0.898077
vn -0.090840 0.647702 0.756459
vn -0.090840 0.647702 0.756459
vn -0.090840 0.647702 0.756459
vn -0.684933 0.084719 0.723664
vn -0.684933 0.084719 0.723664
vn -0.684933 0.084719 0.723664
vn -0.004496 0.999990 -0.000696
vn -0.004496 0.999990 -0.000696
vn -0.004496 0.999990 -0.000696
vn 0.643258 0.360348 -0.675550
vn 0.643258 0.360348 -0.675550
vn 0.643258 0.360348 -0.675550
vn 0.153317 0.678133 -0.718769
vn 0.153317 0.678133 -0.718769
vn 0.153317 0.678133 -0.718769
vn 0.976752 0.115905 -0.180340
vn 0.976752 0.115905 -0.180340
vn 0.976752 0.115905 -0.180340
vn -0.462565 0.811330 -0.357460
vn -0.462565 0.811330 -0.357460
vn -0.462565 0.811330 -0.357460
vn 0.848354 0.384908 0.363511
vn 0.848354 0.384908 0.363511
vn 0.848354 0.384908 0.363511
vn -0.613726 0.772364 0.163687
vn -0.613726 0.772364 0.163687
vn -0.613726 0.772364 0.163687
vn -0.853676 0.179807 -0.488781
vn -0.853676 0.179807 -0.488781
vn -0.853676 0.179807 -0.488781
vn 0.095231 0.874898 0.474853
vn 0.095231 0.874898 0.474853
vn 0.095231 0.874898 0.474853
vn -0.099173 0.741825 -0.663219
vn -0.099173 0.741825 -0.663219
vn -0.099173 0.741825 -0.663219
vn 0.689645 0.515223 0.508857
vn 0.689645 0.515223 0.508857
vn 0.689645 0.515223 0.508857
vn 0.496572 0.166293 0.851917
vn 0.496572 0.166293 0.851917
vn 0.496572 0.166293 0.851917
vn 0.671901 0.691731 0.264682
vn 0.671901 0.691731 0.264682
vn 0.671901 0.691731 0.264682
vn -0.162146 0.548315 -0.820402
vn -0.162146 0.548315 -0.820402
vn -0.162146 0.548315 -0.820402
vn -0.168597 0.477788 -0.862145
vn -0.168597 0.477788 -0.862145
vn -0.168597 0.477788 -0.862145
vn 0.002609 0.077990 -0.996951
vn 0.002609 0.077990 -0.996951
vn 0.002609 0.077990 -0.996951
vn -0.160609 0.557097 -0.814768
vn -0.160609 0.557097 -0.814768
vn -0.160609 0.557097 -0.814768
vn 0.607802 0.675028 0.418227
vn 0.607802 0.675028 0.418227
vn 0.607802 0.675028 0.418227
vn 0.550143 0.672779 0.494683
vn 0.550143 0.672779 0.494683
vn 0.550143 0.672779 0.494683
vn -0.224674 0.652719 0.723519
vn -0.224674 0.652719 0.723519
vn -0.224674 0.652719 0.723519
vn 0.726258 0.658638 -0.196837
vn 0.726258 0.658638 -0.196837
vn 0.726258 0.658638 -0.196837
vn -0.118904 0.983952 -0.133041
vn -0.118904 0.983952 -0.133041
vn -0.118904 0.983952 -0.133041
vn 0.363594 0.827365 -0.428096
vn 0.363594 0.827365 -0.428096
vn 0.363594 0.827365 -0.428096
vn 0.449451 0.869541 -0.204676
vn 0.449451 0.869541 -0.204676
vn 0.449451 0.869541 -0.204676
vn -0.171848 0.982527 -0.071481
vn -0.171848 0.982527 -0.071481
vn -0.171848 0.982527 -0.071481
vn -0.229265 0.782190 0.579324
vn -0.229265 0.782190 0.579324
vn -0.229265 0.782190 0.579324
vn -0.570048 0.715486 0.403886
vn -0.570048 0.715486 0.403886
vn -0.570048 0.715486 0.403886
vn -0.703245 0.668233 0.242717
vn -0.703245 0.668233 0.242717
vn -0.703245 0.668233 0.242717
vn -0.404496 0.716699 0.568090
vn -0.404496 0.716699 0.568090
vn -0.404496 0.716699 0.568090
vn 0.245180 0.919085 0.308496
vn 0.245180 0.919085 0.308496
vn 0.245180 0.919085 0.308496
vn 0.424424 0.751084 0.505704
vn 0.424424 0.751084 0.505704
vn 0.424424 0.751084 0.505704
vn 0.485036 0.408244 0.773354
vn 0.485036 0.408244 0.773354
vn 0.485036 0.408244 0.773354
vn 0.349570 0.863938 0.362508
vn 0.349570 0.863938 0.362508
vn 0.349570 0.863938 0.362508
vn -0.073950 0.573859 0.815609
vn -0.073950 0.573859 0.815609
vn -0.073950 0.573859 0.815609
vn -0.330271 0.937731 0.107619
vn -0.330271 0.937731 0.107619
vn -0.330271 0.937731 0.107619
vn -0.410210 0.568826 -0.712857
vn -0.410210 0.568826 -0.712857
vn -0.410210 0.568826 -0.712857
vn -0.652664 0.753168 -0.082267
vn -0.652664 0.753168 -0.082267
vn -0.652664 0.753168 -0.082267
vn 0.073022 0.538715 -0.839317
vn 0.073022 0.538715 -0.839317
vn 0.073022 0.538715 -0.839317
vn -0.312803 0.879761 0.358015
vn -0.312803 0.879761 0.358015
vn -0.312803 0.879761 0.358015
vn 0.088948 0.927492 0.363107
vn 0.088948 0.927492 0.363107
vn 0.088948 0.927492 0.363107
vn 0.128859 0.950645 0.282258
vn 0.128859 0.950645 0.282258
vn 0.128859 0.950645 0.282258
vn -0.536919 0.571227 0.620820
vn -0.536919 0.571227 0.620820
vn -0.536919 0.571227 0.620820
vn 0.234388 0.924856 -0.299505
vn 0.234388 0.924856 -0.299505
vn 0.234388 0.924856 -0.299505
vn -0.510622 0.629242 -0.585935
vn -0.510622 0.629242 -0.585935
vn -0.510622 0.629242 -0.585935
vn 0.124585 0.608457 -0.783746
vn 0.124585 0.608457 -0.783746
vn 0.124585 0.608457 -0.783746
vn 0.184852 0.713320 -0.676021
vn 0.184852 0.713320 -0.676021
vn 0.184852 0.713320 -0.676021
vn -0.508130 0.628998 -0.588358
vn -0.508130 0.628998 -0.588358
vn -0.508130 0.628998 -0.588358
vn -0.385512 0.922700 -0.002091
vn -0.385512 0.922700 -0.002091
vn -0.385512 0.922700 -0.002091
vn -0.741535 0.666697 -0.075104
vn -0.741535 0.666697 -0.075104
vn -0.741535 0.666697 -0.075104
vn -0.660997 0.704706 -0.257823
vn -0.660997 0.704706 -0.257823
vn -0.660997 0.704706 -0.257823
vn -0.300139 0.953664 -0.021008
vn -0.300139 0.953664 -0.021008
vn -0.300139 0.953664 -0.021008
vn 0.335879 0.892289 -0.301670
vn 0.335879 0.892289 -0.301670
vn 0.335879 0.892289 -0.301670
vn 0.493682 0.867083 -0.066675
vn 0.493682 0.867083 -0.066675
vn 0.493682 0.867083 -0.066675
vn 0.643743 0.524092 0.557604
vn 0.643743 0.524092 0.557604
vn 0.643743 0.524092 0.557604
vn 0.651289 0.758091 -0.033483
vn 0.651289 0.758091 -0.033483
vn 0.651289 0.758091 -0.033483
vn 0.206521 0.753894 0.623693
vn 0.206521 0.753894 0.623693
vn 0.206521 0.753894 0.623693
vn 0.023076 0.950192 -0.310810
vn 0.023076 0.950192 -0.310810
vn 0.023076 0.950192 -0.310810
vn -0.143593 0.465380 -0.873386
vn -0.143593 0.465380 -0.873386
vn -0.143593 0.465380 -0.873386
vn -0.221964 0.951240 -0.214185
vn -0.221964 0.951240 -0.214185
vn -0.221964 0.951240 -0.214185
vn 0.297913 0.364322 -0.882336
vn 0.297913 0.364322 -0.882336
vn 0.297913 0.364322 -0.882336
vn 0.154307 0.957035 0.245508
vn 0.154307 0.957035 0.245508
vn 0.154307 0.957035 0.245508
vn 0.426451 0.771651 0.471906
vn 0.426451 0.771651 0.471906
vn 0.426451 0.771651 0.471906
vn 0.803778 0.594703 -0.016417
vn 0.803778 0.594703 -0.016417
vn 0.803778 0.594703 -0.016417
vn 0.439288 0.832729 -0.337028
vn 0.439288 0.832729 -0.337028
vn 0.439288 0.832729 -0.337028
vn 0.569654 0.681702 -0.459104
vn 0.569654 0.681702 -0.459104
vn 0.569654 0.681702 -0.459104
vn 0.696190 0.692685 -0.188433
vn 0.696190 0.692685 -0.188433
vn 0.696190 0.692685 -0.188433
vn 0.325514 0.945248 -0.023372
vn 0.325514 0.945248 -0.023372
vn 0.325514 0.945248 -0.023372
vn 0.167135 0.689203 0.705029
vn 0.167135 0.689203 0.705029
vn 0.167135 0.689203 0.705029
vn -0.014783 0.738688 0.673886
vn -0.014783 0.738688 0.673886
vn -0.014783 0.738688 0.673886
vn -0.570761 0.718149 0.398113
vn -0.570761 0.718149 0.398113
vn -0.570761 0.718149 0.398113
vn -0.088064 0.620118 0.779550
vn -0.088064 0.620118 0.779550
vn -0.088064 0.620118 0.779550
vn -0.335655 0.934666 -0.117197
vn -0.335655 0.934666 -0.117197
vn -0.335655 0.934666 -0.117197
vn 0.159336 0.926175 0.341776
vn 0.159336 0.926175 0.341776
vn 0.159336 0.926175 0.341776
vn 0.430863 0.769544 0.471338
vn 0.430863 0.769544 0.471338
vn 0.430863 0.769544 0.471338
vn 0.076763 0.996181 -0.041614
vn 0.076763 0.996181 -0.041614
vn 0.076763 0.996181 -0.041614
vn 0.030717 0.376732 0.925813
vn 0.030717 0.376732 0.925813
vn 0.030717 0.376732 0.925813
vn -0.371483 0.928081 0.025832
vn -0.371483 0.928081 0.025832
vn -0.371483 0.928081 0.025832
vn -0.701553 0.437003 0.562896
vn -0.701553 0.437003 0.562896
vn -0.701553 0.437003 0.562896
vn -0.756008 0.531342 0.382267
vn -0.756008 0.531342 0.382267
vn -0.756008 0.531342 0.382267
vn -0.409648 0.889011 -0.204569
vn -0.409648 0.889011 -0.204569
vn -0.409648 0.889011 -0.204569
vn -0.430070 0.371345 0.822887
vn -0.430070 0.371345 0.822887
vn -0.430070 0.371345 0.822887
vn -0.075917 0.955847 0.283888
vn -0.075917 0.955847 0.283888
vn -0.075917 0.955847 0.283888
vn -0.181354 0.770407 0.611216
vn -0.181354 0.770407 0.611216
vn -0.181354 0.770407 0.611216
vn -0.335796 0.897304 0.286508
vn -0.335796 0.897304 0.286508
vn -0.335796 0.897304 0.286508
vn -0.078726 0.991211 -0.106318
vn -0.078726 0.991211 -0.106318
vn -0.078726 0.991211 -0.106318
vn -0.217298 0.705978 -0.674075
vn -0.217298 0.705978 -0.674075
vn -0.217298 0.705978 -0.674075
vn -0.055536 0.699211 -0.712755
vn -0.055536 0.699211 -0.712755
vn -0.055536 0.699211 -0.712755
vn 0.212564 0.698650 -0.683158
vn 0.212564 0.698650 -0.683158
vn 0.212564 0.698650 -0.683158
vn -0.185038 0.683859 -0.705761
vn -0.185038 0.683859 -0.705761
vn -0.185038 0.683859 -0.705761
vn -0.257931 0.963095 -0.076937
vn -0.257931 0.963095 -0.076937
vn -0.257931 0.963095 -0.076937
vn -0.425746 0.901894 -0.072988
vn -0.425746 0.901894 -0.072988
vn -0.425746 0.901894 -0.072988
vn -0.789405 0.546687 -0.279238
vn -0.789405 0.546687 -0.279238
vn -0.789405 0.546687 -0.279238
vn -0.244719 0.965805 -0.085640
vn -0.244719 0.965805 -0.085640
vn -0.244719 0.965805 -0.085640
vn -0.280342 0.397475 -0.873740
vn -0.280342 0.397475 -0.873740
vn -0.280342 0.397475 -0.873740
vn 0.167121 0.758724 -0.629609
vn 0.167121 0.758724 -0.629609
vn 0.167121 0.758724 -0.629609
vn 0.593243 0.672179 -0.442988
vn 0.593243 0.672179 -0.442988
vn 0.593243 0.672179 -0.442988
vn 0.285997 0.439356 -0.851570
vn 0.285997 0.439356 -0.851570
vn 0.285997 0.439356 -0.851570
vn 0.343808 0.871176 0.350497
vn 0.343808 0.871176 0.350497
vn 0.343808 0.871176 0.350497
vn 0.004303 0.642590 -0.766198
vn 0.004303 0.642590 -0.766198
vn 0.004303 0.642590 -0.766198
vn -0.094691 0.984194 -0.149653
vn -0.094691 0.984194 -0.149653
vn -0.094691 0.984194 -0.149653
vn -0.096796 0.981621 -0.164473
vn -0.096796 0.981621 -0.164473
vn -0.096796 0.981621 -0.164473
vn 0.248625 0.762866 -0.596843
vn 0.248625 0.762866 -0.596843
vn 0.248625 0.762866 -0.596843
vn 0.133750 0.937223 0.322062
vn 0.133750 0.937223 0.322062
vn 0.133750 0.937223 0.322062
vn 0.794094 0.587538 0.155611
vn 0.794094 0.587538 0.155611
vn 0.794094 0.587538 0.155611
vn 0.457442 0.649896 0.606945
vn 0.457442 0.649896 0.606945
vn 0.457442 0.649896 0.606945
vn 0.232046 0.968601 -0.089251
vn 0.232046 0.968601 -0.089251
vn 0.232046 0.968601 -0.089251
vn 0.312443 0.929244 -0.197194
vn 0.312443 0.929244 -0.197194
vn 0.312443 0.929244 -0.197194
vn 0.760304 0.515346 -0.395419
vn 0.760304 0.515346 -0.395419
vn 0.760304 0.515346 -0.395419
vn 0.202756 0.977799 0.052909
vn 0.202756 0.977799 0.052909
vn 0.202756 0.977799 0.052909
vn 0.824535 0.137406 0.548873
vn 0.824535 0.137406 0.548873
vn 0.824535 0.137406 0.548873
vn 0.298488 0.595270 0.746028
vn 0.298488 0.595270 0.746028
vn 0.298488 0.595270 0.746028
vn 0.116271 0.399717 0.909235
vn 0.116271 0.399717 0.909235
vn 0.116271 0.399717 0.909235
vn 0.428770 0.127184 0.894416
vn 0.428770 0.127184 0.894416
vn 0.428770 0.127184 0.894416
vn -0.162843 0.929810 0.330052
vn -0.162843 0.929810 0.330052
vn -0.162843 0.929810 0.330052
vn 0.570703 0.427649 0.701009
vn 0.570703 0.427649 0.701009
vn 0.570703 0.427649 0.701009
vn 0.153075 0.953259 0.260511
vn 0.153075 0.953259 0.260511
vn 0.153075 0.953259 0.260511
vn 0.166018 0.947655 0.272743
vn 0.166018 0.947655 0.272743
vn 0.166018 0.947655 0.272743
vn -0.054611 0.715971 0.695991
vn -0.054611 0.715971 0.695991
vn -0.054611 0.715971 0.695991
vn -0.307106 0.936681 0.168272
vn -0.307106 0.936681 0.168272
vn -0.307106 0.936681 0.168272
vn -0.674668 0.502795 0.540388
vn -0.674668 0.502795 0.540388
vn -0.674668 0.502795 0.540388
vn -0.718960 0.655824 0.230198
vn -0.718960 0.655824 0.230198
vn -0.718960 0.655824 0.230198
vn -0.557408 0.813596 0.165403
vn -0.557408 0.813596 0.165403
vn -0.557408 0.813596 0.165403
vn -0.516375 0.493799 0.699656
vn -0.516375 0.493799 0.699656
vn -0.516375 0.493799 0.699656
vn -0.206245 0.690249 0.693555
vn -0.206245 0.690249 0.693555
vn -0.206245 0.690249 0.693555
vn -0.206245 0.690247 0.693557
vn -0.206245 0.690247 0.693557
vn -0.206245 0.690247 0.693557
vn -0.524888 0.433493 0.732514
vn -0.524888 0.433493 0.732514
vn -0.524888 0.433493 0.732514
vn -0.396461 0.877112 0.271095
vn -0.396461 0.877112 0.271095
vn -0.396461 0.877112 0.271095
vn -0.847188 0.445792 -0.289037
vn -0.847188 0.445792 -0.289037
vn -0.847188 0.445792 -0.289037
vn -0.689281 0.569261 -0.448145
vn -0.689281 0.569261 -0.448145
vn -0.689281 0.569261 -0.448145
vn -0.060790 0.693838 -0.717560
vn -0.060790 0.693838 -0.717560
vn -0.060790 0.693838 -0.717560
vn -0.726627 0.414673 -0.547777
vn -0.726627 0.414673 -0.547777
vn -0.726627 0.414673 -0.547777
vn 0.112558 0.960335 -0.255122
vn 0.112558 0.960335 -0.255122
vn 0.112558 0.960335 -0.255122
vn -0.446427 0.882652 -0.147068
vn -0.446427 0.882652 -0.147068
vn -0.446427 0.882652 -0.147068
vn -0.451263 0.885894 -0.107487
vn -0.451263 0.885894 -0.107487
vn -0.451263 0.885894 -0.107487
vn -0.041061 0.995765 -0.082255
vn -0.041061 0.995765 -0.082255
vn -0.041061 0.995765 -0.082255
vn -0.431687 0.321228 -0.842887
vn -0.431687 0.321228 -0.842887
vn -0.431687 0.321228 -0.842887
vn 0.234240 0.832601 -0.501903
vn 0.234240 0.832601 -0.501903
vn 0.234240 0.832601 -0.501903
vn 0.135631 0.182740 -0.973761
vn 0.135631 0.182740 -0.973761
vn 0.135631 0.182740 -0.973761
vn 0.252641 0.302173 -0.919165
vn 0.252641 0.302173 -0.919165
vn 0.252641 0.302173 -0.919165
vn 0.237451 0.761567 -0.603020
vn 0.237451 0.761567 -0.603020
vn 0.237451 0.761567 -0.603020
vn -0.137562 0.173429 -0.975192
vn -0.137562 0.173429 -0.975192
vn -0.137562 0.173429 -0.975192
vn -0.069364 0.798888 -0.597467
vn -0.069364 0.798888 -0.597467
vn -0.069364 0.798888 -0.597467
vn -0.117413 0.672004 -0.731180
vn -0.117413 0.672004 -0.731180
vn -0.117413 0.672004 -0.731180
vn 0.256172 0.695015 -0.671811
vn 0.256172 0.695015 -0.671811
vn 0.256172 0.695015 -0.671811
vn 0.286989 0.920661 -0.264613
vn 0.286989 0.920661 -0.264613
vn 0.286989 0.920661 -0.264613
vn 0.709181 0.685406 0.165170
vn 0.709181 0.685406 0.165170
vn 0.709181 0.685406 0.165170
vn 0.684146 0.698364 0.210314
vn 0.684146 0.698364 0.210314
vn 0.684146 0.698364 0.210314
vn 0.260690 0.775325 0.575249
vn 0.260690 0.775325 0.575249
vn 0.260690 0.775325 0.575249
vn 0.708855 0.694595 0.122728
vn 0.708855 0.694595 0.122728
vn 0.708855 0.694595 0.122728
vn 0.468269 0.859094 -0.206597
vn 0.468269 0.859094 -0.206597
vn 0.468269 0.859094 -0.206597
vn 0.236029 0.969279 0.069195
vn 0.236029 0.969279 0.069195
vn 0.236029 0.969279 0.069195
vn 0.868748 0.256967 0.423372
vn 0.868748 0.256967 0.423372
vn 0.868748 0.256967 0.423372
vn 0.221294 0.735991 0.639802
vn 0.221294 0.735991 0.639802
vn 0.221294 0.735991 0.639802
vn 0.451105 0.087098 0.888211
vn 0.451105 0.087098 0.888211
vn 0.451105 0.087098 0.888211
vn 0.362260 0.192070 0.912073
vn 0.362260 0.192070 0.912073
vn 0.362260 0.192070 0.912073
vn 0.333606 0.634238 0.697459
vn 0.333606 0.634238 0.697459
vn 0.333606 0.634238 0.697459
vn 0.749865 0.094010 0.654878
vn 0.749865 0.094010 0.654878
vn 0.749865 0.094010 0.654878
vn 0.541972 0.611148 0.576858
vn 0.541972 0.611148 0.576858
vn 0.541972 0.611148 0.576858
vn 0.527275 0.628670 0.571625
vn 0.527275 0.628670 0.571625
vn 0.527275 0.628670 0.571625
vn 0.206445 0.331380 0.920634
vn 0.206445 0.331380 0.920634
vn 0.206445 0.331380 0.920634
vn -0.024814 0.665464 0.746017
vn -0.024814 0.665464 0.746017
vn -0.024814 0.665464 0.746017
vn -0.516967 0.407595 0.752736
vn -0.516967 0.407595 0.752736
vn -0.516967 0.407595 0.752736
vn -0.479301 0.339034 0.809522
vn -0.479301 0.339034 0.809522
vn -0.479301 0.339034 0.809522
vn -0.518866 0.854675 0.017591
vn -0.518866 0.854675 0.017591
vn -0.518866 0.854675 0.017591
vn -0.438308 0.407743 0.801019
vn -0.438308 0.407743 0.801019
vn -0.438308 0.407743 0.801019
vn -0.183407 0.938757 0.291714
vn -0.183407 0.938757 0.291714
vn -0.183407 0.938757 0.291714
vn -0.178079 0.883911 0.432423
vn -0.178079 0.883911 0.432423
vn -0.178079 0.883911 0.432423
vn -0.378740 0.396724 0.836162
vn -0.378740 0.396724 0.836162
vn -0.378740 0.396724 0.836162
vn -0.285645 0.954048 0.090549
vn -0.285645 0.954048 0.090549
vn -0.285645 0.954048 0.090549
vn -0.912840 -0.184166 0.364426
vn -0.912840 -0.184166 0.364426
vn -0.912840 -0.184166 0.364426
vn -0.797727 0.513069 -0.316847
vn -0.797727 0.513069 -0.316847
vn -0.797727 0.513069 -0.316847
vn -0.865588 0.165848 -0.472496
vn -0.865588 0.165848 -0.472496
vn -0.865588 0.165848 -0.472496
vn -0.970957 -0.195891 -0.137367
vn -0.970957 -0.195891 -0.137367
vn -0.970957 -0.195891 -0.137367
vn -0.386610 0.862761 -0.325849
vn -0.386610 0.862761 -0.325849
vn -0.386610 0.862761 -0.325849
vn -0.977018 0.161887 0.138667
vn -0.977018 0.161887 0.138667
vn -0.977018 0.161887 0.138667
vn -0.479356 0.860236 -0.173813
vn -0.479356 0.860236 -0.173813
vn -0.479356 0.860236 -0.173813
vn -0.461758 0.868955 -0.178036
vn -0.461758 0.868955 -0.178036
vn -0.461758 0.868955 -0.178036
vn -0.363211 0.554437 -0.748784
vn -0.363211 0.554437 -0.748784
vn -0.363211 0.554437 -0.748784
vn -0.029598 0.779766 -0.625371
vn -0.029598 0.779766 -0.625371
vn -0.029598 0.779766 -0.625371
vn 0.185035 0.409411 -0.893389
vn 0.185035 0.409411 -0.893389
vn 0.185035 0.409411 -0.893389
vn 0.203699 0.431456 -0.878836
vn 0.203699 0.431456 -0.878836
vn 0.203699 0.431456 -0.878836
vn 0.249294 0.776623 -0.578540
vn 0.249294 0.776623 -0.578540
vn 0.249294 0.776623 -0.578540
vn -0.031824 0.432839 -0.900909
vn -0.031824 0.432839 -0.900909
vn -0.031824 0.432839 -0.900909
vn -0.208857 0.610381 -0.764077
vn -0.208857 0.610381 -0.764077
vn -0.208857 0.610381 -0.764077
vn -0.121408 0.761142 -0.637120
vn -0.121408 0.761142 -0.637120
vn -0.121408 0.761142 -0.637120
vn 0.031037 0.126456 -0.991487
vn 0.031037 0.126456 -0.991487
vn 0.031037 0.126456 -0.991487
vn 0.254787 0.742447 -0.619562
vn 0.254787 0.742447 -0.619562
vn 0.254787 0.742447 -0.619562
vn 0.688313 -0.027167 -0.724905
vn 0.688313 -0.027167 -0.724905
vn 0.688313 -0.027167 -0.724905
vn 0.796476 0.184161 -0.575943
vn 0.796476 0.184161 -0.575943
vn 0.796476 0.184161 -0.575943
vn 0.681253 0.700969 0.211038
vn 0.681253 0.700969 0.211038
vn 0.681253 0.700969 0.211038
vn 0.789341 -0.028404 -0.613298
vn 0.789341 -0.028404 -0.613298
vn 0.789341 -0.028404 -0.613298
vn 0.234540 0.963165 0.131546
vn 0.234540 0.963165 0.131546
vn 0.234540 0.963165 0.131546
vn 0.532081 0.702500 -0.472635
vn 0.532081 0.702500 -0.472635
vn 0.532081 0.702500 -0.472635
vn 0.938413 0.261823 0.225455
vn 0.938413 0.261823 0.225455
vn 0.938413 0.261823 0.225455
vn 0.671930 0.588016 0.450274
vn 0.671930 0.588016 0.450274
vn 0.671930 0.588016 0.450274
vn 0.404432 0.359942 0.840760
vn 0.404432 0.359942 0.840760
vn 0.404432 0.359942 0.840760
vn 0.543132 0.191627 0.817488
vn 0.543132 0.191627 0.817488
vn 0.543132 0.191627 0.817488
vn 0.167938 0.768697 0.617172
vn 0.167938 0.768697 0.617172
vn 0.167938 0.768697 0.617172
vn 0.637917 0.421665 0.644407
vn 0.637917 0.421665 0.644407
vn 0.637917 0.421665 0.644407
vn 0.639310 0.623251 0.450378
vn 0.639310 0.623251 0.450378
vn 0.639310 0.623251 0.450378
vn 0.376796 0.820281 0.430307
vn 0.376796 0.820281 0.430307
vn 0.376796 0.820281 0.430307
vn 0.552127 -0.147719 0.820570
vn 0.552127 -0.147719 0.820570
vn 0.552127 -0.147719 0.820570
vn 0.093423 0.620291 0.778788
vn 0.093423 0.620291 0.778788
vn 0.093423 0.620291 0.778788
vn -0.019131 -0.352224 0.935720
vn -0.019131 -0.352224 0.935720
vn -0.019131 -0.352224 0.935720
vn -0.161157 -0.150599 0.975371
vn -0.161157 -0.150599 0.975371
vn -0.161157 -0.150599 0.975371
vn -0.473947 0.397367 0.785795
vn -0.473947 0.397367 0.785795
vn -0.473947 0.397367 0.785795
vn -0.044950 -0.353559 0.934332
vn -0.044950 -0.353559 0.934332
vn -0.044950 -0.353559 0.934332
vn -0.261546 0.850647 0.456063
vn -0.261546 0.850647 0.456063
vn -0.261546 0.850647 0.456063
vn -0.082191 0.361946 0.928569
vn -0.082191 0.361946 0.928569
vn -0.082191 0.361946 0.928569
vn -0.329943 0.668026 0.666993
vn -0.329943 0.668026 0.666993
vn -0.329943 0.668026 0.666993
vn -0.344565 0.862475 0.370691
vn -0.344565 0.862475 0.370691
vn -0.344565 0.862475 0.370691
vn -0.904629 0.114614 0.410499
vn -0.904629 0.114614 0.410499
vn -0.904629 0.114614 0.410499
vn -0.726691 0.669821 -0.152512
vn -0.726691 0.669821 -0.152512
vn -0.726691 0.669821 -0.152512
vn -0.946304 0.117363 -0.301222
vn -0.946304 0.117363 -0.301222
vn -0.946304 0.117363 -0.301222
vn -0.951593 0.102258 -0.289852
vn -0.951593 0.102258 -0.289852
vn -0.951593 0.102258 -0.289852
vn -0.770007 0.630785 -0.095911
vn -0.770007 0.630785 -0.095911
vn -0.770007 0.630785 -0.095911
vn -0.953670 0.118277 0.276631
vn -0.953670 0.118277 0.276631
vn -0.953670 0.118277 0.276631
vn -0.917847 0.357650 0.172171
vn -0.917847 0.357650 0.172171
vn -0.917847 0.357650 0.172171
vn -0.783268 0.621437 0.017541
vn -0.783268 0.621437 0.017541
vn -0.783268 0.621437 0.017541
vn -0.836239 -0.118519 -0.535404
vn -0.836239 -0.118519 -0.535404
vn -0.836239 -0.118519 -0.535404
vn -0.561580 0.391133 -0.729139
vn -0.561580 0.391133 -0.729139
vn -0.561580 0.391133 -0.729139
vn -0.171288 0.050488 -0.983927
vn -0.171288 0.050488 -0.983927
vn -0.171288 0.050488 -0.983927
vn -0.261821 -0.099647 -0.959959
vn -0.261821 -0.099647 -0.959959
vn -0.261821 -0.099647 -0.959959
vn 0.212341 0.741174 -0.636845
vn 0.212341 0.741174 -0.636845
vn 0.212341 0.741174 -0.636845
vn -0.299409 0.052658 -0.952671
vn -0.299409 0.052658 -0.952671
vn -0.299409 0.052658 -0.952671
vn -0.025552 0.859856 -0.509896
vn -0.025552 0.859856 -0.509896
vn -0.025552 0.859856 -0.509896
vn -0.118681 0.784706 -0.608400
vn -0.118681 0.784706 -0.608400
vn -0.118681 0.784706 -0.608400
vn -0.088439 0.302314 -0.949097
vn -0.088439 0.302314 -0.949097
vn -0.088439 0.302314 -0.949097
vn 0.223301 0.858602 -0.461453
vn 0.223301 0.858602 -0.461453
vn 0.223301 0.858602 -0.461453
vn 0.376743 -0.350117 -0.857603
vn 0.376743 -0.350117 -0.857603
vn 0.376743 -0.350117 -0.857603
vn 0.755612 0.343673 -0.557620
vn 0.755612 0.343673 -0.557620
vn 0.755612 0.343673 -0.557620
vn 0.793539 -0.096107 -0.600882
vn 0.793539 -0.096107 -0.600882
vn 0.793539 -0.096107 -0.600882
vn 0.583349 -0.377298 -0.719271
vn 0.583349 -0.377298 -0.719271
vn 0.583349 -0.377298 -0.719271
vn 0.587238 0.645426 -0.488443
vn 0.587238 0.645426 -0.488443
vn 0.587238 0.645426 -0.488443
vn 0.457720 -0.078488 -0.885625
vn 0.457720 -0.078488 -0.885625
vn 0.457720 -0.078488 -0.885625
vn 0.640380 0.560406 -0.525222
vn 0.640380 0.560406 -0.525222
vn 0.640380 0.560406 -0.525222
vn 0.615105 0.659717 -0.431763
vn 0.615105 0.659717 -0.431763
vn 0.615105 0.659717 -0.431763
vn 0.799207 -0.376486 0.468537
vn 0.799207 -0.376486 0.468537
vn 0.799207 -0.376486 0.468537
vn 0.770941 -0.569704 0.284759
vn 0.770941 -0.569704 0.284759
vn 0.770941 -0.569704 0.284759
vn 0.410355 0.616328 0.672123
vn 0.410355 0.616328 0.672123
vn 0.410355 0.616328 0.672123
vn 0.899607 -0.392849 0.190726
vn 0.899607 -0.392849 0.190726
vn 0.899607 -0.392849 0.190726
vn 0.448334 0.774857 0.445638
vn 0.448334 0.774857 0.445638
vn 0.448334 0.774857 0.445638
vn 0.606624 0.677452 0.416013
vn 0.606624 0.677452 0.416013
vn 0.606624 0.677452 0.416013
vn 0.609627 0.194840 0.768370
vn 0.609627 0.194840 0.768370
vn 0.609627 0.194840 0.768370
vn 0.153115 0.701739 0.695786
vn 0.153115 0.701739 0.695786
vn 0.153115 0.701739 0.695786
vn 0.125398 -0.445297 0.886558
vn 0.125398 -0.445297 0.886558
vn 0.125398 -0.445297 0.886558
vn -0.183484 0.147079 0.971958
vn -0.183484 0.147079 0.971958
vn -0.183484 0.147079 0.971958
vn -0.159299 -0.181013 0.970494
vn -0.159299 -0.181013 0.970494
vn -0.159299 -0.181013 0.970494
vn 0.000000 -0.439302 0.898339
vn 0.000000 -0.439302 0.898339
vn 0.000000 -0.439302 0.898339
vn -0.022913 0.293216 0.955772
vn -0.022913 0.293216 0.955772
vn -0.022913 0.293216 0.955772
vn 0.182839 -0.168800 0.968543
vn 0.182839 -0.168800 0.968543
vn 0.182839 -0.168800 0.968543
vn -0.106631 0.079192 0.991140
vn -0.106631 0.079192 0.991140
vn -0.106631 0.079192 0.991140
vn -0.203795 0.317543 0.926085
vn -0.203795 0.317543 0.926085
vn -0.203795 0.317543 0.926085
vn -0.653346 -0.245961 0.715990
vn -0.653346 -0.245961 0.715990
vn -0.653346 -0.245961 0.715990
vn -0.819942 0.107283 0.562304
vn -0.819942 0.107283 0.562304
vn -0.819942 0.107283 0.562304
vn -0.958556 0.248834 -0.138753
vn -0.958556 0.248834 -0.138753
vn -0.958556 0.248834 -0.138753
vn -0.945473 -0.256712 0.200450
vn -0.945473 -0.256712 0.200450
vn -0.945473 -0.256712 0.200450
vn -0.568546 0.791114 -0.225598
vn -0.568546 0.791114 -0.225598
vn -0.568546 0.791114 -0.225598
vn -0.905171 0.262456 0.334339
vn -0.905171 0.262456 0.334339
vn -0.905171 0.262456 0.334339
vn -0.774407 0.577640 0.258121
vn -0.774407 0.577640 0.258121
vn -0.774407 0.577640 0.258121
vn -0.583521 0.811951 -0.015434
vn -0.583521 0.811951 -0.015434
vn -0.583521 0.811951 -0.015434
vn -0.896798 -0.437125 -0.068377
vn -0.896798 -0.437125 -0.068377
vn -0.896798 -0.437125 -0.068377
vn -0.552489 0.555000 -0.621877
vn -0.552489 0.555000 -0.621877
vn -0.552489 0.555000 -0.621877
vn -0.478861 -0.633903 -0.607338
vn -0.478861 -0.633903 -0.607338
vn -0.478861 -0.633903 -0.607338
vn -0.406111 -0.379331 -0.831373
vn -0.406111 -0.379331 -0.831373
vn -0.406111 -0.379331 -0.831373
vn -0.257281 0.061766 -0.964361
vn -0.257281 0.061766 -0.964361
vn -0.257281 0.061766 -0.964361
vn -0.528358 -0.638848 -0.559205
vn -0.528358 -0.638848 -0.559205
vn -0.528358 -0.638848 -0.559205
vn -0.251354 0.587631 -0.769098
vn -0.251354 0.587631 -0.769098
vn -0.251354 0.587631 -0.769098
vn -0.590000 0.064140 -0.804852
vn -0.590000 0.064140 -0.804852
vn -0.590000 0.064140 -0.804852
vn -0.154472 0.345164 -0.925743
vn -0.154472 0.345164 -0.925743
vn -0.154472 0.345164 -0.925743
vn -0.000000 0.583773 -0.811917
vn -0.000000 0.583773 -0.811917
vn -0.000000 0.583773 -0.811917
vn 0.379504 -0.081298 -0.921611
vn 0.379504 -0.081298 -0.921611
vn 0.379504 -0.081298 -0.921611
vn 0.557274 0.333959 -0.760209
vn 0.557274 0.333959 -0.760209
vn 0.557274 0.333959 -0.760209
vn 0.781947 0.187570 -0.594455
vn 0.781947 0.187570 -0.594455
vn 0.781947 0.187570 -0.594455
vn 0.684546 -0.080497 -0.724512
vn 0.684546 -0.080497 -0.724512
vn 0.684546 -0.080497 -0.724512
vn 0.528545 0.533981 -0.659927
vn 0.528545 0.533981 -0.659927
vn 0.528545 0.533981 -0.659927
vn 0.432270 0.173354 -0.884924
vn 0.432270 0.173354 -0.884924
vn 0.432270 0.173354 -0.884924
vn 0.449913 0.040785 -0.892141
vn 0.449913 0.040785 -0.892141
vn 0.449913 0.040785 -0.892141
vn 0.557843 0.542724 -0.627903
vn 0.557843 0.542724 -0.627903
vn 0.557843 0.542724 -0.627903
vn 0.727812 -0.537833 -0.425471
vn 0.727812 -0.537833 -0.425471
vn 0.727812 -0.537833 -0.425471
vn 0.997645 0.063316 -0.026388
vn 0.997645 0.063316 -0.026388
vn 0.997645 0.063316 -0.026388
vn 0.905171 -0.262456 0.334339
vn 0.905171 -0.262456 0.334339
vn 0.905171 -0.262456 0.334339
vn 0.568546 -0.791114 -0.225598
vn 0.568546 -0.791114 -0.225598
vn 0.568546 -0.791114 -0.225598
vn 0.945473 0.256712 0.200450
vn 0.945473 0.256712 0.200450
vn 0.945473 0.256712 0.200450
vn 0.958556 -0.248834 -0.138753
vn 0.958556 -0.248834 -0.138753
vn 0.958556 -0.248834 -0.138753
vn 0.819942 -0.107283 0.562304
vn 0.819942 -0.107283 0.562304
vn 0.819942 -0.107283 0.562304
vn 0.653346 0.245961 0.715990
vn 0.653346 0.245961 0.715990
vn 0.653346 0.245961 0.715990
vn 0.203795 -0.317543 0.926085
vn 0.203795 -0.317543 0.926085
vn 0.203795 -0.317543 0.926085
vn 0.106631 -0.079192 0.991140
vn 0.106631 -0.079192 0.991140
vn 0.106631 -0.079192 0.991140
vn -0.182839 0.168800 0.968543
vn -0.182839 0.168800 0.968543
vn -0.182839 0.168800 0.968543
vn 0.022913 -0.293216 0.955772
vn 0.022913 -0.293216 0.955772
vn 0.022913 -0.293216 0.955772
vn 0.000000 0.439302 0.898339
vn 0.000000 0.439302 0.898339
vn 0.000000 0.439302 0.898339
vn 0.159299 0.181013 0.970494
vn 0.159299 0.181013 0.970494
vn 0.159299 0.181013 0.970494
vn 0.183484 -0.147079 0.971958
vn 0.183484 -0.147079 0.971958
vn 0.183484 -0.147079 0.971958
vn -0.125398 0.445297 0.886558
vn -0.125398 0.445297 0.886558
vn -0.125398 0.445297 0.886558
vn -0.153115 -0.701739 0.695786
vn -0.153115 -0.701739 0.695786
vn -0.153115 -0.701739 0.695786
vn -0.609627 -0.194840 0.768370
vn -0.609627 -0.194840 0.768370
vn -0.609627 -0.194840 0.768370
vn -0.606624 -0.677452 0.416013
vn -0.606624 -0.677452 0.416013
vn -0.606624 -0.677452 0.416013
vn -0.448334 -0.774857 0.445638
vn -0.448334 -0.774857 0.445638
vn -0.448334 -0.774857 0.445638
vn -0.899607 0.392849 0.190726
vn -0.899607 0.392849 0.190726
vn -0.899607 0.392849 0.190726
vn -0.410355 -0.616328 0.672123
vn -0.410355 -0.616328 0.672123
vn -0.410355 -0.616328 0.672123
vn -0.770941 0.569704 0.284759
vn -0.770941 0.569704 0.284759
vn -0.770941 0.569704 0.284759
vn -0.799207 0.376486 0.468537
vn -0.799207 0.376486 0.468537
vn -0.799207 0.376486 0.468537
vn -0.997645 -0.063316 -0.026388
vn -0.997645 -0.063316 -0.026388
vn -0.997645 -0.063316 -0.026388
vn -0.727812 0.537833 -0.425471
vn -0.727812 0.537833 -0.425471
vn -0.727812 0.537833 -0.425471
vn -0.557843 -0.542724 -0.627903
vn -0.557843 -0.542724 -0.627903
vn -0.557843 -0.542724 -0.627903
vn -0.449913 -0.040785 -0.892141
vn -0.449913 -0.040785 -0.892141
vn -0.449913 -0.040785 -0.892141
vn -0.432270 -0.173354 -0.884924
vn -0.432270 -0.173354 -0.884924
vn -0.432270 -0.173354 -0.884924
vn -0.528545 -0.533981 -0.659927
vn -0.528545 -0.533981 -0.659927
vn -0.528545 -0.533981 -0.659927
vn -0.684546 0.080497 -0.724512
vn -0.684546 0.080497 -0.724512
vn -0.684546 0.080497 -0.724512
vn -0.781947 -0.187570 -0.594455
vn -0.781947 -0.187570 -0.594455
vn -0.781947 -0.187570 -0.594455
vn -0.557274 -0.333959 -0.760209
vn -0.557274 -0.333959 -0.760209
vn -0.557274 -0.333959 -0.760209
vn -0.379504 0.081298 -0.921611
vn -0.379504 0.081298 -0.921611
vn -0.379504 0.081298 -0.921611
vn -0.000000 -0.583773 -0.811917
vn -0.000000 -0.583773 -0.811917
vn -0.000000 -0.583773 -0.811917
vn 0.154472 -0.345164 -0.925743
vn 0.154472 -0.345164 -0.925743
vn 0.154472 -0.345164 -0.925743
vn 0.590000 -0.064140 -0.804852
vn 0.590000 -0.064140 -0.804852
vn 0.590000 -0.064140 -0.804852
vn 0.251354 -0.587631 -0.769098
vn 0.251354 -0.587631 -0.769098
vn 0.251354 -0.587631 -0.769098
vn 0.528358 0.638848 -0.559205
vn 0.528358 0.638848 -0.559205
vn 0.528358 0.638848 -0.559205
vn 0.257281 -0.061766 -0.964361
vn 0.257281 -0.061766 -0.964361
vn 0.257281 -0.061766 -0.964361
vn 0.406111 0.379331 -0.831373
vn 0.406111 0.379331 -0.831373
vn 0.406111 0.379331 -0.831373
vn 0.478861 0.633903 -0.607338
vn 0.478861 0.633903 -0.607338
vn 0.478861 0.633903 -0.607338
vn 0.552489 -0.555000 -0.621877
vn 0.552489 -0.555000 -0.621877
vn 0.552489 -0.555000 -0.621877
vn 0.896798 0.437125 -0.068377
vn 0.896798 0.437125 -0.068377
vn 0.896798 0.437125 -0.068377
vn 0.583521 -0.811951 -0.015434
vn 0.583521 -0.811951 -0.015434
vn 0.583521 -0.811951 -0.015434
vn 0.774407 -0.577640 0.258121
vn 0.774407 -0.577640 0.258121
vn 0.774407 -0.577640 0.258121
vn 0.951593 -0.102258 -0.289852
vn 0.951593 -0.102258 -0.289852
vn 0.951593 -0.102258 -0.289852
vn 0.946304 -0.117363 -0.301222
vn 0.946304 -0.117363 -0.301222
vn 0.946304 -0.117363 -0.301222
vn 0.726691 -0.669821 -0.152512
vn 0.726691 -0.669821 -0.152512
vn 0.726691 -0.669821 -0.152512
vn 0.904629 -0.114614 0.410499
vn 0.904629 -0.114614 0.410499
vn 0.904629 -0.114614 0.410499
vn 0.344565 -0.862475 0.370691
vn 0.344565 -0.862475 0.370691
vn 0.344565 -0.862475 0.370691
vn 0.329943 -0.668026 0.666993
vn 0.329943 -0.668026 0.666993
vn 0.329943 -0.668026 0.666993
vn 0.082191 -0.361946 0.928569
vn 0.082191 -0.361946 0.928569
vn 0.082191 -0.361946 0.928569
vn 0.261546 -0.850647 0.456063
vn 0.261546 -0.850647 0.456063
vn 0.261546 -0.850647 0.456063
vn 0.044950 0.353559 0.934332
vn 0.044950 0.353559 0.934332
vn 0.044950 0.353559 0.934332
vn 0.473947 -0.397367 0.785795
vn 0.473947 -0.397367 0.785795
vn 0.473947 -0.397367 0.785795
vn 0.161157 0.150599 0.975371
vn 0.161157 0.150599 0.975371
vn 0.161157 0.150599 0.975371
vn 0.019131 0.352224 0.935720
vn 0.019131 0.352224 0.935720
vn 0.019131 0.352224 0.935720
vn -0.093423 -0.620291 0.778788
vn -0.093423 -0.620291 0.778788
vn -0.093423 -0.620291 0.778788
vn -0.552127 0.147719 0.820570
vn -0.552127 0.147719 0.820570
vn -0.552127 0.147719 0.820570
vn -0.376796 -0.820281 0.430307
vn -0.376796 -0.820281 0.430307
vn -0.376796 -0.820281 0.430307
vn -0.639310 -0.623251 0.450378
vn -0.639310 -0.623251 0.450378
vn -0.639310 -0.623251 0.450378
vn -0.637917 -0.421665 0.644407
vn -0.637917 -0.421665 0.644407
vn -0.637917 -0.421665 0.644407
vn -0.167938 -0.768697 0.617172
vn -0.167938 -0.768697 0.617172
vn -0.167938 -0.768697 0.617172
vn -0.543132 -0.191627 0.817488
vn -0.543132 -0.191627 0.817488
vn -0.543132 -0.191627 0.817488
vn -0.404432 -0.359942 0.840760
vn -0.404432 -0.359942 0.840760
vn -0.404432 -0.359942 0.840760
vn -0.671930 -0.588016 0.450274
vn -0.671930 -0.588016 0.450274
vn -0.671930 -0.588016 0.450274
vn -0.938413 -0.261823 0.225455
vn -0.938413 -0.261823 0.225455
vn -0.938413 -0.261823 0.225455
vn -0.615105 -0.659717 -0.431763
vn -0.615105 -0.659717 -0.431763
vn -0.615105 -0.659717 -0.431763
vn -0.640380 -0.560406 -0.525222
vn -0.640380 -0.560406 -0.525222
vn -0.640380 -0.560406 -0.525222
vn -0.457720 0.078488 -0.885625
vn -0.457720 0.078488 -0.885625
vn -0.457720 0.078488 -0.885625
vn -0.587238 -0.645426 -0.488443
vn -0.587238 -0.645426 -0.488443
vn -0.587238 -0.645426 -0.488443
vn -0.583349 0.377298 -0.719271
vn -0.583349 0.377298 -0.719271
vn -0.583349 0.377298 -0.719271
vn -0.793539 0.096107 -0.600882
vn -0.793539 0.096107 -0.600882
vn -0.793539 0.096107 -0.600882
vn -0.755612 -0.343673 -0.557620
vn -0.755612 -0.343673 -0.557620
vn -0.755612 -0.343673 -0.557620
vn -0.376743 0.350117 -0.857603
vn -0.376743 0.350117 -0.857603
vn -0.376743 0.350117 -0.857603
vn -0.223301 -0.858602 -0.461453
vn -0.223301 -0.858602 -0.461453
vn -0.223301 -0.858602 -0.461453
vn 0.088439 -0.302314 -0.949097
vn 0.088439 -0.302314 -0.949097
vn 0.088439 -0.302314 -0.949097
vn 0.118681 -0.784706 -0.608400
vn 0.118681 -0.784706 -0.608400
vn 0.118681 -0.784706 -0.608400
vn 0.025552 -0.859856 -0.509896
vn 0.025552 -0.859856 -0.509896
vn 0.025552 -0.859856 -0.509896
vn 0.299409 -0.052658 -0.952671
vn 0.299409 -0.052658 -0.952671
vn 0.299409 -0.052658 -0.952671
vn -0.212341 -0.741174 -0.636845
vn -0.212341 -0.741174 -0.636845
vn -0.212341 -0.741174 -0.636845
vn 0.261821 0.099647 -0.959959
vn 0.261821 0.099647 -0.959959
vn 0.261821 0.099647 -0.959959
vn 0.171288 -0.050488 -0.983927
vn 0.171288 -0.050488 -0.983927
vn 0.171288 -0.050488 -0.983927
vn 0.561580 -0.391133 -0.729139
vn 0.561580 -0.391133 -0.729139
vn 0.561580 -0.391133 -0.729139
vn 0.836239 0.118519 -0.535404
vn 0.836239 0.118519 -0.535404
vn 0.836239 0.118519 -0.535404
vn 0.783268 -0.621437 0.017541
vn 0.783268 -0.621437 0.017541
vn 0.783268 -0.621437 0.017541
vn 0.917847 -0.357650 0.172171
vn 0.917847 -0.357650 0.172171
vn 0.917847 -0.357650 0.172171
vn 0.953670 -0.118277 0.276631
vn 0.953670 -0.118277 0.276631
vn 0.953670 -0.118277 0.276631
vn 0.770007 -0.630785 -0.095911
vn 0.770007 -0.630785 -0.095911
vn 0.770007 -0.630785 -0.095911
vn 0.797727 -0.513069 -0.316847
vn 0.797727 -0.513069 -0.316847
vn 0.797727 -0.513069 -0.316847
vn 0.912840 0.184166 0.364426
vn 0.912840 0.184166 0.364426
vn 0.912840 0.184166 0.364426
vn 0.285645 -0.954048 0.090549
vn 0.285645 -0.954048 0.090549
vn 0.285645 -0.954048 0.090549
vn 0.378740 -0.396724 0.836162
vn 0.378740 -0.396724 0.836162
vn 0.378740 -0.396724 0.836162
vn 0.178079 -0.883911 0.432423
vn 0.178079 -0.883911 0.432423
vn 0.178079 -0.883911 0.432423
vn 0.183407 -0.938757 0.291714
vn 0.183407 -0.938757 0.291714
vn 0.183407 -0.938757 0.291714
vn 0.438308 -0.407743 0.801019
vn 0.438308 -0.407743 0.801019
vn 0.438308 -0.407743 0.801019
vn 0.518866 -0.854675 0.017591
vn 0.518866 -0.854675 0.017591
vn 0.518866 -0.854675 0.017591
vn 0.479301 -0.339034 0.809522
vn 0.479301 -0.339034 0.809522
vn 0.479301 -0.339034 0.809522
vn 0.516967 -0.407595 0.752736
vn 0.516967 -0.407595 0.752736
vn 0.516967 -0.407595 0.752736
vn 0.024814 -0.665464 0.746017
vn 0.024814 -0.665464 0.746017
vn 0.024814 -0.665464 0.746017
vn -0.206445 -0.331380 0.920634
vn -0.206445 -0.331380 0.920634
vn -0.206445 -0.331380 0.920634
vn -0.527275 -0.628670 0.571625
vn -0.527275 -0.628670 0.571625
vn -0.527275 -0.628670 0.571625
vn -0.541972 -0.611148 0.576858
vn -0.541972 -0.611148 0.576858
vn -0.541972 -0.611148 0.576858
vn -0.749865 -0.094010 0.654878
vn -0.749865 -0.094010 0.654878
vn -0.749865 -0.094010 0.654878
vn -0.333606 -0.634238 0.697459
vn -0.333606 -0.634238 0.697459
vn -0.333606 -0.634238 0.697459
vn -0.362260 -0.192070 0.912073
vn -0.362260 -0.192070 0.912073
vn -0.362260 -0.192070 0.912073
vn -0.451105 -0.087098 0.888211
vn -0.451105 -0.087098 0.888211
vn -0.451105 -0.087098 0.888211
vn -0.221294 -0.735991 0.639802
vn -0.221294 -0.735991 0.639802
vn -0.221294 -0.735991 0.639802
vn -0.868748 -0.256967 0.423372
vn -0.868748 -0.256967 0.423372
vn -0.868748 -0.256967 0.423372
vn -0.236029 -0.969279 0.069195
vn -0.236029 -0.969279 0.069195
vn -0.236029 -0.969279 0.069195
vn -0.468269 -0.859094 -0.206597
vn -0.468269 -0.859094 -0.206597
vn -0.468269 -0.859094 -0.206597
vn -0.532081 -0.702500 -0.472635
vn -0.532081 -0.702500 -0.472635
vn -0.532081 -0.702500 -0.472635
vn -0.234540 -0.963165 0.131546
vn -0.234540 -0.963165 0.131546
vn -0.234540 -0.963165 0.131546
vn -0.789341 0.028404 -0.613298
vn -0.789341 0.028404 -0.613298
vn -0.789341 0.028404 -0.613298
vn -0.681253 -0.700969 0.211038
vn -0.681253 -0.700969 0.211038
vn -0.681253 -0.700969 0.211038
vn -0.796476 -0.184161 -0.575943
vn -0.796476 -0.184161 -0.575943
vn -0.796476 -0.184161 -0.575943
vn -0.688313 0.027167 -0.724905
vn -0.688313 0.027167 -0.724905
vn -0.688313 0.027167 -0.724905
vn -0.254787 -0.742447 -0.619562
vn -0.254787 -0.742447 -0.619562
vn -0.254787 -0.742447 -0.619562
vn -0.031037 -0.126456 -0.991487
vn -0.031037 -0.126456 -0.991487
vn -0.031037 -0.126456 -0.991487
vn 0.121408 -0.761142 -0.637120
vn 0.121408 -0.761142 -0.637120
vn 0.121408 -0.761142 -0.637120
vn 0.208857 -0.610381 -0.764077
vn 0.208857 -0.610381 -0.764077
vn 0.208857 -0.610381 -0.764077
vn 0.031824 -0.432839 -0.900909
vn 0.031824 -0.432839 -0.900909
vn 0.031824 -0.432839 -0.900909
vn -0.249294 -0.776623 -0.578540
vn -0.249294 -0.776623 -0.578540
vn -0.249294 -0.776623 -0.578540
vn -0.203699 -0.431456 -0.878836
vn -0.203699 -0.431456 -0.878836
vn -0.203699 -0.431456 -0.878836
vn -0.185035 -0.409411 -0.893389
vn -0.185035 -0.409411 -0.893389
vn -0.185035 -0.409411 -0.893389
vn 0.029598 -0.779766 -0.625371
vn 0.029598 -0.779766 -0.625371
vn 0.029598 -0.779766 -0.625371
vn 0.363211 -0.554437 -0.748784
vn 0.363211 -0.554437 -0.748784
vn 0.363211 -0.554437 -0.748784
vn 0.461758 -0.868955 -0.178036
vn 0.461758 -0.868955 -0.178036
vn 0.461758 -0.868955 -0.178036
vn 0.479356 -0.860236 -0.173813
vn 0.479356 -0.860236 -0.173813
vn 0.479356 -0.860236 -0.173813
vn 0.977018 -0.161887 0.138667
vn 0.977018 -0.161887 0.138667
vn 0.977018 -0.161887 0.138667
vn 0.386610 -0.862761 -0.325849
vn 0.386610 -0.862761 -0.325849
vn 0.386610 -0.862761 -0.325849
vn 0.970957 0.195891 -0.137367
vn 0.970957 0.195891 -0.137367
vn 0.970957 0.195891 -0.137367
vn 0.865588 -0.165848 -0.472496
vn 0.865588 -0.165848 -0.472496
vn 0.865588 -0.165848 -0.472496
vn 0.396461 -0.877112 0.271095
vn 0.396461 -0.877112 0.271095
vn 0.396461 -0.877112 0.271095
vn 0.524888 -0.433493 0.732514
vn 0.524888 -0.433493 0.732514
vn 0.524888 -0.433493 0.732514
vn 0.206245 -0.690247 0.693557
vn 0.206245 -0.690247 0.693557
vn 0.206245 -0.690247 0.693557
vn 0.206245 -0.690249 0.693555
vn 0.206245 -0.690249 0.693555
vn 0.206245 -0.690249 0.693555
vn 0.516375 -0.493799 0.699656
vn 0.516375 -0.493799 0.699656
vn 0.516375 -0.493799 0.699656
vn 0.557408 -0.813596 0.165403
vn 0.557408 -0.813596 0.165403
vn 0.557408 -0.813596 0.165403
vn 0.718960 -0.655824 0.230198
vn 0.718960 -0.655824 0.230198
vn 0.718960 -0.655824 0.230198
vn 0.674668 -0.502795 0.540388
vn 0.674668 -0.502795 0.540388
vn 0.674668 -0.502795 0.540388
vn 0.307106 -0.936681 0.168272
vn 0.307106 -0.936681 0.168272
vn 0.307106 -0.936681 0.168272
vn 0.054611 -0.715971 0.695991
vn 0.054611 -0.715971 0.695991
vn 0.054611 -0.715971 0.695991
vn -0.166018 -0.947655 0.272743
vn -0.166018 -0.947655 0.272743
vn -0.166018 -0.947655 0.272743
vn -0.153075 -0.953259 0.260511
vn -0.153075 -0.953259 0.260511
vn -0.153075 -0.953259 0.260511
vn -0.570703 -0.427649 0.701009
vn -0.570703 -0.427649 0.701009
vn -0.570703 -0.427649 0.701009
vn 0.162843 -0.929810 0.330052
vn 0.162843 -0.929810 0.330052
vn 0.162843 -0.929810 0.330052
vn -0.428770 -0.127184 0.894416
vn -0.428770 -0.127184 0.894416
vn -0.428770 -0.127184 0.894416
vn -0.116271 -0.399717 0.909235
vn -0.116271 -0.399717 0.909235
vn -0.116271 -0.399717 0.909235
vn -0.298488 -0.595270 0.746028
vn -0.298488 -0.595270 0.746028
vn -0.298488 -0.595270 0.746028
vn -0.824535 -0.137406 0.548873
vn -0.824535 -0.137406 0.548873
vn -0.824535 -0.137406 0.548873
vn -0.202756 -0.977799 0.052909
vn -0.202756 -0.977799 0.052909
vn -0.202756 -0.977799 0.052909
vn -0.760304 -0.515346 -0.395419
vn -0.760304 -0.515346 -0.395419
vn -0.760304 -0.515346 -0.395419
vn -0.312443 -0.929244 -0.197194
vn -0.312443 -0.929244 -0.197194
vn -0.312443 -0.929244 -0.197194
vn -0.232046 -0.968601 -0.089251
vn -0.232046 -0.968601 -0.089251
vn -0.232046 -0.968601 -0.089251
vn -0.708855 -0.694595 0.122728
vn -0.708855 -0.694595 0.122728
vn -0.708855 -0.694595 0.122728
vn -0.260690 -0.775325 0.575249
vn -0.260690 -0.775325 0.575249
vn -0.260690 -0.775325 0.575249
vn -0.684146 -0.698364 0.210314
vn -0.684146 -0.698364 0.210314
vn -0.684146 -0.698364 0.210314
vn -0.709181 -0.685406 0.165170
vn -0.709181 -0.685406 0.165170
vn -0.709181 -0.685406 0.165170
vn -0.286989 -0.920661 -0.264613
vn -0.286989 -0.920661 -0.264613
vn -0.286989 -0.920661 -0.264613
vn -0.256172 -0.695015 -0.671811
vn -0.256172 -0.695015 -0.671811
vn -0.256172 -0.695015 -0.671811
vn 0.117413 -0.672004 -0.731180
vn 0.117413 -0.672004 -0.731180
vn 0.117413 -0.672004 -0.731180
vn 0.069364 -0.798888 -0.597467
vn 0.069364 -0.798888 -0.597467
vn 0.069364 -0.798888 -0.597467
vn 0.137562 -0.173429 -0.975192
vn 0.137562 -0.173429 -0.975192
vn 0.137562 -0.173429 -0.975192
vn -0.237451 -0.761567 -0.603020
vn -0.237451 -0.761567 -0.603020
vn -0.237451 -0.761567 -0.603020
vn -0.252641 -0.302173 -0.919165
vn -0.252641 -0.302173 -0.919165
vn -0.252641 -0.302173 -0.919165
vn -0.135631 -0.182740 -0.973761
vn -0.135631 -0.182740 -0.973761
vn -0.135631 -0.182740 -0.973761
vn -0.234240 -0.832601 -0.501903
vn -0.234240 -0.832601 -0.501903
vn -0.234240 -0.832601 -0.501903
vn 0.431687 -0.321228 -0.842887
vn 0.431687 -0.321228 -0.842887
vn 0.431687 -0.321228 -0.842887
vn 0.041061 -0.995765 -0.082255
vn 0.041061 -0.995765 -0.082255
vn 0.041061 -0.995765 -0.082255
vn 0.451263 -0.885894 -0.107487
vn 0.451263 -0.885894 -0.107487
vn 0.451263 -0.885894 -0.107487
vn 0.446427 -0.882652 -0.147068
vn 0.446427 -0.882652 -0.147068
vn 0.446427 -0.882652 -0.147068
vn -0.112558 -0.960335 -0.255122
vn -0.112558 -0.960335 -0.255122
vn -0.112558 -0.960335 -0.255122
vn 0.726627 -0.414673 -0.547777
vn 0.726627 -0.414673 -0.547777
vn 0.726627 -0.414673 -0.547777
vn 0.060790 -0.693838 -0.717560
vn 0.060790 -0.693838 -0.717560
vn 0.060790 -0.693838 -0.717560
vn 0.689281 -0.569261 -0.448145
vn 0.689281 -0.569261 -0.448145
vn 0.689281 -0.569261 -0.448145
vn 0.847188 -0.445792 -0.289037
vn 0.847188 -0.445792 -0.289037
vn 0.847188 -0.445792 -0.289037
vn 0.181354 -0.770407 0.611216
vn 0.181354 -0.770407 0.611216
vn 0.181354 -0.770407 0.611216
vn 0.075917 -0.955847 0.283888
vn 0.075917 -0.955847 0.283888
vn 0.075917 -0.955847 0.283888
vn 0.430070 -0.371345 0.822887
vn 0.430070 -0.371345 0.822887
vn 0.430070 -0.371345 0.822887
vn 0.409648 -0.889011 -0.204569
vn 0.409648 -0.889011 -0.204569
vn 0.409648 -0.889011 -0.204569
vn 0.756008 -0.531342 0.382267
vn 0.756008 -0.531342 0.382267
vn 0.756008 -0.531342 0.382267
vn 0.701553 -0.437003 0.562896
vn 0.701553 -0.437003 0.562896
vn 0.701553 -0.437003 0.562896
vn 0.371483 -0.928081 0.025832
vn 0.371483 -0.928081 0.025832
vn 0.371483 -0.928081 0.025832
vn -0.030717 -0.376732 0.925813
vn -0.030717 -0.376732 0.925813
vn -0.030717 -0.376732 0.925813
vn -0.076763 -0.996181 -0.041614
vn -0.076763 -0.996181 -0.041614
vn -0.076763 -0.996181 -0.041614
vn -0.430863 -0.769544 0.471338
vn -0.430863 -0.769544 0.471338
vn -0.430863 -0.769544 0.471338
vn -0.159336 -0.926175 0.341776
vn -0.159336 -0.926175 0.341776
vn -0.159336 -0.926175 0.341776
vn 0.335655 -0.934666 -0.117197
vn 0.335655 -0.934666 -0.117197
vn 0.335655 -0.934666 -0.117197
vn 0.088064 -0.620118 0.779550
vn 0.088064 -0.620118 0.779550
vn 0.088064 -0.620118 0.779550
vn 0.570761 -0.718149 0.398113
vn 0.570761 -0.718149 0.398113
vn 0.570761 -0.718149 0.398113
vn 0.014783 -0.738688 0.673886
vn 0.014783 -0.738688 0.673886
vn 0.014783 -0.738688 0.673886
vn -0.167135 -0.689203 0.705029
vn -0.167135 -0.689203 0.705029
vn -0.167135 -0.689203 0.705029
vn -0.325514 -0.945248 -0.023372
vn -0.325514 -0.945248 -0.023372
vn -0.325514 -0.945248 -0.023372
vn -0.696190 -0.692685 -0.188433
vn -0.696190 -0.692685 -0.188433
vn -0.696190 -0.692685 -0.188433
vn -0.569654 -0.681702 -0.459104
vn -0.569654 -0.681702 -0.459104
vn -0.569654 -0.681702 -0.459104
vn -0.439288 -0.832729 -0.337028
vn -0.439288 -0.832729 -0.337028
vn -0.439288 -0.832729 -0.337028
vn -0.803778 -0.594703 -0.016417
vn -0.803778 -0.594703 -0.016417
vn -0.803778 -0.594703 -0.016417
vn -0.426451 -0.771651 0.471906
vn -0.426451 -0.771651 0.471906
vn -0.426451 -0.771651 0.471906
vn -0.457442 -0.649896 0.606945
vn -0.457442 -0.649896 0.606945
vn -0.457442 -0.649896 0.606945
vn -0.794094 -0.587538 0.155611
vn -0.794094 -0.587538 0.155611
vn -0.794094 -0.587538 0.155611
vn -0.133750 -0.937223 0.322062
vn -0.133750 -0.937223 0.322062
vn -0.133750 -0.937223 0.322062
vn -0.248625 -0.762866 -0.596843
vn -0.248625 -0.762866 -0.596843
vn -0.248625 -0.762866 -0.596843
vn 0.096796 -0.981621 -0.164473
vn 0.096796 -0.981621 -0.164473
vn 0.096796 -0.981621 -0.164473
vn 0.094691 -0.984194 -0.149653
vn 0.094691 -0.984194 -0.149653
vn 0.094691 -0.984194 -0.149653
vn -0.004303 -0.642590 -0.766198
vn -0.004303 -0.642590 -0.766198
vn -0.004303 -0.642590 -0.766198
vn -0.343808 -0.871176 0.350497
vn -0.343808 -0.871176 0.350497
vn -0.343808 -0.871176 0.350497
vn -0.285997 -0.439356 -0.851570
vn -0.285997 -0.439356 -0.851570
vn -0.285997 -0.439356 -0.851570
vn -0.593243 -0.672179 -0.442988
vn -0.593243 -0.672179 -0.442988
vn -0.593243 -0.672179 -0.442988
vn -0.167121 -0.758724 -0.629609
vn -0.167121 -0.758724 -0.629609
vn -0.167121 -0.758724 -0.629609
vn 0.280342 -0.397475 -0.873740
vn 0.280342 -0.397475 -0.873740
vn 0.280342 -0.397475 -0.873740
vn 0.244719 -0.965805 -0.085640
vn 0.244719 -0.965805 -0.085640
vn 0.244719 -0.965805 -0.085640
vn 0.789405 -0.546687 -0.279238
vn 0.789405 -0.546687 -0.279238
vn 0.789405 -0.546687 -0.279238
vn 0.425746 -0.901894 -0.072988
vn 0.425746 -0.901894 -0.072988
vn 0.425746 -0.901894 -0.072988
vn 0.257931 -0.963095 -0.076937
vn 0.257931 -0.963095 -0.076937
vn 0.257931 -0.963095 -0.076937
vn 0.185038 -0.683859 -0.705761
vn 0.185038 -0.683859 -0.705761
vn 0.185038 -0.683859 -0.705761
vn -0.212564 -0.698650 -0.683158
vn -0.212564 -0.698650 -0.683158
vn -0.212564 -0.698650 -0.683158
vn 0.055536 -0.699211 -0.712755
vn 0.055536 -0.699211 -0.712755
vn 0.055536 -0.699211 -0.712755
vn 0.217298 -0.705978 -0.674075
vn 0.217298 -0.705978 -0.674075
vn 0.217298 -0.705978 -0.674075
vn 0.078726 -0.991211 -0.106318
vn 0.078726 -0.991211 -0.106318
vn 0.078726 -0.991211 -0.106318
vn 0.335796 -0.897304 0.286508
vn 0.335796 -0.897304 0.286508
vn 0.335796 -0.897304 0.286508
vn 0.312803 -0.879761 0.358015
vn 0.312803 -0.879761 0.358015
vn 0.312803 -0.879761 0.358015
vn -0.073022 -0.538715 -0.839317
vn -0.073022 -0.538715 -0.839317
vn -0.073022 -0.538715 -0.839317
vn 0.652664 -0.753168 -0.082267
vn 0.652664 -0.753168 -0.082267
vn 0.652664 -0.753168 -0.082267
vn 0.410210 -0.568826 -0.712857
vn 0.410210 -0.568826 -0.712857
vn 0.410210 -0.568826 -0.712857
vn 0.330271 -0.937731 0.107619
vn 0.330271 -0.937731 0.107619
vn 0.330271 -0.937731 0.107619
vn 0.073950 -0.573859 0.815609
vn 0.073950 -0.573859 0.815609
vn 0.073950 -0.573859 0.815609
vn -0.349570 -0.863938 0.362508
vn -0.349570 -0.863938 0.362508
vn -0.349570 -0.863938 0.362508
vn -0.485036 -0.408244 0.773354
vn -0.485036 -0.408244 0.773354
vn -0.485036 -0.408244 0.773354
vn -0.424424 -0.751084 0.505704
vn -0.424424 -0.751084 0.505704
vn -0.424424 -0.751084 0.505704
vn -0.245180 -0.919085 0.308496
vn -0.245180 -0.919085 0.308496
vn -0.245180 -0.919085 0.308496
vn 0.404496 -0.716699 0.568090
vn 0.404496 -0.716699 0.568090
vn 0.404496 -0.716699 0.568090
vn 0.703245 -0.668233 0.242717
vn 0.703245 -0.668233 0.242717
vn 0.703245 -0.668233 0.242717
vn 0.570048 -0.715486 0.403886
vn 0.570048 -0.715486 0.403886
vn 0.570048 -0.715486 0.403886
vn 0.229265 -0.782190 0.579324
vn 0.229265 -0.782190 0.579324
vn 0.229265 -0.782190 0.579324
vn 0.171848 -0.982527 -0.071481
vn 0.171848 -0.982527 -0.071481
vn 0.171848 -0.982527 -0.071481
vn -0.449451 -0.869541 -0.204676
vn -0.449451 -0.869541 -0.204676
vn -0.449451 -0.869541 -0.204676
vn -0.363594 -0.827365 -0.428096
vn -0.363594 -0.827365 -0.428096
vn -0.363594 -0.827365 -0.428096
vn 0.118904 -0.983952 -0.133041
vn 0.118904 -0.983952 -0.133041
vn 0.118904 -0.983952 -0.133041
vn -0.726258 -0.658638 -0.196837
vn -0.726258 -0.658638 -0.196837
vn -0.726258 -0.658638 -0.196837
vn 0.224674 -0.652719 0.723519
vn 0.224674 -0.652719 0.723519
vn 0.224674 -0.652719 0.723519
vn -0.550143 -0.672779 0.494683
vn -0.550143 -0.672779 0.494683
vn -0.550143 -0.672779 0.494683
vn -0.607802 -0.675028 0.418227
vn -0.607802 -0.675028 0.418227
vn -0.607802 -0.675028 0.418227
vn -0.154307 -0.957035 0.245508
vn -0.154307 -0.957035 0.245508
vn -0.154307 -0.957035 0.245508
vn -0.297913 -0.364322 -0.882336
vn -0.297913 -0.364322 -0.882336
vn -0.297913 -0.364322 -0.882336
vn 0.221964 -0.951240 -0.214185
vn 0.221964 -0.951240 -0.214185
vn 0.221964 -0.951240 -0.214185
vn 0.143593 -0.465380 -0.873386
vn 0.143593 -0.465380 -0.873386
vn 0.143593 -0.465380 -0.873386
vn -0.023076 -0.950192 -0.310810
vn -0.023076 -0.950192 -0.310810
vn -0.023076 -0.950192 -0.310810
vn -0.206521 -0.753894 0.623693
vn -0.206521 -0.753894 0.623693
vn -0.206521 -0.753894 0.623693
vn -0.651289 -0.758091 -0.033483
vn -0.651289 -0.758091 -0.033483
vn -0.651289 -0.758091 -0.033483
vn -0.643743 -0.524092 0.557604
vn -0.643743 -0.524092 0.557604
vn -0.643743 -0.524092 0.557604
vn -0.493682 -0.867083 -0.066675
vn -0.493682 -0.867083 -0.066675
vn -0.493682 -0.867083 -0.066675
vn -0.335879 -0.892289 -0.301670
vn -0.335879 -0.892289 -0.301670
vn -0.335879 -0.892289 -0.301670
vn 0.300139 -0.953664 -0.021008
vn 0.300139 -0.953664 -0.021008
vn 0.300139 -0.953664 -0.021008
vn 0.660997 -0.704706 -0.257823
vn 0.660997 -0.704706 -0.257823
vn 0.660997 -0.704706 -0.257823
vn 0.741535 -0.666697 -0.075104
vn 0.741535 -0.666697 -0.075104
vn 0.741535 -0.666697 -0.075104
vn 0.385512 -0.922700 -0.002091
vn 0.385512 -0.922700 -0.002091
vn 0.385512 -0.922700 -0.002091
vn 0.508130 -0.628998 -0.588358
vn 0.508130 -0.628998 -0.588358
vn 0.508130 -0.628998 -0.588358
vn -0.184852 -0.713320 -0.676021
vn -0.184852 -0.713320 -0.676021
vn -0.184852 -0.713320 -0.676021
vn -0.124585 -0.608457 -0.783746
vn -0.124585 -0.608457 -0.783746
vn -0.124585 -0.608457 -0.783746
vn 0.510622 -0.629242 -0.585935
vn 0.510622 -0.629242 -0.585935
vn 0.510622 -0.629242 -0.585935
vn -0.234388 -0.924856 -0.299505
vn -0.234388 -0.924856 -0.299505
vn -0.234388 -0.924856 -0.299505
vn 0.536919 -0.571227 0.620820
vn 0.536919 -0.571227 0.620820
vn 0.536919 -0.571227 0.620820
vn -0.128859 -0.950645 0.282258
vn -0.128859 -0.950645 0.282258
vn -0.128859 -0.950645 0.282258
vn -0.088948 -0.927492 0.363107
vn -0.088948 -0.927492 0.363107
vn -0.088948 -0.927492 0.363107
vn 0.261650 -0.453982 -0.851728
vn 0.261650 -0.453982 -0.851728
vn 0.261650 -0.453982 -0.851728
vn 0.014949 -0.085532 -0.996223
vn 0.014949 -0.085532 -0.996223
vn 0.014949 -0.085532 -0.996223
vn 0.263203 -0.597295 -0.757604
vn 0.263203 -0.597295 -0.757604
vn 0.263203 -0.597295 -0.757604
vn 0.264045 -0.611596 -0.745809
vn 0.264045 -0.611596 -0.745809
vn 0.264045 -0.611596 -0.745809
vn -0.438399 -0.862632 0.252334
vn -0.438399 -0.862632 0.252334
vn -0.438399 -0.862632 0.252334
vn -0.450991 -0.165562 0.877039
vn -0.450991 -0.165562 0.877039
vn -0.450991 -0.165562 0.877039
vn -0.603467 -0.496912 0.623623
vn -0.603467 -0.496912 0.623623
vn -0.603467 -0.496912 0.623623
vn 0.218656 -0.838211 -0.499592
vn 0.218656 -0.838211 -0.499592
vn 0.218656 -0.838211 -0.499592
vn -0.125097 -0.693758 0.709260
vn -0.125097 -0.693758 0.709260
vn -0.125097 -0.693758 0.709260
vn 0.879361 -0.205205 -0.429668
vn 0.879361 -0.205205 -0.429668
vn 0.879361 -0.205205 -0.429668
vn 0.696307 -0.632855 0.338603
vn 0.696307 -0.632855 0.338603
vn 0.696307 -0.632855 0.338603
vn -0.782171 -0.361760 0.507284
vn -0.782171 -0.361760 0.507284
vn -0.782171 -0.361760 0.507284
vn 0.359852 -0.915381 -0.180512
vn 0.359852 -0.915381 -0.180512
vn 0.359852 -0.915381 -0.180512
vn -0.982990 -0.093280 -0.158210
vn -0.982990 -0.093280 -0.158210
vn -0.982990 -0.093280 -0.158210
vn -0.156457 -0.814524 -0.558635
vn -0.156457 -0.814524 -0.558635
vn -0.156457 -0.814524 -0.558635
vn -0.749278 -0.303365 -0.588686
vn -0.749278 -0.303365 -0.588686
vn -0.749278 -0.303365 -0.588686
vn -0.142257 -0.975247 0.169282
vn -0.142257 -0.975247 0.169282
vn -0.142257 -0.975247 0.169282
vn 0.672105 -0.089390 0.735040
vn 0.672105 -0.089390 0.735040
vn 0.672105 -0.089390 0.735040
vn 0.022608 -0.555880 0.830955
vn 0.022608 -0.555880 0.830955
vn 0.022608 -0.555880 0.830955
vn 0.413288 -0.100035 0.905089
vn 0.413288 -0.100035 0.905089
vn 0.413288 -0.100035 0.905089
vn -0.031645 -0.946136 0.322219
vn -0.031645 -0.946136 0.322219
vn -0.031645 -0.946136 0.322219
vn -0.267964 -0.211292 -0.939974
vn -0.267964 -0.211292 -0.939974
vn -0.267964 -0.211292 -0.939974
vn 0.160609 -0.557097 -0.814768
vn 0.160609 -0.557097 -0.814768
vn 0.160609 -0.557097 -0.814768
vn -0.002609 -0.077990 -0.996951
vn -0.002609 -0.077990 -0.996951
vn -0.002609 -0.077990 -0.996951
vn 0.168597 -0.477788 -0.862145
vn 0.168597 -0.477788 -0.862145
vn 0.168597 -0.477788 -0.862145
vn 0.162146 -0.548315 -0.820402
vn 0.162146 -0.548315 -0.820402
vn 0.162146 -0.548315 -0.820402
vn -0.671901 -0.691731 0.264682
vn -0.671901 -0.691731 0.264682
vn -0.671901 -0.691731 0.264682
vn -0.496572 -0.166293 0.851917
vn -0.496572 -0.166293 0.851917
vn -0.496572 -0.166293 0.851917
vn -0.689645 -0.515223 0.508857
vn -0.689645 -0.515223 0.508857
vn -0.689645 -0.515223 0.508857
vn 0.099173 -0.741825 -0.663219
vn 0.099173 -0.741825 -0.663219
vn 0.099173 -0.741825 -0.663219
vn -0.095231 -0.874898 0.474853
vn -0.095231 -0.874898 0.474853
vn -0.095231 -0.874898 0.474853
vn 0.853676 -0.179807 -0.488781
vn 0.853676 -0.179807 -0.488781
vn 0.853676 -0.179807 -0.488781
vn 0.613726 -0.772364 0.163687
vn 0.613726 -0.772364 0.163687
vn 0.613726 -0.772364 0.163687
vn -0.848354 -0.384908 0.363511
vn -0.848354 -0.384908 0.363511
vn -0.848354 -0.384908 0.363511
vn 0.462565 -0.811330 -0.357460
vn 0.462565 -0.811330 -0.357460
vn 0.462565 -0.811330 -0.357460
vn -0.976752 -0.115905 -0.180340
vn -0.976752 -0.115905 -0.180340
vn -0.976752 -0.115905 -0.180340
vn -0.153317 -0.678133 -0.718769
vn -0.153317 -0.678133 -0.718769
vn -0.153317 -0.678133 -0.718769
vn -0.643258 -0.360348 -0.675550
vn -0.643258 -0.360348 -0.675550
vn -0.643258 -0.360348 -0.675550
vn 0.004496 -0.999990 -0.000696
vn 0.004496 -0.999990 -0.000696
vn 0.004496 -0.999990 -0.000696
vn 0.684933 -0.084719 0.723664
vn 0.684933 -0.084719 0.723664
vn 0.684933 -0.084719 0.723664
vn 0.090840 -0.647702 0.756459
vn 0.090840 -0.647702 0.756459
vn 0.090840 -0.647702 0.756459
vn 0.433236 -0.075915 0.898077
vn 0.433236 -0.075915 0.898077
vn 0.433236 -0.075915 0.898077
vn 0.161187 -0.922249 0.351391
vn 0.161187 -0.922249 0.351391
vn 0.161187 -0.922249 0.351391
vn -0.231761 -0.182474 -0.955505
vn -0.231761 -0.182474 -0.955505
vn -0.231761 -0.182474 -0.955505
vn -0.323030 0.212857 -0.922141
vn -0.323030 0.212857 -0.922141
vn -0.323030 0.212857 -0.922141
vn -0.448506 0.102351 0.887900
vn -0.448506 0.102351 0.887900
vn -0.448506 0.102351 0.887900
vn -0.444571 0.070598 0.892957
vn -0.444571 0.070598 0.892957
vn -0.444571 0.070598 0.892957
vn 0.962671 0.232723 0.138217
vn 0.962671 0.232723 0.138217
vn 0.962671 0.232723 0.138217
vn 0.955911 0.098072 -0.276797
vn 0.955911 0.098072 -0.276797
vn 0.955911 0.098072 -0.276797
vn 0.759920 0.391374 -0.518988
vn 0.759920 0.391374 -0.518988
vn 0.759920 0.391374 -0.518988
vn -0.837881 0.203630 -0.506448
vn -0.837881 0.203630 -0.506448
vn -0.837881 0.203630 -0.506448
vn -0.391026 0.893290 -0.221656
vn -0.391026 0.893290 -0.221656
vn -0.391026 0.893290 -0.221656
vn 0.619247 0.184990 0.763094
vn 0.619247 0.184990 0.763094
vn 0.619247 0.184990 0.763094
vn 0.256268 0.485038 -0.836101
vn 0.256268 0.485038 -0.836101
vn 0.256268 0.485038 -0.836101
vn -0.144620 0.079930 -0.986254
vn -0.144620 0.079930 -0.986254
vn -0.144620 0.079930 -0.986254
vn -0.254984 0.140927 -0.956620
vn -0.254984 0.140927 -0.956620
vn -0.254984 0.140927 -0.956620
vn -0.445411 0.075341 0.892151
vn -0.445411 0.075341 0.892151
vn -0.445411 0.075341 0.892151
vn -0.447516 0.091766 0.889555
vn -0.447516 0.091766 0.889555
vn -0.447516 0.091766 0.889555
vn 0.904682 0.325274 0.275222
vn 0.904682 0.325274 0.275222
vn 0.904682 0.325274 0.275222
vn 0.948679 0.110833 -0.296183
vn 0.948679 0.110833 -0.296183
vn 0.948679 0.110833 -0.296183
vn 0.802960 0.331199 -0.495543
vn 0.802960 0.331199 -0.495543
vn 0.802960 0.331199 -0.495543
vn -0.842003 0.177477 -0.509444
vn -0.842003 0.177477 -0.509444
vn -0.842003 0.177477 -0.509444
vn -0.385920 0.896280 -0.218514
vn -0.385920 0.896280 -0.218514
vn -0.385920 0.896280 -0.218514
vn 0.624344 0.165725 0.763368
vn 0.624344 0.165725 0.763368
vn 0.624344 0.165725 0.763368
vn 0.227450 0.420619 -0.878263
vn 0.227450 0.420619 -0.878263
vn 0.227450 0.420619 -0.878263
vn -0.131072 0.086368 -0.987603
vn -0.131072 0.086368 -0.987603
vn -0.131072 0.086368 -0.987603
vn 0.144620 -0.079930 -0.986254
vn 0.144620 -0.079930 -0.986254
vn 0.144620 -0.079930 -0.986254
vn -0.256268 -0.485038 -0.836101
vn -0.256268 -0.485038 -0.836101
vn -0.256268 -0.485038 -0.836101
vn -0.619247 -0.184990 0.763094
vn -0.619247 -0.184990 0.763094
vn -0.619247 -0.184990 0.763094
vn 0.391026 -0.893290 -0.221656
vn 0.391026 -0.893290 -0.221656
vn 0.391026 -0.893290 -0.221656
vn 0.837881 -0.203630 -0.506448
vn 0.837881 -0.203630 -0.506448
vn 0.837881 -0.203630 -0.506448
vn -0.759920 -0.391374 -0.518988
vn -0.759920 -0.391374 -0.518988
vn -0.759920 -0.391374 -0.518988
vn -0.955911 -0.098072 -0.276797
vn -0.955911 -0.098072 -0.276797
vn -0.955911 -0.098072 -0.276797
vn -0.962671 -0.232723 0.138217
vn -0.962671 -0.232723 0.138217
vn -0.962671 -0.232723 0.138217
vn 0.444571 -0.070598 0.892957
vn 0.444571 -0.070598 0.892957
vn 0.444571 -0.070598 0.892957
vn 0.448506 -0.102351 0.887900
vn 0.448506 -0.102351 0.887900
vn 0.448506 -0.102351 0.887900
vn 0.323030 -0.212857 -0.922141
vn 0.323030 -0.212857 -0.922141
vn 0.323030 -0.212857 -0.922141
vn 0.131072 -0.086368 -0.987603
vn 0.131072 -0.086368 -0.987603
vn 0.131072 -0.086368 -0.987603
vn -0.227450 -0.420619 -0.878263
vn -0.227450 -0.420619 -0.878263
vn -0.227450 -0.420619 -0.878263
vn -0.624344 -0.165725 0.763368
vn -0.624344 -0.165725 0.763368
vn -0.624344 -0.165725 0.763368
vn 0.385920 -0.896280 -0.218514
vn 0.385920 -0.896280 -0.218514
vn 0.385920 -0.896280 -0.218514
vn 0.842003 -0.177477 -0.509444
vn 0.842003 -0.177477 -0.509444
vn 0.842003 -0.177477 -0.509444
vn -0.802960 -0.331199 -0.495543
vn -0.802960 -0.331199 -0.495543
vn -0.802960 -0.331199 -0.495543
vn -0.948679 -0.110833 -0.296183
vn -0.948679 -0.110833 -0.296183
vn -0.948679 -0.110833 -0.296183
vn -0.904682 -0.325274 0.275222
vn -0.904682 -0.325274 0.275222
vn -0.904682 -0.325274 0.275222
vn 0.447516 -0.091766 0.889555
vn 0.447516 -0.091766 0.889555
vn 0.447516 -0.091766 0.889555
vn 0.445411 -0.075341 0.892151
vn 0.445411 -0.075341 0.892151
vn 0.445411 -0.075341 0.892151
vn 0.254984 -0.140927 -0.956620
vn 0.254984 -0.140927 -0.956620
vn 0.254984 -0.140927 -0.956620
vt 0.000000 0.958132
vt 0.009306 0.957743
vt 0.063221 0.712920
vt 0.000000 0.958132
vt 0.063221 0.712920
vt 0.000000 0.692575
vt 0.042257 -0.314749
vt 0.032675 -0.216864
vt 0.227794 -0.172078
vt 0.042257 -0.314749
vt 0.227794 -0.172078
vt 0.287080 -0.244112
vt 0.015749 0.967325
vt 0.018779 0.978303
vt 0.153435 0.822730
vt 0.015749 0.967325
vt 0.153435 0.822730
vt 0.109796 0.772206
vt 0.018779 0.978303
vt 0.023598 0.985631
vt 0.195444 0.880992
vt 0.018779 0.978303
vt 0.195444 0.880992
vt 0.153435 0.822730
vt 0.023598 0.985631
vt 0.029692 0.994308
vt 0.203965 0.960899
vt 0.023598 0.985631
vt 0.203965 0.960899
vt 0.195444 0.880992
vt 1.238628 0.970308
vt 1.262319 0.969373
vt 1.111528 0.816717
vt 1.238628 0.970308
vt 1.111528 0.816717
vt 1.182143 0.796035
vt -0.005871 -0.262319
vt -0.015980 -0.209823
vt -0.106159 -0.133476
vt -0.005871 -0.262319
vt -0.106159 -0.133476
vt -0.035136 -0.111528
vt -0.015980 -0.209823
vt -0.025013 -0.204729
vt -0.197097 -0.248615
vt -0.015980 -0.209823
vt -0.197097 -0.248615
vt -0.106159 -0.133476
vt 0.021650 1.025013
vt 0.016617 1.034476
vt 0.129822 1.269342
vt 0.021650 1.025013
vt 0.129822 1.269342
vt 0.170597 1.197097
vt -0.034476 -0.257166
vt -0.038725 -0.245467
vt -0.273113 -0.207218
vt -0.034476 -0.257166
vt -0.273113 -0.207218
vt -0.269342 -0.297258
vt -0.038725 -0.245467
vt -0.035117 -0.146768
vt -0.246236 -0.109869
vt -0.038725 -0.245467
vt -0.246236 -0.109869
vt -0.273113 -0.207218
vt 0.000000 1.035117
vt -0.006961 1.031609
vt -0.053768 1.244155
vt 0.000000 1.035117
vt -0.053768 1.244155
vt 0.000000 1.246236
vt -0.031609 -0.105863
vt -0.032089 -0.203748
vt -0.237975 -0.202753
vt -0.031609 -0.105863
vt -0.237975 -0.202753
vt -0.244155 -0.130719
vt -0.015467 1.032089
vt -0.024856 1.028717
vt -0.160387 1.185301
vt -0.015467 1.032089
vt -0.160387 1.185301
vt -0.114703 1.237975
vt -0.028717 -0.311209
vt -0.017611 -0.283760
vt -0.110991 -0.162956
vt -0.028717 -0.311209
vt -0.110991 -0.162956
vt -0.185301 -0.202958
vt -0.028922 1.017611
vt -0.027458 1.005264
vt -0.207054 1.039693
vt -0.028922 1.017611
vt -0.207054 1.039693
vt -0.182277 1.110991
vt -0.027458 1.005264
vt -0.026524 0.994915
vt -0.227736 0.956342
vt -0.027458 1.005264
vt -0.227736 0.956342
vt -0.207054 1.039693
vt -0.026524 0.994915
vt -0.026278 0.983999
vt -0.203379 0.876160
vt -0.026524 0.994915
vt -0.203379 0.876160
vt -0.227736 0.956342
vt 1.210789 1.026278
vt 1.215883 1.021986
vt 1.126216 1.143225
vt 1.210789 1.026278
vt 1.126216 1.143225
vt 1.241355 1.203379
vt -0.021986 0.974599
vt -0.014598 0.969713
vt -0.094677 0.803572
vt -0.021986 0.974599
vt -0.094677 0.803572
vt -0.143225 0.834526
vt 0.030287 -0.163446
vt 0.035141 -0.175145
vt 0.258121 -0.167613
vt 0.030287 -0.163446
vt 0.258121 -0.167613
vt 0.196428 -0.077574
vt 0.035141 -0.175145
vt 0.041868 -0.273844
vt 0.307425 -0.264962
vt 0.035141 -0.175145
vt 0.307425 -0.264962
vt 0.258121 -0.167613
vt 0.000000 0.692575
vt 0.063221 0.712920
vt 0.097856 0.555642
vt 0.000000 0.692575
vt 0.097856 0.555642
vt 0.000000 0.509965
vt 1.244112 0.936779
vt 1.172078 0.890204
vt 1.134655 0.795301
vt 1.244112 0.936779
vt 1.134655 0.795301
vt 1.081038 0.902144
vt 0.109796 0.772206
vt 0.153435 0.822730
vt 0.323119 0.626687
vt 0.109796 0.772206
vt 0.323119 0.626687
vt 0.204699 0.575310
vt 0.153435 0.822730
vt 0.195444 0.880992
vt 0.377715 0.770004
vt 0.153435 0.822730
vt 0.377715 0.770004
vt 0.323119 0.626687
vt 0.195444 0.880992
vt 0.203965 0.960899
vt 0.346035 0.933664
vt 0.195444 0.880992
vt 0.346035 0.933664
vt 0.377715 0.770004
vt 0.203965 0.960899
vt 0.183283 1.035136
vt 0.317589 1.060883
vt 0.203965 0.960899
vt 0.317589 1.060883
vt 0.346035 0.933664
vt 0.183283 1.035136
vt 0.174342 1.106159
vt 0.329515 1.200646
vt 0.183283 1.035136
vt 0.329515 1.200646
vt 0.317589 1.060883
vt 0.174342 1.106159
vt 0.170597 1.197097
vt 0.305388 1.352827
vt 0.174342 1.106159
vt 0.305388 1.352827
vt 0.329515 1.200646
vt 0.170597 1.197097
vt 0.129822 1.269342
vt 0.212142 1.440132
vt 0.170597 1.197097
vt 0.212142 1.440132
vt 0.305388 1.352827
vt 0.129822 1.269342
vt 0.060145 1.273113
vt 0.104019 1.472342
vt 0.129822 1.269342
vt 0.104019 1.472342
vt 0.212142 1.440132
vt 0.060145 1.273113
vt 0.000000 1.246236
vt 0.000000 1.513759
vt 0.060145 1.273113
vt 0.000000 1.513759
vt 0.104019 1.472342
vt 0.000000 1.246236
vt -0.053768 1.244155
vt -0.114245 1.518776
vt 0.000000 1.246236
vt -0.114245 1.518776
vt 0.000000 1.513759
vt -0.053768 1.244155
vt -0.114703 1.237975
vt -0.202320 1.419755
vt -0.053768 1.244155
vt -0.202320 1.419755
vt -0.114245 1.518776
vt -0.237975 -0.202753
vt -0.185301 -0.202958
vt -0.284033 -0.043264
vt -0.237975 -0.202753
vt -0.284033 -0.043264
vt -0.419755 -0.127115
vt -0.160387 1.185301
vt -0.182277 1.110991
vt -0.307097 1.186995
vt -0.160387 1.185301
vt -0.307097 1.186995
vt -0.245843 1.284033
vt 1.162956 1.182277
vt 1.192688 1.207054
vt 1.176867 1.399148
vt 1.162956 1.182277
vt 1.176867 1.399148
vt 1.064358 1.307097
vt -0.207054 1.039693
vt -0.227736 0.956342
vt -0.427594 0.918028
vt -0.207054 1.039693
vt -0.427594 0.918028
vt -0.399148 1.076518
vt -0.227736 0.956342
vt -0.203379 0.876160
vt -0.355297 0.783655
vt -0.227736 0.956342
vt -0.355297 0.783655
vt -0.427594 0.918028
vt -0.203379 0.876160
vt -0.143225 0.834526
vt -0.263574 0.695482
vt -0.203379 0.876160
vt -0.263574 0.695482
vt -0.355297 0.783655
vt -0.143225 0.834526
vt -0.094677 0.803572
vt -0.194877 0.595687
vt -0.143225 0.834526
vt -0.194877 0.595687
vt -0.263574 0.695482
vt -0.094677 0.803572
vt -0.056843 0.741879
vt -0.108082 0.509209
vt -0.094677 0.803572
vt -0.108082 0.509209
vt -0.194877 0.595687
vt -0.056843 0.741879
vt 0.000000 0.692575
vt 0.000000 0.509965
vt -0.056843 0.741879
vt 0.000000 0.509965
vt -0.108082 0.509209
vt 1.115638 1.000000
vt 1.081038 0.902144
vt 0.977610 0.869005
vt 1.115638 1.000000
vt 0.977610 0.869005
vt 0.963719 1.000000
vt 0.097856 0.555642
vt 0.204699 0.575310
vt 0.298554 0.380589
vt 0.097856 0.555642
vt 0.298554 0.380589
vt 0.130995 0.405164
vt 0.204699 0.575310
vt 0.323119 0.626687
vt 0.445656 0.485116
vt 0.204699 0.575310
vt 0.445656 0.485116
vt 0.298554 0.380589
vt 0.323119 0.626687
vt 0.377715 0.770004
vt 0.494446 0.698926
vt 0.323119 0.626687
vt 0.494446 0.698926
vt 0.445656 0.485116
vt 0.229996 -0.197412
vt 0.066336 -0.084903
vt 0.096229 -0.022218
vt 0.229996 -0.197412
vt 0.096229 -0.022218
vt 0.301074 -0.060764
vt 0.346035 0.933664
vt 0.317589 1.060883
vt 0.525537 1.100748
vt 0.346035 0.933664
vt 0.525537 1.100748
vt 0.501967 0.903771
vt 0.317589 1.060883
vt 0.329515 1.200646
vt 0.495173 1.301518
vt 0.317589 1.060883
vt 0.495173 1.301518
vt 0.525537 1.100748
vt 0.329515 1.200646
vt 0.305388 1.352827
vt 0.375832 1.434214
vt 0.329515 1.200646
vt 0.375832 1.434214
vt 0.495173 1.301518
vt 1.178297 0.694612
vt 1.158249 0.787858
vt 0.977438 0.748711
vt 1.178297 0.694612
vt 0.977438 0.748711
vt 1.011818 0.624168
vt -0.440132 -0.158249
vt -0.472342 -0.118527
vt -0.668142 -0.038227
vt -0.440132 -0.158249
vt -0.668142 -0.038227
vt -0.521351 0.022562
vt 0.104019 1.472342
vt 0.000000 1.513759
vt 0.000000 1.803363
vt 0.104019 1.472342
vt 0.000000 1.803363
vt 0.147138 1.668142
vt 0.000000 1.513759
vt -0.114245 1.518776
vt -0.166050 1.754021
vt 0.000000 1.513759
vt -0.166050 1.754021
vt 0.000000 1.803363
vt -0.518776 -0.180732
vt -0.419755 -0.127115
vt -0.563224 -0.016929
vt -0.518776 -0.180732
vt -0.563224 -0.016929
vt -0.754021 -0.109238
vt -0.419755 -0.127115
vt -0.284033 -0.043264
vt -0.405720 0.022704
vt -0.419755 -0.127115
vt -0.405720 0.022704
vt -0.563224 -0.016929
vt -0.245843 1.284033
vt -0.307097 1.186995
vt -0.464626 1.282917
vt -0.245843 1.284033
vt -0.464626 1.282917
vt -0.351170 1.405720
vt -0.307097 1.186995
vt -0.399148 1.076518
vt -0.541652 1.103837
vt -0.307097 1.186995
vt -0.541652 1.103837
vt -0.464626 1.282917
vt -0.399148 1.076518
vt -0.427594 0.918028
vt -0.518082 0.900681
vt -0.399148 1.076518
vt -0.518082 0.900681
vt -0.541652 1.103837
vt 0.081972 -0.226121
vt 0.216345 -0.155173
vt 0.282474 -0.025239
vt 0.081972 -0.226121
vt 0.282474 -0.025239
vt 0.099319 -0.039441
vt 0.216345 -0.155173
vt 0.304518 -0.083473
vt 0.486390 -0.075031
vt 0.216345 -0.155173
vt 0.486390 -0.075031
vt 0.282474 -0.025239
vt -0.263574 0.695482
vt -0.194877 0.595687
vt -0.318736 0.338715
vt -0.263574 0.695482
vt -0.318736 0.338715
vt -0.420993 0.513610
vt -0.194877 0.595687
vt -0.108082 0.509209
vt -0.149907 0.319286
vt -0.194877 0.595687
vt -0.149907 0.319286
vt -0.318736 0.338715
vt -0.108082 0.509209
vt 0.000000 0.509965
vt 0.000000 0.397562
vt -0.108082 0.509209
vt 0.000000 0.397562
vt -0.149907 0.319286
vt 0.000000 0.397562
vt 0.130995 0.405164
vt 0.182621 0.170734
vt 0.000000 0.397562
vt 0.182621 0.170734
vt 0.000000 0.195457
vt 0.130995 0.405164
vt 0.298554 0.380589
vt 0.357402 0.258496
vt 0.130995 0.405164
vt 0.357402 0.258496
vt 0.182621 0.170734
vt 0.619411 -0.069920
vt 0.514884 -0.109553
vt 0.536680 0.096597
vt 0.619411 -0.069920
vt 0.536680 0.096597
vt 0.741504 0.065054
vt 0.514884 -0.109553
vt 0.301074 -0.060764
vt 0.340223 0.096870
vt 0.514884 -0.109553
vt 0.340223 0.096870
vt 0.536680 0.096597
vt 0.301074 -0.060764
vt 0.096229 -0.022218
vt 0.132725 0.038967
vt 0.301074 -0.060764
vt 0.132725 0.038967
vt 0.340223 0.096870
vt 0.501967 0.903771
vt 0.525537 1.100748
vt 0.741777 1.142202
vt 0.501967 0.903771
vt 0.741777 1.142202
vt 0.692342 0.867275
vt 0.525537 1.100748
vt 0.495173 1.301518
vt 0.611831 1.372552
vt 0.525537 1.100748
vt 0.611831 1.372552
vt 0.741777 1.142202
vt 1.061610 0.504827
vt 1.011818 0.624168
vt 0.871666 0.570778
vt 1.061610 0.504827
vt 0.871666 0.570778
vt 0.942790 0.388169
vt -0.434214 -0.011818
vt -0.521351 0.022562
vt -0.647968 0.121717
vt -0.434214 -0.011818
vt -0.647968 0.121717
vt -0.495898 0.128334
vt -0.521351 0.022562
vt -0.668142 -0.038227
vt -0.856116 0.059534
vt -0.521351 0.022562
vt -0.856116 0.059534
vt -0.647968 0.121717
vt 0.147138 1.668142
vt 0.000000 1.803363
vt 0.000000 1.935867
vt 0.147138 1.668142
vt 0.000000 1.935867
vt 0.188534 1.856116
vt 1.123130 1.000000
vt 1.109238 1.166050
vt 0.932249 1.185127
vt 1.123130 1.000000
vt 0.932249 1.185127
vt 0.962690 1.000000
vt 1.109238 1.166050
vt 1.016929 1.271472
vt 0.923508 1.348301
vt 1.109238 1.166050
vt 0.923508 1.348301
vt 0.932249 1.185127
vt -0.271472 1.563224
vt -0.351170 1.405720
vt -0.521965 1.603046
vt -0.271472 1.563224
vt -0.521965 1.603046
vt -0.348301 1.722622
vt -0.351170 1.405720
vt -0.464626 1.282917
vt -0.628611 1.382769
vt -0.351170 1.405720
vt -0.628611 1.382769
vt -0.521965 1.603046
vt -0.464626 1.282917
vt -0.541652 1.103837
vt -0.599679 1.114961
vt -0.464626 1.282917
vt -0.599679 1.114961
vt -0.628611 1.382769
vt -0.103837 -0.064631
vt 0.099319 -0.039441
vt 0.105484 0.136515
vt -0.103837 -0.064631
vt 0.105484 0.136515
vt -0.114961 0.102579
vt 0.099319 -0.039441
vt 0.282474 -0.025239
vt 0.350441 0.084336
vt 0.099319 -0.039441
vt 0.350441 0.084336
vt 0.105484 0.136515
vt 0.282474 -0.025239
vt 0.486390 -0.075031
vt 0.643828 0.013212
vt 0.282474 -0.025239
vt 0.643828 0.013212
vt 0.350441 0.084336
vt -0.420993 0.513610
vt -0.318736 0.338715
vt -0.393385 0.183842
vt -0.420993 0.513610
vt -0.393385 0.183842
vt -0.557263 0.356172
vt -0.318736 0.338715
vt -0.149907 0.319286
vt -0.179214 0.186205
vt -0.318736 0.338715
vt -0.179214 0.186205
vt -0.393385 0.183842
vt 1.048622 1.149907
vt 0.963719 1.000000
vt 0.895764 1.000000
vt 1.048622 1.149907
vt 0.895764 1.000000
vt 0.917988 1.179214
vt 0.000000 0.195457
vt 0.182621 0.170734
vt 0.229428 -0.041812
vt 0.000000 0.195457
vt 0.229428 -0.041812
vt 0.000000 -0.096048
vt 0.182621 0.170734
vt 0.357402 0.258496
vt 0.376135 0.219630
vt 0.182621 0.170734
vt 0.376135 0.219630
vt 0.229428 -0.041812
vt 0.741504 0.065054
vt 0.536680 0.096597
vt 0.548018 0.255396
vt 0.741504 0.065054
vt 0.548018 0.255396
vt 0.780370 0.227316
vt 0.903403 0.535479
vt 0.903130 0.441262
vt 0.778786 0.353693
vt 0.903403 0.535479
vt 0.778786 0.353693
vt 0.744604 0.525665
vt 0.558738 0.659777
vt 0.692342 0.867275
vt 0.814392 0.843877
vt 0.558738 0.659777
vt 0.814392 0.843877
vt 0.646307 0.606455
vt 0.132725 0.038967
vt -0.142202 0.005031
vt -0.154678 0.178059
vt 0.132725 0.038967
vt -0.154678 0.178059
vt 0.156123 0.174918
vt -0.142202 0.005031
vt -0.372552 0.057210
vt -0.408153 0.210337
vt -0.142202 0.005031
vt -0.408153 0.210337
vt -0.154678 0.178059
vt -0.372552 0.057210
vt -0.495898 0.128334
vt -0.634135 0.214719
vt -0.372552 0.057210
vt -0.634135 0.214719
vt -0.408153 0.210337
vt 0.429222 1.495898
vt 0.312318 1.647968
vt 0.416637 1.864401
vt 0.429222 1.495898
vt 0.416637 1.864401
vt 0.548873 1.634135
vt 0.312318 1.647968
vt 0.188534 1.856116
vt 0.211138 1.958760
vt 0.312318 1.647968
vt 0.211138 1.958760
vt 0.416637 1.864401
vt 0.940466 0.811466
vt 0.962690 1.000000
vt 0.762756 1.000000
vt 0.940466 0.811466
vt 0.762756 1.000000
vt 0.794834 0.788862
vt 0.962690 1.000000
vt 0.932249 1.185127
vt 0.765927 1.191391
vt 0.962690 1.000000
vt 0.765927 1.191391
vt 0.762756 1.000000
vt 0.932249 1.185127
vt 0.923508 1.348301
vt 0.814852 1.431411
vt 0.932249 1.185127
vt 0.814852 1.431411
vt 0.765927 1.191391
vt -0.348301 1.722622
vt -0.521965 1.603046
vt -0.654516 1.756188
vt -0.348301 1.722622
vt -0.654516 1.756188
vt -0.431411 1.895052
vt -0.521965 1.603046
vt -0.628611 1.382769
vt -0.712395 1.433787
vt -0.521965 1.603046
vt -0.712395 1.433787
vt -0.654516 1.756188
vt -0.382769 0.044675
vt -0.114961 0.102579
vt -0.127308 0.237546
vt -0.382769 0.044675
vt -0.127308 0.237546
vt -0.433787 0.191250
vt -0.114961 0.102579
vt 0.105484 0.136515
vt 0.128753 0.234405
vt -0.114961 0.102579
vt 0.128753 0.234405
vt -0.127308 0.237546
vt -0.550244 0.894516
vt -0.575519 0.649559
vt -0.688405 0.580821
vt -0.550244 0.894516
vt -0.688405 0.580821
vt -0.671624 0.871247
vt -0.575519 0.649559
vt -0.557263 0.356172
vt -0.579978 0.329929
vt -0.575519 0.649559
vt -0.579978 0.329929
vt -0.688405 0.580821
vt 0.986788 1.557263
vt 0.980171 1.393385
vt 0.783954 1.390909
vt 0.986788 1.557263
vt 0.783954 1.390909
vt 0.802255 1.579978
vt 0.980171 1.393385
vt 0.917988 1.179214
vt 0.792702 1.209681
vt 0.980171 1.393385
vt 0.792702 1.209681
vt 0.783954 1.390909
vt -0.179214 0.186205
vt 0.000000 0.195457
vt 0.000000 -0.096048
vt -0.179214 0.186205
vt 0.000000 -0.096048
vt -0.209681 0.047855
vt 0.824780 1.000000
vt 0.821609 0.770572
vt 0.652205 0.760687
vt 0.824780 1.000000
vt 0.652205 0.760687
vt 0.667114 1.000000
vt 1.041812 0.178391
vt 0.780370 0.227316
vt 0.842495 0.367063
vt 1.041812 0.178391
vt 0.842495 0.367063
vt 1.086702 0.347795
vt 0.780370 0.227316
vt 0.548018 0.255396
vt 0.667423 0.364461
vt 0.780370 0.227316
vt 0.667423 0.364461
vt 0.842495 0.367063
vt 0.474335 0.451982
vt 0.646307 0.606455
vt 0.744731 0.546524
vt 0.474335 0.451982
vt 0.744731 0.546524
vt 0.577685 0.332577
vt 0.393545 0.221214
vt 0.156123 0.174918
vt 0.150501 0.358826
vt 0.393545 0.221214
vt 0.150501 0.358826
vt 0.453476 0.353814
vt 0.156123 0.174918
vt -0.154678 0.178059
vt -0.140977 0.368661
vt 0.156123 0.174918
vt -0.140977 0.368661
vt 0.150501 0.358826
vt -0.154678 0.178059
vt -0.408153 0.210337
vt -0.441425 0.358078
vt -0.154678 0.178059
vt -0.441425 0.358078
vt -0.140977 0.368661
vt -0.408153 0.210337
vt -0.634135 0.214719
vt -0.791987 0.336505
vt -0.408153 0.210337
vt -0.791987 0.336505
vt -0.441425 0.358078
vt 0.548873 1.634135
vt 0.416637 1.864401
vt 0.486564 2.009477
vt 0.548873 1.634135
vt 0.486564 2.009477
vt 0.685501 1.791987
vt 0.803582 0.583363
vt 0.794834 0.788862
vt 0.635420 0.784818
vt 0.803582 0.583363
vt 0.635420 0.784818
vt 0.662109 0.513436
vt 0.794834 0.788862
vt 0.762756 1.000000
vt 0.619969 1.000000
vt 0.794834 0.788862
vt 0.619969 1.000000
vt 0.635420 0.784818
vt 0.762756 1.000000
vt 0.765927 1.191391
vt 0.634878 1.214402
vt 0.762756 1.000000
vt 0.634878 1.214402
vt 0.619969 1.000000
vt 0.765927 1.191391
vt 0.814852 1.431411
vt 0.654146 1.464594
vt 0.765927 1.191391
vt 0.654146 1.464594
vt 0.634878 1.214402
vt -0.895052 0.185148
vt -0.756188 0.157068
vt -0.738735 0.348456
vt -0.895052 0.185148
vt -0.738735 0.348456
vt -0.963897 0.345854
vt -0.756188 0.157068
vt -0.433787 0.191250
vt -0.438529 0.359103
vt -0.756188 0.157068
vt -0.438529 0.359103
vt -0.738735 0.348456
vt -0.433787 0.191250
vt -0.127308 0.237546
vt -0.155086 0.354091
vt -0.433787 0.191250
vt -0.155086 0.354091
vt -0.438529 0.359103
vt -0.664087 1.127308
vt -0.671624 0.871247
vt -0.858665 0.835390
vt -0.664087 1.127308
vt -0.858665 0.835390
vt -0.808987 1.155086
vt -0.671624 0.871247
vt -0.688405 0.580821
vt -0.739974 0.549420
vt -0.671624 0.871247
vt -0.739974 0.549420
vt -0.858665 0.835390
vt 0.797873 1.688405
vt 0.802255 1.579978
vt 0.623588 1.531593
vt 0.797873 1.688405
vt 0.623588 1.531593
vt 0.645161 1.739974
vt 0.670071 0.197745
vt 0.811021 0.216046
vt 0.796915 0.375026
vt 0.670071 0.197745
vt 0.796915 0.375026
vt 0.614171 0.376412
vt 0.811021 0.216046
vt 0.952145 0.207298
vt 1.083161 0.348337
vt 0.811021 0.216046
vt 1.083161 0.348337
vt 0.796915 0.375026
vt -0.209681 0.047855
vt 0.000000 -0.096048
vt 0.000000 -0.234023
vt -0.209681 0.047855
vt 0.000000 -0.234023
vt -0.238534 -0.083161
vt 0.667114 1.000000
vt 0.652205 0.760687
vt 0.485750 0.775980
vt 0.667114 1.000000
vt 0.485750 0.775980
vt 0.485750 1.000000
vt 0.652205 0.760687
vt 0.632937 0.593921
vt 0.485750 0.534377
vt 0.652205 0.760687
vt 0.485750 0.534377
vt 0.485750 0.775980
vt 0.406079 0.157505
vt 0.577685 0.332577
vt 0.698133 0.193419
vt 0.406079 0.157505
vt 0.698133 0.193419
vt 0.465623 0.033968
vt 0.577685 0.332577
vt 0.744731 0.546524
vt 0.772162 0.529821
vt 0.577685 0.332577
vt 0.772162 0.529821
vt 0.698133 0.193419
vt 0.453476 0.353814
vt 0.150501 0.358826
vt 0.135930 0.514250
vt 0.453476 0.353814
vt 0.135930 0.514250
vt 0.470179 0.514250
vt 0.150501 0.358826
vt -0.140977 0.368661
vt -0.135930 0.514250
vt 0.150501 0.358826
vt -0.135930 0.514250
vt 0.135930 0.514250
vt -0.140977 0.368661
vt -0.441425 0.358078
vt -0.470179 0.514250
vt -0.140977 0.368661
vt -0.470179 0.514250
vt -0.135930 0.514250
vt -0.441425 0.358078
vt -0.791987 0.336505
vt -0.806581 0.514250
vt -0.441425 0.358078
vt -0.806581 0.514250
vt -0.470179 0.514250
vt 0.663495 0.314499
vt 0.662109 0.513436
vt 0.485750 0.534377
vt 0.663495 0.314499
vt 0.485750 0.534377
vt 0.485750 0.301867
vt 0.662109 0.513436
vt 0.635420 0.784818
vt 0.485750 0.775980
vt 0.662109 0.513436
vt 0.485750 0.775980
vt 0.485750 0.534377
vt 0.635420 0.784818
vt 0.619969 1.000000
vt 0.485750 1.000000
vt 0.635420 0.784818
vt 0.485750 1.000000
vt 0.485750 0.775980
vt 0.000000 1.913239
vt -0.214402 1.973581
vt -0.240839 2.093630
vt 0.000000 1.913239
vt -0.240839 2.093630
vt 0.000000 2.100000
vt -0.973581 0.365122
vt -0.963897 0.345854
vt -0.884726 0.514250
vt -0.973581 0.365122
vt -0.884726 0.514250
vt -1.093630 0.514250
vt -0.963897 0.345854
vt -0.738735 0.348456
vt -0.634113 0.514250
vt -0.963897 0.345854
vt -0.634113 0.514250
vt -0.884726 0.514250
vt -0.639409 1.738735
vt -0.720183 1.438529
vt -0.728731 1.443734
vt -0.639409 1.738735
vt -0.728731 1.443734
vt -0.548854 1.634113
vt -0.438529 0.359103
vt -0.155086 0.354091
vt -0.177162 0.514250
vt -0.438529 0.359103
vt -0.177162 0.514250
vt -0.443734 0.514250
vt -0.155086 0.354091
vt 0.164610 0.344256
vt 0.177162 0.514250
vt -0.155086 0.354091
vt 0.177162 0.514250
vt -0.177162 0.514250
vt 0.164610 0.344256
vt 0.450580 0.354839
vt 0.443734 0.514250
vt 0.164610 0.344256
vt 0.443734 0.514250
vt 0.177162 0.514250
vt 0.450580 0.354839
vt 0.614171 0.376412
vt 0.634113 0.514250
vt 0.450580 0.354839
vt 0.634113 0.514250
vt 0.443734 0.514250
vt 0.614171 0.376412
vt 0.796915 0.375026
vt 0.884726 0.514250
vt 0.614171 0.376412
vt 0.884726 0.514250
vt 0.634113 0.514250
vt 0.796915 0.375026
vt 1.083161 0.348337
vt 1.093630 0.514250
vt 0.796915 0.375026
vt 1.093630 0.514250
vt 0.884726 0.514250
vt 0.651663 1.238534
vt 0.667114 1.000000
vt 0.485750 1.000000
vt 0.651663 1.238534
vt 0.485750 1.000000
vt 0.485750 1.240839
vt 0.000000 -0.100000
vt 0.224020 -0.017255
vt 0.215182 0.022878
vt 0.000000 -0.100000
vt 0.215182 0.022878
vt 0.000000 0.086761
vt 0.485750 0.775980
vt 0.485750 0.534377
vt 0.309391 0.513436
vt 0.485750 0.775980
vt 0.309391 0.513436
vt 0.336080 0.784818
vt 0.966032 0.514250
vt 0.806581 0.514250
vt 0.791987 0.691995
vt 0.966032 0.514250
vt 0.791987 0.691995
vt 1.009477 0.690609
vt 0.806581 0.514250
vt 0.470179 0.514250
vt 0.441425 0.670422
vt 0.806581 0.514250
vt 0.441425 0.670422
vt 0.791987 0.691995
vt 0.470179 0.514250
vt 0.135930 0.514250
vt 0.140977 0.659839
vt 0.470179 0.514250
vt 0.140977 0.659839
vt 0.441425 0.670422
vt 0.135930 0.514250
vt -0.135930 0.514250
vt -0.150501 0.669674
vt 0.135930 0.514250
vt -0.150501 0.669674
vt 0.140977 0.659839
vt -0.135930 0.514250
vt -0.470179 0.514250
vt -0.453476 0.674686
vt -0.135930 0.514250
vt -0.453476 0.674686
vt -0.150501 0.669674
vt -0.470179 0.514250
vt -0.806581 0.514250
vt -0.667423 0.664039
vt -0.470179 0.514250
vt -0.667423 0.664039
vt -0.453476 0.674686
vt 0.698133 1.806581
vt 0.465623 1.966032
vt 0.406079 1.842495
vt 0.698133 1.806581
vt 0.406079 1.842495
vt 0.577685 1.667423
vt -0.966032 0.514250
vt -1.017255 0.514250
vt -1.086702 0.680705
vt -0.966032 0.514250
vt -1.086702 0.680705
vt -0.842495 0.661437
vt 0.485750 0.775980
vt 0.485750 1.000000
vt 0.304386 1.000000
vt 0.485750 0.775980
vt 0.304386 1.000000
vt 0.319295 0.760687
vt 0.485750 1.000000
vt 0.485750 1.240839
vt 0.319837 1.238534
vt 0.485750 1.000000
vt 0.319837 1.238534
vt 0.304386 1.000000
vt -1.093630 0.514250
vt -0.884726 0.514250
vt -0.796915 0.653474
vt -1.093630 0.514250
vt -0.796915 0.653474
vt -1.083161 0.680163
vt -0.884726 0.514250
vt -0.634113 0.514250
vt -0.614171 0.652088
vt -0.884726 0.514250
vt -0.614171 0.652088
vt -0.796915 0.653474
vt 0.485750 1.548854
vt 0.485750 1.728731
vt 0.326339 1.739974
vt 0.485750 1.548854
vt 0.326339 1.739974
vt 0.347912 1.531593
vt -0.443734 0.514250
vt -0.177162 0.514250
vt -0.164610 0.684244
vt -0.443734 0.514250
vt -0.164610 0.684244
vt -0.450580 0.673661
vt -0.177162 0.514250
vt 0.177162 0.514250
vt 0.155086 0.674409
vt -0.177162 0.514250
vt 0.155086 0.674409
vt -0.164610 0.684244
vt 0.177162 0.514250
vt 0.443734 0.514250
vt 0.438529 0.669397
vt 0.177162 0.514250
vt 0.438529 0.669397
vt 0.155086 0.674409
vt 0.443734 0.514250
vt 0.634113 0.514250
vt 0.738735 0.680044
vt 0.443734 0.514250
vt 0.738735 0.680044
vt 0.438529 0.669397
vt -0.548854 0.365887
vt -0.426434 0.115274
vt -0.464594 0.036103
vt -0.548854 0.365887
vt -0.464594 0.036103
vt -0.639409 0.261265
vt 0.485750 1.426434
vt 0.485750 1.240839
vt 0.336622 1.214402
vt 0.485750 1.426434
vt 0.336622 1.214402
vt 0.317354 1.464594
vt 0.485750 1.240839
vt 0.485750 1.000000
vt 0.351531 1.000000
vt 0.485750 1.240839
vt 0.351531 1.000000
vt 0.336622 1.214402
vt 0.351531 1.000000
vt 0.336080 0.784818
vt 0.176666 0.788862
vt 0.351531 1.000000
vt 0.176666 0.788862
vt 0.208744 1.000000
vt 0.336080 0.784818
vt 0.309391 0.513436
vt 0.167918 0.583363
vt 0.336080 0.784818
vt 0.167918 0.583363
vt 0.176666 0.788862
vt 0.486564 -0.009477
vt 0.685501 0.208013
vt 0.548873 0.365865
vt 0.486564 -0.009477
vt 0.548873 0.365865
vt 0.416637 0.135599
vt 0.685501 0.208013
vt 0.724940 0.558575
vt 0.670297 0.591847
vt 0.685501 0.208013
vt 0.670297 0.591847
vt 0.548873 0.365865
vt 0.441425 0.670422
vt 0.140977 0.659839
vt 0.154678 0.850441
vt 0.441425 0.670422
vt 0.154678 0.850441
vt 0.408153 0.818163
vt 0.140977 0.659839
vt -0.150501 0.669674
vt -0.156123 0.853582
vt 0.140977 0.659839
vt -0.156123 0.853582
vt 0.154678 0.850441
vt -0.150501 0.669674
vt -0.453476 0.674686
vt -0.393545 0.807286
vt -0.150501 0.669674
vt -0.393545 0.807286
vt -0.156123 0.853582
vt 0.325314 0.255269
vt 0.335961 0.422315
vt 0.226896 0.525665
vt 0.325314 0.255269
vt 0.226896 0.525665
vt 0.192714 0.353693
vt 0.577685 1.667423
vt 0.406079 1.842495
vt 0.376135 1.780370
vt 0.577685 1.667423
vt 0.376135 1.780370
vt 0.474335 1.548018
vt -0.842495 0.661437
vt -1.086702 0.680705
vt -1.041812 0.850109
vt -0.842495 0.661437
vt -1.041812 0.850109
vt -0.780370 0.801184
vt 0.319295 0.760687
vt 0.304386 1.000000
vt 0.146720 1.000000
vt 0.319295 0.760687
vt 0.146720 1.000000
vt 0.149891 0.770572
vt 0.304386 1.000000
vt 0.319837 1.238534
vt 0.178798 1.209681
vt 0.304386 1.000000
vt 0.178798 1.209681
vt 0.146720 1.000000
vt -0.238534 2.083161
vt -0.384110 1.796915
vt -0.390909 1.811021
vt -0.238534 2.083161
vt -0.390909 1.811021
vt -0.209681 1.952145
vt 0.346526 1.384110
vt 0.347912 1.531593
vt 0.169245 1.579978
vt 0.346526 1.384110
vt 0.169245 1.579978
vt 0.187546 1.390909
vt -0.614171 0.652088
vt -0.450580 0.673661
vt -0.419179 0.826373
vt -0.614171 0.652088
vt -0.419179 0.826373
vt -0.670071 0.830755
vt -0.450580 0.673661
vt -0.164610 0.684244
vt -0.128753 0.794095
vt -0.450580 0.673661
vt -0.128753 0.794095
vt -0.419179 0.826373
vt -0.858665 1.164610
vt -0.808987 0.844914
vt -0.664087 0.872692
vt -0.858665 1.164610
vt -0.664087 0.872692
vt -0.671624 1.128753
vt -0.808987 0.844914
vt -0.720183 0.561471
vt -0.712395 0.566213
vt -0.808987 0.844914
vt -0.712395 0.566213
vt -0.664087 0.872692
vt 0.438529 0.669397
vt 0.738735 0.680044
vt 0.756188 0.871432
vt 0.438529 0.669397
vt 0.756188 0.871432
vt 0.433787 0.837250
vt 0.319956 1.639409
vt 0.317354 1.464594
vt 0.156648 1.431411
vt 0.319956 1.639409
vt 0.156648 1.431411
vt 0.128568 1.654516
vt 0.317354 1.464594
vt 0.336622 1.214402
vt 0.205573 1.191391
vt 0.317354 1.464594
vt 0.205573 1.191391
vt 0.156648 1.431411
vt 0.336622 1.214402
vt 0.351531 1.000000
vt 0.208744 1.000000
vt 0.336622 1.214402
vt 0.208744 1.000000
vt 0.205573 1.191391
vt 0.208744 1.000000
vt 0.176666 0.788862
vt 0.031034 0.811466
vt 0.208744 1.000000
vt 0.031034 0.811466
vt 0.008810 1.000000
vt 0.958760 0.823334
vt 0.864401 0.832082
vt 0.647968 0.906783
vt 0.958760 0.823334
vt 0.647968 0.906783
vt 0.856116 0.968966
vt 0.416637 0.135599
vt 0.548873 0.365865
vt 0.429222 0.504102
vt 0.416637 0.135599
vt 0.429222 0.504102
vt 0.312318 0.352032
vt 0.548873 0.365865
vt 0.670297 0.591847
vt 0.611831 0.627448
vt 0.548873 0.365865
vt 0.611831 0.627448
vt 0.429222 0.504102
vt 0.408153 0.818163
vt 0.154678 0.850441
vt 0.142202 1.023469
vt 0.408153 0.818163
vt 0.142202 1.023469
vt 0.372552 0.971290
vt 0.154678 0.850441
vt -0.156123 0.853582
vt -0.132725 0.989533
vt 0.154678 0.850441
vt -0.132725 0.989533
vt 0.142202 1.023469
vt 0.814392 1.156123
vt 0.646307 1.393545
vt 0.558738 1.340223
vt 0.814392 1.156123
vt 0.558738 1.340223
vt 0.692342 1.132725
vt -0.393545 0.807286
vt -0.548018 0.773104
vt -0.536680 0.931903
vt -0.393545 0.807286
vt -0.536680 0.931903
vt -0.340223 0.931630
vt -0.548018 0.773104
vt -0.780370 0.801184
vt -0.741504 0.963446
vt -0.548018 0.773104
vt -0.741504 0.963446
vt -0.536680 0.931903
vt 0.198816 0.623865
vt 0.149891 0.770572
vt 0.045295 0.817379
vt 0.198816 0.623865
vt 0.045295 0.817379
vt 0.036554 0.642598
vt 0.229428 2.041812
vt 0.000000 2.096048
vt 0.000000 1.804543
vt 0.229428 2.041812
vt 0.000000 1.804543
vt 0.182621 1.829266
vt 0.000000 2.096048
vt -0.209681 1.952145
vt -0.179214 1.813795
vt 0.000000 2.096048
vt -0.179214 1.813795
vt 0.000000 1.804543
vt -0.209681 1.952145
vt -0.390909 1.811021
vt -0.393385 1.816158
vt -0.209681 1.952145
vt -0.393385 1.816158
vt -0.179214 1.813795
vt -0.811021 0.812454
vt -0.670071 0.830755
vt -0.643828 1.015288
vt -0.811021 0.812454
vt -0.643828 1.015288
vt -0.816158 1.008671
vt -0.670071 0.830755
vt -0.419179 0.826373
vt -0.350441 0.944164
vt -0.670071 0.830755
vt -0.350441 0.944164
vt -0.643828 1.015288
vt -0.419179 0.826373
vt -0.128753 0.794095
vt -0.105484 0.891985
vt -0.419179 0.826373
vt -0.105484 0.891985
vt -0.350441 0.944164
vt -0.671624 1.128753
vt -0.664087 0.872692
vt -0.599679 0.885039
vt -0.671624 1.128753
vt -0.599679 0.885039
vt -0.550244 1.105484
vt 0.127308 0.790954
vt 0.433787 0.837250
vt 0.382769 0.983825
vt 0.127308 0.790954
vt 0.382769 0.983825
vt 0.114961 0.925921
vt 0.433787 0.837250
vt 0.756188 0.871432
vt 0.603046 0.983551
vt 0.433787 0.837250
vt 0.603046 0.983551
vt 0.382769 0.983825
vt -0.654516 0.243812
vt -0.431411 0.104948
vt -0.348301 0.277378
vt -0.654516 0.243812
vt -0.348301 0.277378
vt -0.521965 0.396954
vt -0.431411 0.104948
vt -0.191391 0.130907
vt -0.185127 0.159355
vt -0.431411 0.104948
vt -0.185127 0.159355
vt -0.348301 0.277378
vt 0.205573 1.191391
vt 0.208744 1.000000
vt 0.008810 1.000000
vt 0.205573 1.191391
vt 0.008810 1.000000
vt 0.039251 1.185127
vt 0.935867 0.991190
vt 0.856116 0.968966
vt 0.668142 1.066727
vt 0.935867 0.991190
vt 0.668142 1.066727
vt 0.803363 1.151630
vt 0.856116 0.968966
vt 0.647968 0.906783
vt 0.521351 1.005938
vt 0.856116 0.968966
vt 0.521351 1.005938
vt 0.668142 1.066727
vt 0.312318 0.352032
vt 0.429222 0.504102
vt 0.375832 0.565786
vt 0.312318 0.352032
vt 0.375832 0.565786
vt 0.251289 0.478649
vt 0.099834 0.570778
vt 0.028710 0.388169
vt -0.090110 0.504827
vt 0.099834 0.570778
vt -0.090110 0.504827
vt -0.040318 0.624168
vt 0.611831 0.627448
vt 0.741777 0.857798
vt 0.525537 0.899252
vt 0.611831 0.627448
vt 0.525537 0.899252
vt 0.495173 0.698482
vt 0.741777 0.857798
vt 0.692342 1.132725
vt 0.501967 1.096229
vt 0.741777 0.857798
vt 0.501967 1.096229
vt 0.525537 0.899252
vt 0.692342 1.132725
vt 0.558738 1.340223
vt 0.494446 1.301074
vt 0.692342 1.132725
vt 0.494446 1.301074
vt 0.501967 1.096229
vt -0.340223 0.931630
vt -0.536680 0.931903
vt -0.514884 1.138053
vt -0.340223 0.931630
vt -0.514884 1.138053
vt -0.301074 1.089264
vt 0.068097 0.535479
vt 0.036554 0.642598
vt -0.098420 0.701446
vt 0.068097 0.535479
vt -0.098420 0.701446
vt -0.138053 0.554344
vt 0.036554 0.642598
vt 0.045295 0.817379
vt -0.006110 0.869005
vt 0.036554 0.642598
vt -0.006110 0.869005
vt -0.098420 0.701446
vt 0.182621 1.829266
vt 0.000000 1.804543
vt 0.000000 1.602438
vt 0.182621 1.829266
vt 0.000000 1.602438
vt 0.130995 1.594836
vt 0.000000 1.804543
vt -0.179214 1.813795
vt -0.149907 1.680714
vt 0.000000 1.804543
vt -0.149907 1.680714
vt 0.000000 1.602438
vt 0.053512 1.179214
vt -0.008671 1.393385
vt -0.137911 1.318736
vt 0.053512 1.179214
vt -0.137911 1.318736
vt -0.077122 1.149907
vt -0.393385 1.816158
vt -0.557263 1.643828
vt -0.420993 1.486390
vt -0.393385 1.816158
vt -0.420993 1.486390
vt -0.318736 1.661285
vt -0.557263 1.643828
vt -0.575519 1.350441
vt -0.463898 1.282474
vt -0.557263 1.643828
vt -0.463898 1.282474
vt -0.420993 1.486390
vt -0.575519 1.350441
vt -0.550244 1.105484
vt -0.518082 1.099319
vt -0.575519 1.350441
vt -0.518082 1.099319
vt -0.463898 1.282474
vt -0.105484 0.891985
vt 0.114961 0.925921
vt 0.103837 1.093131
vt -0.105484 0.891985
vt 0.103837 1.093131
vt -0.099319 1.067941
vt 0.114961 0.925921
vt 0.382769 0.983825
vt 0.282917 1.054585
vt 0.114961 0.925921
vt 0.282917 1.054585
vt 0.103837 1.093131
vt -0.628611 0.617231
vt -0.521965 0.396954
vt -0.351170 0.594280
vt -0.628611 0.617231
vt -0.351170 0.594280
vt -0.464626 0.717083
vt -0.521965 0.396954
vt -0.348301 0.277378
vt -0.271472 0.436776
vt -0.521965 0.396954
vt -0.271472 0.436776
vt -0.351170 0.594280
vt 0.722622 0.952008
vt 0.840645 0.960749
vt 0.754021 1.137738
vt 0.722622 0.952008
vt 0.754021 1.137738
vt 0.563224 1.045429
vt 0.039251 1.185127
vt 0.008810 1.000000
vt -0.151630 1.000000
vt 0.039251 1.185127
vt -0.151630 1.000000
vt -0.137738 1.166050
vt 0.000000 0.196637
vt 0.147138 0.331858
vt 0.104019 0.527658
vt 0.000000 0.196637
vt 0.104019 0.527658
vt 0.000000 0.486241
vt 0.147138 0.331858
vt 0.251289 0.478649
vt 0.212142 0.559868
vt 0.147138 0.331858
vt 0.212142 0.559868
vt 0.104019 0.527658
vt -0.005938 0.748711
vt -0.040318 0.624168
vt -0.206797 0.694612
vt -0.005938 0.748711
vt -0.206797 0.694612
vt -0.186749 0.787858
vt 0.434214 1.040318
vt 0.301518 1.090110
vt 0.200646 1.135097
vt 0.434214 1.040318
vt 0.200646 1.135097
vt 0.352827 1.206797
vt 0.495173 0.698482
vt 0.525537 0.899252
vt 0.317589 0.939117
vt 0.495173 0.698482
vt 0.317589 0.939117
vt 0.329515 0.799354
vt 0.525537 0.899252
vt 0.501967 1.096229
vt 0.346035 1.066336
vt 0.525537 0.899252
vt 0.346035 1.066336
vt 0.317589 0.939117
vt 0.501967 1.096229
vt 0.494446 1.301074
vt 0.377715 1.229996
vt 0.501967 1.096229
vt 0.377715 1.229996
vt 0.346035 1.066336
vt -0.301074 1.089264
vt -0.514884 1.138053
vt -0.373313 1.247006
vt -0.301074 1.089264
vt -0.373313 1.247006
vt -0.229996 1.225912
vt -0.138053 0.554344
vt -0.098420 0.701446
vt -0.163155 0.795301
vt -0.138053 0.554344
vt -0.163155 0.795301
vt -0.247006 0.676881
vt 0.298554 1.619411
vt 0.130995 1.594836
vt 0.097856 1.444358
vt 0.298554 1.619411
vt 0.097856 1.444358
vt 0.204699 1.424690
vt 0.130995 1.594836
vt 0.000000 1.602438
vt 0.000000 1.490035
vt 0.130995 1.594836
vt 0.000000 1.490035
vt 0.097856 1.444358
vt 0.007781 1.000000
vt -0.077122 1.149907
vt -0.171743 1.108082
vt 0.007781 1.000000
vt -0.171743 1.108082
vt -0.144138 1.000000
vt -0.149907 1.680714
vt -0.318736 1.661285
vt -0.194877 1.404313
vt -0.149907 1.680714
vt -0.194877 1.404313
vt -0.108082 1.490791
vt -0.318736 1.661285
vt -0.420993 1.486390
vt -0.263574 1.304518
vt -0.318736 1.661285
vt -0.263574 1.304518
vt -0.194877 1.404313
vt -0.420993 1.486390
vt -0.463898 1.282474
vt -0.355297 1.216345
vt -0.420993 1.486390
vt -0.355297 1.216345
vt -0.263574 1.304518
vt -0.463898 1.282474
vt -0.518082 1.099319
vt -0.427594 1.081972
vt -0.463898 1.282474
vt -0.427594 1.081972
vt -0.355297 1.216345
vt -0.099319 1.067941
vt 0.103837 1.093131
vt 0.076518 1.205367
vt -0.099319 1.067941
vt 0.076518 1.205367
vt -0.081972 1.254621
vt -0.093131 1.541652
vt -0.054585 1.464626
vt -0.092858 1.307097
vt -0.093131 1.541652
vt -0.092858 1.307097
vt -0.205367 1.399148
vt -0.464626 0.717083
vt -0.351170 0.594280
vt -0.245843 0.715967
vt -0.464626 0.717083
vt -0.245843 0.715967
vt -0.307097 0.813005
vt -0.351170 0.594280
vt -0.271472 0.436776
vt -0.202320 0.580245
vt -0.351170 0.594280
vt -0.202320 0.580245
vt -0.245843 0.715967
vt -0.271472 0.436776
vt -0.166050 0.245979
vt -0.114245 0.481224
vt -0.271472 0.436776
vt -0.114245 0.481224
vt -0.202320 0.580245
vt -0.166050 0.245979
vt 0.000000 0.196637
vt 0.000000 0.486241
vt -0.166050 0.245979
vt 0.000000 0.486241
vt -0.114245 0.481224
vt 0.513759 1.174632
vt 0.472342 1.147027
vt 0.273113 1.235718
vt 0.513759 1.174632
vt 0.273113 1.235718
vt 0.246236 1.138369
vt 0.472342 1.147027
vt 0.440132 1.186749
vt 0.269342 1.325758
vt 0.472342 1.147027
vt 0.269342 1.325758
vt 0.273113 1.235718
vt 0.440132 1.186749
vt 0.352827 1.206797
vt 0.197097 1.277115
vt 0.440132 1.186749
vt 0.197097 1.277115
vt 0.269342 1.325758
vt 0.352827 1.206797
vt 0.200646 1.135097
vt 0.106159 1.161976
vt 0.352827 1.206797
vt 0.106159 1.161976
vt 0.197097 1.277115
vt 0.329515 0.799354
vt 0.317589 0.939117
vt 0.183283 0.964864
vt 0.329515 0.799354
vt 0.183283 0.964864
vt 0.174342 0.893841
vt -0.064149 0.682411
vt -0.113403 0.653965
vt -0.210643 0.796035
vt -0.064149 0.682411
vt -0.210643 0.796035
vt -0.140028 0.816717
vt 0.346035 1.066336
vt 0.377715 1.229996
vt 0.195444 1.119008
vt 0.346035 1.066336
vt 0.195444 1.119008
vt 0.203965 1.039101
vt 0.377715 1.229996
vt 0.323119 1.373313
vt 0.153435 1.177270
vt 0.377715 1.229996
vt 0.153435 1.177270
vt 0.195444 1.119008
vt 0.323119 1.373313
vt 0.204699 1.424690
vt 0.109796 1.227794
vt 0.323119 1.373313
vt 0.109796 1.227794
vt 0.153435 1.177270
vt -0.424690 1.163155
vt -0.444358 1.109538
vt -0.287080 1.272612
vt -0.424690 1.163155
vt -0.287080 1.272612
vt -0.227794 1.200578
vt 0.097856 1.444358
vt 0.000000 1.490035
vt 0.000000 1.307425
vt 0.097856 1.444358
vt 0.000000 1.307425
vt 0.063221 1.287080
vt -0.490035 1.144138
vt -0.490791 1.171743
vt -0.258121 1.196113
vt -0.490035 1.144138
vt -0.258121 1.196113
vt -0.307425 1.293462
vt -0.490791 1.171743
vt -0.404313 1.132021
vt -0.196428 1.106074
vt -0.490791 1.171743
vt -0.196428 1.106074
vt -0.258121 1.196113
vt -0.194877 1.404313
vt -0.263574 1.304518
vt -0.143225 1.165474
vt -0.194877 1.404313
vt -0.143225 1.165474
vt -0.094677 1.196428
vt -0.111973 1.263574
vt -0.183673 1.355297
vt -0.269855 1.203379
vt -0.111973 1.263574
vt -0.269855 1.203379
vt -0.154716 1.143225
vt -0.355297 1.216345
vt -0.427594 1.081972
vt -0.227736 1.043658
vt -0.355297 1.216345
vt -0.227736 1.043658
vt -0.203379 1.123840
vt -0.427594 1.081972
vt -0.399148 0.923482
vt -0.207054 0.960307
vt -0.427594 1.081972
vt -0.207054 0.960307
vt -0.227736 1.043658
vt -0.399148 0.923482
vt -0.307097 0.813005
vt -0.182277 0.889009
vt -0.399148 0.923482
vt -0.182277 0.889009
vt -0.207054 0.960307
vt -0.307097 0.813005
vt -0.245843 0.715967
vt -0.160387 0.814699
vt -0.307097 0.813005
vt -0.160387 0.814699
vt -0.182277 0.889009
vt -0.245843 0.715967
vt -0.202320 0.580245
vt -0.114703 0.762025
vt -0.245843 0.715967
vt -0.114703 0.762025
vt -0.160387 0.814699
vt 0.419755 1.155615
vt 0.518776 1.209232
vt 0.244155 1.159219
vt 0.419755 1.155615
vt 0.244155 1.159219
vt 0.237975 1.231253
vt -0.114245 0.481224
vt 0.000000 0.486241
vt 0.000000 0.753764
vt -0.114245 0.481224
vt 0.000000 0.753764
vt -0.053768 0.755845
vt 0.246236 1.138369
vt 0.273113 1.235718
vt 0.038725 1.273967
vt 0.246236 1.138369
vt 0.038725 1.273967
vt 0.035117 1.175268
vt 0.273113 1.235718
vt 0.269342 1.325758
vt 0.034476 1.285666
vt 0.273113 1.235718
vt 0.034476 1.285666
vt 0.038725 1.273967
vt 0.269342 1.325758
vt 0.197097 1.277115
vt 0.025013 1.233229
vt 0.269342 1.325758
vt 0.025013 1.233229
vt 0.034476 1.285666
vt 0.170597 0.802903
vt 0.174342 0.893841
vt 0.026243 0.984020
vt 0.170597 0.802903
vt 0.026243 0.984020
vt 0.021650 0.974987
vt -0.161976 0.825658
vt -0.140028 0.816717
vt -0.290819 0.969373
vt -0.161976 0.825658
vt -0.290819 0.969373
vt -0.238323 0.973757
vt -0.140028 0.816717
vt -0.210643 0.796035
vt -0.267128 0.970308
vt -0.140028 0.816717
vt -0.267128 0.970308
vt -0.290819 0.969373
vt -0.210643 0.796035
vt -0.240375 0.804556
vt -0.165352 0.976402
vt -0.210643 0.796035
vt -0.165352 0.976402
vt -0.267128 0.970308
vt -0.240375 0.804556
vt -0.200373 0.846565
vt -0.137903 0.981221
vt -0.240375 0.804556
vt -0.137903 0.981221
vt -0.165352 0.976402
vt -0.177270 1.200373
vt -0.227794 1.200578
vt -0.032675 1.245364
vt -0.177270 1.200373
vt -0.032675 1.245364
vt -0.021697 1.137903
vt -0.227794 1.200578
vt -0.287080 1.272612
vt -0.042257 1.343249
vt -0.227794 1.200578
vt -0.042257 1.343249
vt -0.032675 1.245364
vt -0.287080 1.272612
vt -0.307425 1.293462
vt -0.041868 1.302344
vt -0.287080 1.272612
vt -0.041868 1.302344
vt -0.042257 1.343249
vt -0.307425 1.293462
vt -0.258121 1.196113
vt -0.035141 1.203645
vt -0.307425 1.293462
vt -0.035141 1.203645
vt -0.041868 1.302344
vt -0.258121 1.196113
vt -0.196428 1.106074
vt -0.030287 1.191946
vt -0.258121 1.196113
vt -0.030287 1.191946
vt -0.035141 1.203645
vt -0.196428 1.106074
vt -0.165474 1.154716
vt -0.025401 1.244383
vt -0.196428 1.106074
vt -0.025401 1.244383
vt -0.030287 1.191946
vt -0.143225 1.165474
vt -0.203379 1.123840
vt -0.026278 1.016001
vt -0.143225 1.165474
vt -0.026278 1.016001
vt -0.021986 1.025401
vt -0.269855 1.203379
vt -0.291803 1.227736
vt -0.186793 1.026524
vt -0.269855 1.203379
vt -0.186793 1.026524
vt -0.239289 1.026278
vt -0.291803 1.227736
vt -0.221188 1.207054
vt -0.210484 1.027458
vt -0.291803 1.227736
vt -0.210484 1.027458
vt -0.186793 1.026524
vt -0.221188 1.207054
vt -0.191456 1.182277
vt -0.312260 1.028922
vt -0.221188 1.207054
vt -0.312260 1.028922
vt -0.210484 1.027458
vt 0.110991 1.191456
vt 0.185301 1.231458
vt 0.028717 1.339709
vt 0.110991 1.191456
vt 0.028717 1.339709
vt 0.017611 1.312260
vt 0.185301 1.231458
vt 0.237975 1.231253
vt 0.032089 1.232248
vt 0.185301 1.231458
vt 0.032089 1.232248
vt 0.028717 1.339709
vt 0.237975 1.231253
vt 0.244155 1.159219
vt 0.031609 1.134363
vt 0.237975 1.231253
vt 0.031609 1.134363
vt 0.032089 1.232248
vt 0.244155 1.159219
vt 0.246236 1.138369
vt 0.035117 1.175268
vt 0.244155 1.159219
vt 0.035117 1.175268
vt 0.031609 1.134363
vt -0.000000 1.000000
vt 0.084513 0.981388
vt 0.083735 1.000000
vt -0.000000 1.000000
vt 0.065349 0.968502
vt 0.084513 0.981388
vt -0.000000 1.000000
vt 0.043393 0.962441
vt 0.065349 0.968502
vt -0.000000 1.000000
vt 0.028738 0.952804
vt 0.043393 0.962441
vt -0.000000 1.000000
vt 0.011384 0.940616
vt 0.028738 0.952804
vt -0.000000 1.000000
vt -0.011742 0.938747
vt 0.011384 0.940616
vt -0.000000 1.000000
vt -0.031959 0.947514
vt -0.011742 0.938747
vt -0.000000 1.000000
vt -0.050026 0.956700
vt -0.031959 0.947514
vt -0.000000 1.000000
vt -0.068952 0.966766
vt -0.050026 0.956700
vt -0.000000 1.000000
vt -0.077450 0.982944
vt -0.068952 0.966766
vt -0.000000 1.000000
vt -0.070233 1.000000
vt -0.077450 0.982944
vt -0.000000 1.000000
vt -0.063218 1.013922
vt -0.070233 1.000000
vt -0.000000 1.000000
vt -0.064177 1.030933
vt -0.063218 1.013922
vt -0.000000 1.000000
vt -0.057435 1.049712
vt -0.064177 1.030933
vt -0.000000 1.000000
vt -0.035223 1.057845
vt -0.057435 1.049712
vt -0.000000 1.000000
vt -0.010528 1.054917
vt -0.035223 1.057845
vt -0.000000 1.000000
vt 0.010170 1.053048
vt -0.010528 1.054917
vt -0.000000 1.000000
vt 0.032002 1.052556
vt 0.010170 1.053048
vt -0.000000 1.000000
vt 0.050802 1.043971
vt 0.032002 1.052556
vt -0.000000 1.000000
vt 0.060575 1.029197
vt 0.050802 1.043971
vt -0.000000 1.000000
vt 0.070281 1.015477
vt 0.060575 1.029197
vt -0.000000 1.000000
vt 0.083735 1.000000
vt 0.070281 1.015477
vt -0.000000 1.000000
vt 0.070233 1.000000
vt 0.077450 0.982944
vt -0.000000 1.000000
vt 0.077450 0.982944
vt 0.068952 0.966766
vt -0.000000 1.000000
vt 0.068952 0.966766
vt 0.050026 0.956700
vt -0.000000 1.000000
vt 0.050026 0.956700
vt 0.031959 0.947514
vt -0.000000 1.000000
vt 0.031959 0.947514
vt 0.011742 0.938747
vt -0.000000 1.000000
vt 0.011742 0.938747
vt -0.011384 0.940616
vt -0.000000 1.000000
vt -0.011384 0.940616
vt -0.028738 0.952804
vt -0.000000 1.000000
vt -0.028738 0.952804
vt -0.043393 0.962441
vt -0.000000 1.000000
vt -0.043393 0.962441
vt -0.065349 0.968502
vt -0.000000 1.000000
vt -0.065349 0.968502
vt -0.084513 0.981388
vt -0.000000 1.000000
vt -0.084513 0.981388
vt -0.083735 1.000000
vt -0.000000 1.000000
vt -0.083735 1.000000
vt -0.070281 1.015477
vt -0.000000 1.000000
vt -0.070281 1.015477
vt -0.060575 1.029197
vt -0.000000 1.000000
vt -0.060575 1.029197
vt -0.050802 1.043971
vt -0.000000 1.000000
vt -0.050802 1.043971
vt -0.032002 1.052556
vt -0.000000 1.000000
vt -0.032002 1.052556
vt -0.010170 1.053048
vt -0.000000 1.000000
vt -0.010170 1.053048
vt 0.010528 1.054917
vt -0.000000 1.000000
vt 0.010528 1.054917
vt 0.035223 1.057845
vt -0.000000 1.000000
vt 0.035223 1.057845
vt 0.057435 1.049712
vt -0.000000 1.000000
vt 0.057435 1.049712
vt 0.064177 1.030933
vt -0.000000 1.000000
vt 0.064177 1.030933
vt 0.063218 1.013922
vt -0.000000 1.000000
vt 0.063218 1.013922
vt 0.070233 1.000000
f 1/1/1 2/2/2 3/3/3
f 4/4/4 5/5/5 6/6/6
f 7/7/7 8/8/8 9/9/9
f 10/10/10 11/11/11 12/12/12
f 13/13/13 14/14/14 15/15/15
f 16/16/16 17/17/17 18/18/18
f 19/19/19 20/20/20 21/21/21
f 22/22/22 23/23/23 24/24/24
f 25/25/25 26/26/26 27/27/27
f 28/28/28 29/29/29 30/30/30
f 31/31/31 32/32/32 33/33/33
f 34/34/34 35/35/35 36/36/36
f 37/37/37 38/38/38 39/39/39
f 40/40/40 41/41/41 42/42/42
f 43/43/43 44/44/44 45/45/45
f 46/46/46 47/47/47 48/48/48
f 49/49/49 50/50/50 51/51/51
f 52/52/52 53/53/53 54/54/54
f 55/55/55 56/56/56 57/57/57
f 58/58/58 59/59/59 60/60/60
f 61/61/61 62/62/62 63/63/63
f 64/64/64 65/65/65 66/66/66
f 67/67/67 68/68/68 69/69/69
f 70/70/70 71/71/71 72/72/72
f 73/73/73 74/74/74 75/75/75
f 76/76/76 77/77/77 78/78/78
f 79/79/79 80/80/80 81/81/81
f 82/82/82 83/83/83 84/84/84
f 85/85/85 86/86/86 87/87/87
f 88/88/88 89/89/89 90/90/90
f 91/91/91 92/92/92 93/93/93
f 94/94/94 95/95/95 96/96/96
f 97/97/97 98/98/98 99/99/99
f 100/100/100 101/101/101 102/102/102
f 103/103/103 104/104/104 105/105/105
f 106/106/106 107/107/107 108/108/108
f 109/109/109 110/110/110 111/111/111
f 112/112/112 113/113/113 114/114/114
f 115/115/115 116/116/116 117/117/117
f 118/118/118 119/119/119 120/120/120
f 121/121/121 122/122/122 123/123/123
f 124/124/124 125/125/125 126/126/126
f 127/127/127 128/128/128 129/129/129
f 130/130/130 131/131/131 132/132/132
f 133/133/133 134/134/134 135/135/135
f 136/136/136 137/137/137 138/138/138
f 139/139/139 140/140/140 141/141/141
f 142/142/142 143/143/143 144/144/144
f 145/145/145 146/146/146 147/147/147
f 148/148/148 149/149/149 150/150/150
f 151/151/151 152/152/152 153/153/153
f 154/154/154 155/155/155 156/156/156
f 157/157/157 158/158/158 159/159/159
f 160/160/160 161/161/161 162/162/162
f 163/163/163 164/164/164 165/165/165
f 166/166/166 167/167/167 168/168/168
f 169/169/169 170/170/170 171/171/171
f 172/172/172 173/173/173 174/174/174
f 175/175/175 176/176/176 177/177/177
f 178/178/178 179/179/179 180/180/180
f 181/181/181 182/182/182 183/183/183
f 184/184/184 185/185/185 186/186/186
f 187/187/187 188/188/188 189/189/189
f 190/190/190 191/191/191 192/192/192
f 193/193/193 194/194/194 195/195/195
f 196/196/196 197/197/197 198/198/198
f 199/199/199 200/200/200 201/201/201
f 202/202/202 203/203/203 204/204/204
f 205/205/205 206/206/206 207/207/207
f 208/208/208 209/209/209 210/210/210
f 211/211/211 212/212/212 213/213/213
f 214/214/214 215/215/215 216/216/216
f 217/217/217 218/218/218 219/219/219
f 220/220/220 221/221/221 222/222/222
f 223/223/223 224/224/224 225/225/225
f 226/226/226 227/227/227 228/228/228
f 229/229/229 230/230/230 231/231/231
f 232/232/232 233/233/233 234/234/234
f 235/235/235 236/236/236 237/237/237
f 238/238/238 239/239/239 240/240/240
f 241/241/241 242/242/242 243/243/243
f 244/244/244 245/245/245 246/246/246
f 247/247/247 248/248/248 249/249/249
f 250/250/250 251/251/251 252/252/252
f 253/253/253 254/254/254 255/255/255
f 256/256/256 257/257/257 258/258/258
f 259/259/259 260/260/260 261/261/261
f 262/262/262 263/263/263 264/264/264
f 265/265/265 266/266/266 267/267/267
f 268/268/268 269/269/269 270/270/270
f 271/271/271 272/272/272 273/273/273
f 274/274/274 275/275/275 276/276/276
f 277/277/277 278/278/278 279/279/279
f 280/280/280 281/281/281 282/282/282
f 283/283/283 284/284/284 285/285/285
f 286/286/286 287/287/287 288/288/288
f 289/289/289 290/290/290 291/291/291
f 292/292/292 293/293/293 294/294/294
f 295/295/295 296/296/296 297/297/297
f 298/298/298 299/299/299 300/300/300
f 301/301/301 302/302/302 303/303/303
f 304/304/304 305/305/305 306/306/306
f 307/307/307 308/308/308 309/309/309
f 310/310/310 311/311/311 312/312/312
f 313/313/313 314/314/314 315/315/315
f 316/316/316 317/317/317 318/318/318
f 319/319/319 320/320/320 321/321/321
f 322/322/322 323/323/323 324/324/324
f 325/325/325 326/326/326 327/327/327
f 328/328/328 329/329/329 330/330/330
f 331/331/331 332/332/332 333/333/333
f 334/334/334 335/335/335 336/336/336
f 337/337/337 338/338/338 339/339/339
f 340/340/340 341/341/341 342/342/342
f 343/343/343 344/344/344 345/345/345
f 346/346/346 347/347/347 348/348/348
f 349/349/349 350/350/350 351/351/351
f 352/352/352 353/353/353 354/354/354
f 355/355/355 356/356/356 357/357/357
f 358/358/358 359/359/359 360/360/360
f 361/361/361 362/362/362 363/363/363
f 364/364/364 365/365/365 366/366/366
f 367/367/367 368/368/368 369/369/369
f 370/370/370 371/371/371 372/372/372
f 373/373/373 374/374/374 375/375/375
f 376/376/376 377/377/377 378/378/378
f 379/379/379 380/380/380 381/381/381
f 382/382/382 383/383/383 384/384/384
f 385/385/385 386/386/386 387/387/387
f 388/388/388 389/389/389 390/390/390
f 391/391/391 392/392/392 393/393/393
f 394/394/394 395/395/395 396/396/396
f 397/397/397 398/398/398 399/399/399
f 400/400/400 401/401/401 402/402/402
f 403/403/403 404/404/404 405/405/405
f 406/406/406 407/407/407 408/408/408
f 409/409/409 410/410/410 411/411/411
f 412/412/412 413/413/413 414/414/414
f 415/415/415 416/416/416 417/417/417
f 418/418/418 419/419/419 420/420/420
f 421/421/421 422/422/422 423/423/423
f 424/424/424 425/425/425 426/426/426
f 427/427/427 428/428/428 429/429/429
f 430/430/430 431/431/431 432/432/432
f 433/433/433 434/434/434 435/435/435
f 436/436/436 437/437/437 438/438/438
f 439/439/439 440/440/440 441/441/441
f 442/442/442 443/443/443 444/444/444
f 445/445/445 446/446/446 447/447/447
f 448/448/448 449/449/449 450/450/450
f 451/451/451 452/452/452 453/453/453
f 454/454/454 455/455/455 456/456/456
f 457/457/457 458/458/458 459/459/459
f 460/460/460 461/461/461 462/462/462
f 463/463/463 464/464/464 465/465/465
f 466/466/466 467/467/467 468/468/468
f 469/469/469 470/470/470 471/471/471
f 472/472/472 473/473/473 474/474/474
f 475/475/475 476/476/476 477/477/477
f 478/478/478 479/479/479 480/480/480
f 481/481/481 482/482/482 483/483/483
f 484/484/484 485/485/485 486/486/486
f 487/487/487 488/488/488 489/489/489
f 490/490/490 491/491/491 492/492/492
f 493/493/493 494/494/494 495/495/495
f 496/496/496 497/497/497 498/498/498
f 499/499/499 500/500/500 501/501/501
f 502/502/502 503/503/503 504/504/504
f 505/505/505 506/506/506 507/507/507
f 508/508/508 509/509/509 510/510/510
f 511/511/511 512/512/512 513/513/513
f 514/514/514 515/515/515 516/516/516
f 517/517/517 518/518/518 519/519/519
f 520/520/520 521/521/521 522/522/522
f 523/523/523 524/524/524 525/525/525
f 526/526/526 527/527/527 528/528/528
f 529/529/529 530/530/530 531/531/531
f 532/532/532 533/533/533 534/534/534
f 535/535/535 536/536/536 537/537/537
f 538/538/538 539/539/539 540/540/540
f 541/541/541 542/542/542 543/543/543
f 544/544/544 545/545/545 546/546/546
f 547/547/547 548/548/548 549/549/549
f 550/550/550 551/551/551 552/552/552
f 553/553/553 554/554/554 555/555/555
f 556/556/556 557/557/557 558/558/558
f 559/559/559 560/560/560 561/561/561
f 562/562/562 563/563/563 564/564/564
f 565/565/565 566/566/566 567/567/567
f 568/568/568 569/569/569 570/570/570
f 571/571/571 572/572/572 573/573/573
f 574/574/574 575/575/575 576/576/576
f 577/577/577 578/578/578 579/579/579
f 580/580/580 581/581/581 582/582/582
f 583/583/583 584/584/584 585/585/585
f 586/586/586 587/587/587 588/588/588
f 589/589/589 590/590/590 591/591/591
f 592/592/592 593/593/593 594/594/594
f 595/595/595 596/596/596 597/597/597
f 598/598/598 599/599/599 600/600/600
f 601/601/601 602/602/602 603/603/603
f 604/604/604 605/605/605 606/606/606
f 607/607/607 608/608/608 609/609/609
f 610/610/610 611/611/611 612/612/612
f 613/613/613 614/614/614 615/615/615
f 616/616/616 617/617/617 618/618/618
f 619/619/619 620/620/620 621/621/621
f 622/622/622 623/623/623 624/624/624
f 625/625/625 626/626/626 627/627/627
f 628/628/628 629/629/629 630/630/630
f 631/631/631 632/632/632 633/633/633
f 634/634/634 635/635/635 636/636/636
f 637/637/637 638/638/638 639/639/639
f 640/640/640 641/641/641 642/642/642
f 643/643/643 644/644/644 645/645/645
f 646/646/646 647/647/647 648/648/648
f 649/649/649 650/650/650 651/651/651
f 652/652/652 653/653/653 654/654/654
f 655/655/655 656/656/656 657/657/657
f 658/658/658 659/659/659 660/660/660
f 661/661/661 662/662/662 663/663/663
f 664/664/664 665/665/665 666/666/666
f 667/667/667 668/668/668 669/669/669
f 670/670/670 671/671/671 672/672/672
f 673/673/673 674/674/674 675/675/675
f 676/676/676 677/677/677 678/678/678
f 679/679/679 680/680/680 681/681/681
f 682/682/682 683/683/683 684/684/684
f 685/685/685 686/686/686 687/687/687
f 688/688/688 689/689/689 690/690/690
f 691/691/691 692/692/692 693/693/693
f 694/694/694 695/695/695 696/696/696
f 697/697/697 698/698/698 699/699/699
f 700/700/700 701/701/701 702/702/702
f 703/703/703 704/704/704 705/705/705
f 706/706/706 707/707/707 708/708/708
f 709/709/709 710/710/710 711/711/711
f 712/712/712 713/713/713 714/714/714
f 715/715/715 716/716/716 717/717/717
f 718/718/718 719/719/719 720/720/720
f 721/721/721 722/722/722 723/723/723
f 724/724/724 725/725/725 726/726/726
f 727/727/727 728/728/728 729/729/729
f 730/730/730 731/731/731 732/732/732
f 733/733/733 734/734/734 735/735/735
f 736/736/736 737/737/737 738/738/738
f 739/739/739 740/740/740 741/741/741
f 742/742/742 743/743/743 744/744/744
f 745/745/745 746/746/746 747/747/747
f 748/748/748 749/749/749 750/750/750
f 751/751/751 752/752/752 753/753/753
f 754/754/754 755/755/755 756/756/756
f 757/757/757 758/758/758 759/759/759
f 760/760/760 761/761/761 762/762/762
f 763/763/763 764/764/764 765/765/765
f 766/766/766 767/767/767 768/768/768
f 769/769/769 770/770/770 771/771/771
f 772/772/772 773/773/773 774/774/774
f 775/775/775 776/776/776 777/777/777
f 778/778/778 779/779/779 780/780/780
f 781/781/781 782/782/782 783/783/783
f 784/784/784 785/785/785 786/786/786
f 787/787/787 788/788/788 789/789/789
f 790/790/790 791/791/791 792/792/792
f 793/793/793 794/794/794 795/795/795
f 796/796/796 797/797/797 798/798/798
f 799/799/799 800/800/800 801/801/801
f 802/802/802 803/803/803 804/804/804
f 805/805/805 806/806/806 807/807/807
f 808/808/808 809/809/809 810/810/810
f 811/811/811 812/812/812 813/813/813
f 814/814/814 815/815/815 816/816/816
f 817/817/817 818/818/818 819/819/819
f 820/820/820 821/821/821 822/822/822
f 823/823/823 824/824/824 825/825/825
f 826/826/826 827/827/827 828/828/828
f 829/829/829 830/830/830 831/831/831
f 832/832/832 833/833/833 834/834/834
f 835/835/835 836/836/836 837/837/837
f 838/838/838 839/839/839 840/840/840
f 841/841/841 842/842/842 843/843/843
f 844/844/844 845/845/845 846/846/846
f 847/847/847 848/848/848 849/849/849
f 850/850/850 851/851/851 852/852/852
f 853/853/853 854/854/854 855/855/855
f 856/856/856 857/857/857 858/858/858
f 859/859/859 860/860/860 861/861/861
f 862/862/862 863/863/863 864/864/864
f 865/865/865 866/866/866 867/867/867
f 868/868/868 869/869/869 870/870/870
f 871/871/871 872/872/872 873/873/873
f 874/874/874 875/875/875 876/876/876
f 877/877/877 878/878/878 879/879/879
f 880/880/880 881/881/881 882/882/882
f 883/883/883 884/884/884 885/885/885
f 886/886/886 887/887/887 888/888/888
f 889/889/889 890/890/890 891/891/891
f 892/892/892 893/893/893 894/894/894
f 895/895/895 896/896/896 897/897/897
f 898/898/898 899/899/899 900/900/900
f 901/901/901 902/902/902 903/903/903
f 904/904/904 905/905/905 906/906/906
f 907/907/907 908/908/908 909/909/909
f 910/910/910 911/911/911 912/912/912
f 913/913/913 914/914/914 915/915/915
f 916/916/916 917/917/917 918/918/918
f 919/919/919 920/920/920 921/921/921
f 922/922/922 923/923/923 924/924/924
f 925/925/925 926/926/926 927/927/927
f 928/928/928 929/929/929 930/930/930
f 931/931/931 932/932/932 933/933/933
f 934/934/934 935/935/935 936/936/936
f 937/937/937 938/938/938 939/939/939
f 940/940/940 941/941/941 942/942/942
f 943/943/943 944/944/944 945/945/945
f 946/946/946 947/947/947 948/948/948
f 949/949/949 950/950/950 951/951/951
f 952/952/952 953/953/953 954/954/954
f 955/955/955 956/956/956 957/957/957
f 958/958/958 959/959/959 960/960/960
f 961/961/961 962/962/962 963/963/963
f 964/964/964 965/965/965 966/966/966
f 967/967/967 968/968/968 969/969/969
f 970/970/970 971/971/971 972/972/972
f 973/973/973 974/974/974 975/975/975
f 976/976/976 977/977/977 978/978/978
f 979/979/979 980/980/980 981/981/981
f 982/982/982 983/983/983 984/984/984
f 985/985/985 986/986/986 987/987/987
f 988/988/988 989/989/989 990/990/990
f 991/991/991 992/992/992 993/993/993
f 994/994/994 995/995/995 996/996/996
f 997/997/997 998/998/998 999/999/999
f 1000/1000/1000 1001/1001/1001 1002/1002/1002
f 1003/1003/1003 1004/1004/1004 1005/1005/1005
f 1006/1006/1006 1007/1007/1007 1008/1008/1008
f 1009/1009/1009 1010/1010/1010 1011/1011/1011
f 1012/1012/1012 1013/1013/1013 1014/1014/1014
f 1015/1015/1015 1016/1016/1016 1017/1017/1017
f 1018/1018/1018 1019/1019/1019 1020/1020/1020
f 1021/1021/1021 1022/1022/1022 1023/1023/1023
f 1024/1024/1024 1025/1025/1025 1026/1026/1026
f 1027/1027/1027 1028/1028/1028 1029/1029/1029
f 1030/1030/1030 1031/1031/1031 1032/1032/1032
f 1033/1033/1033 1034/1034/1034 1035/1035/1035
f 1036/1036/1036 1037/1037/1037 1038/1038/1038
f 1039/1039/1039 1040/1040/1040 1041/1041/1041
f 1042/1042/1042 1043/1043/1043 1044/1044/1044
f 1045/1045/1045 1046/1046/1046 1047/1047/1047
f 1048/1048/1048 1049/1049/1049 1050/1050/1050
f 1051/1051/1051 1052/1052/1052 1053/1053/1053
f 1054/1054/1054 1055/1055/1055 1056/1056/1056
f 1057/1057/1057 1058/1058/1058 1059/1059/1059
f 1060/1060/1060 1061/1061/1061 1062/1062/1062
f 1063/1063/1063 1064/1064/1064 1065/1065/1065
f 1066/1066/1066 1067/1067/1067 1068/1068/1068
f 1069/1069/1069 1070/1070/1070 1071/1071/1071
f 1072/1072/1072 1073/1073/1073 1074/1074/1074
f 1075/1075/1075 1076/1076/1076 1077/1077/1077
f 1078/1078/1078 1079/1079/1079 1080/1080/1080
f 1081/1081/1081 1082/1082/1082 1083/1083/1083
f 1084/1084/1084 1085/1085/1085 1086/1086/1086
f 1087/1087/1087 1088/1088/1088 1089/1089/1089
f 1090/1090/1090 1091/1091/1091 1092/1092/1092
f 1093/1093/1093 1094/1094/1094 1095/1095/1095
f 1096/1096/1096 1097/1097/1097 1098/1098/1098
f 1099/1099/1099 1100/1100/1100 1101/1101/1101
f 1102/1102/1102 1103/1103/1103 1104/1104/1104
f 1105/1105/1105 1106/1106/1106 1107/1107/1107
f 1108/1108/1108 1109/1109/1109 1110/1110/1110
f 1111/1111/1111 1112/1112/1112 1113/1113/1113
f 1114/1114/1114 1115/1115/1115 1116/1116/1116
f 1117/1117/1117 1118/1118/1118 1119/1119/1119
f 1120/1120/1120 1121/1121/1121 1122/1122/1122
f 1123/1123/1123 1124/1124/1124 1125/1125/1125
f 1126/1126/1126 1127/1127/1127 1128/1128/1128
f 1129/1129/1129 1130/1130/1130 1131/1131/1131
f 1132/1132/1132 1133/1133/1133 1134/1134/1134
f 1135/1135/1135 1136/1136/1136 1137/1137/1137
f 1138/1138/1138 1139/1139/1139 1140/1140/1140
f 1141/1141/1141 1142/1142/1142 1143/1143/1143
f 1144/1144/1144 1145/1145/1145 1146/1146/1146
f 1147/1147/1147 1148/1148/1148 1149/1149/1149
f 1150/1150/1150 1151/1151/1151 1152/1152/1152
f 1153/1153/1153 1154/1154/1154 1155/1155/1155
f 1156/1156/1156 1157/1157/1157 1158/1158/1158
f 1159/1159/1159 1160/1160/1160 1161/1161/1161
f 1162/1162/1162 1163/1163/1163 1164/1164/1164
f 1165/1165/1165 1166/1166/1166 1167/1167/1167
f 1168/1168/1168 1169/1169/1169 1170/1170/1170
f 1171/1171/1171 1172/1172/1172 1173/1173/1173
f 1174/1174/1174 1175/1175/1175 1176/1176/1176
f 1177/1177/1177 1178/1178/1178 1179/1179/1179
f 1180/1180/1180 1181/1181/1181 1182/1182/1182
f 1183/1183/1183 1184/1184/1184 1185/1185/1185
f 1186/1186/1186 1187/1187/1187 1188/1188/1188
f 1189/1189/1189 1190/1190/1190 1191/1191/1191
f 1192/1192/1192 1193/1193/1193 1194/1194/1194
f 1195/1195/1195 1196/1196/1196 1197/1197/1197
f 1198/1198/1198 1199/1199/1199 1200/1200/1200
f 1201/1201/1201 1202/1202/1202 1203/1203/1203
f 1204/1204/1204 1205/1205/1205 1206/1206/1206
f 1207/1207/1207 1208/1208/1208 1209/1209/1209
f 1210/1210/1210 1211/1211/1211 1212/1212/1212
f 1213/1213/1213 1214/1214/1214 1215/1215/1215
f 1216/1216/1216 1217/1217/1217 1218/1218/1218
f 1219/1219/1219 1220/1220/1220 1221/1221/1221
f 1222/1222/1222 1223/1223/1223 1224/1224/1224
f 1225/1225/1225 1226/1226/1226 1227/1227/1227
f 1228/1228/1228 1229/1229/1229 1230/1230/1230
f 1231/1231/1231 1232/1232/1232 1233/1233/1233
f 1234/1234/1234 1235/1235/1235 1236/1236/1236
f 1237/1237/1237 1238/1238/1238 1239/1239/1239
f 1240/1240/1240 1241/1241/1241 1242/1242/1242
f 1243/1243/1243 1244/1244/1244 1245/1245/1245
f 1246/1246/1246 1247/1247/1247 1248/1248/1248
f 1249/1249/1249 1250/1250/1250 1251/1251/1251
f 1252/1252/1252 1253/1253/1253 1254/1254/1254
f 1255/1255/1255 1256/1256/1256 1257/1257/1257
f 1258/1258/1258 1259/1259/1259 1260/1260/1260
f 1261/1261/1261 1262/1262/1262 1263/1263/1263
f 1264/1264/1264 1265/1265/1265 1266/1266/1266
f 1267/1267/1267 1268/1268/1268 1269/1269/1269
f 1270/1270/1270 1271/1271/1271 1272/1272/1272
f 1273/1273/1273 1274/1274/1274 1275/1275/1275
f 1276/1276/1276 1277/1277/1277 1278/1278/1278
f 1279/1279/1279 1280/1280/1280 1281/1281/1281
f 1282/1282/1282 1283/1283/1283 1284/1284/1284
f 1285/1285/1285 1286/1286/1286 1287/1287/1287
f 1288/1288/1288 1289/1289/1289 1290/1290/1290
f 1291/1291/1291 1292/1292/1292 1293/1293/1293
f 1294/1294/1294 1295/1295/1295 1296/1296/1296
f 1297/1297/1297 1298/1298/1298 1299/1299/1299
f 1300/1300/1300 1301/1301/1301 1302/1302/1302
f 1303/1303/1303 1304/1304/1304 1305/1305/1305
f 1306/1306/1306 1307/1307/1307 1308/1308/1308
f 1309/1309/1309 1310/1310/1310 1311/1311/1311
f 1312/1312/1312 1313/1313/1313 1314/1314/1314
f 1315/1315/1315 1316/1316/1316 1317/1317/1317
f 1318/1318/1318 1319/1319/1319 1320/1320/1320
f 1321/1321/1321 1322/1322/1322 1323/1323/1323
f 1324/1324/1324 1325/1325/1325 1326/1326/1326
f 1327/1327/1327 1328/1328/1328 1329/1329/1329
f 1330/1330/1330 1331/1331/1331 1332/1332/1332
f 1333/1333/1333 1334/1334/1334 1335/1335/1335
f 1336/1336/1336 1337/1337/1337 1338/1338/1338
f 1339/1339/1339 1340/1340/1340 1341/1341/1341
f 1342/1342/1342 1343/1343/1343 1344/1344/1344
f 1345/1345/1345 1346/1346/1346 1347/1347/1347
f 1348/1348/1348 1349/1349/1349 1350/1350/1350
f 1351/1351/1351 1352/1352/1352 1353/1353/1353
f 1354/1354/1354 1355/1355/1355 1356/1356/1356
f 1357/1357/1357 1358/1358/1358 1359/1359/1359
f 1360/1360/1360 1361/1361/1361 1362/1362/1362
f 1363/1363/1363 1364/1364/1364 1365/1365/1365
f 1366/1366/1366 1367/1367/1367 1368/1368/1368
f 1369/1369/1369 1370/1370/1370 1371/1371/1371
f 1372/1372/1372 1373/1373/1373 1374/1374/1374
f 1375/1375/1375 1376/1376/1376 1377/1377/1377
f 1378/1378/1378 1379/1379/1379 1380/1380/1380
f 1381/1381/1381 1382/1382/1382 1383/1383/1383
f 1384/1384/1384 1385/1385/1385 1386/1386/1386
f 1387/1387/1387 1388/1388/1388 1389/1389/1389
f 1390/1390/1390 1391/1391/1391 1392/1392/1392
f 1393/1393/1393 1394/1394/1394 1395/1395/1395
f 1396/1396/1396 1397/1397/1397 1398/1398/1398
f 1399/1399/1399 1400/1400/1400 1401/1401/1401
f 1402/1402/1402 1403/1403/1403 1404/1404/1404
f 1405/1405/1405 1406/1406/1406 1407/1407/1407
f 1408/1408/1408 1409/1409/1409 1410/1410/1410
f 1411/1411/1411 1412/1412/1412 1413/1413/1413
f 1414/1414/1414 1415/1415/1415 1416/1416/1416
f 1417/1417/1417 1418/1418/1418 1419/1419/1419
f 1420/1420/1420 1421/1421/1421 1422/1422/1422
f 1423/1423/1423 1424/1424/1424 1425/1425/1425
f 1426/1426/1426 1427/1427/1427 1428/1428/1428
f 1429/1429/1429 1430/1430/1430 1431/1431/1431
f 1432/1432/1432 1433/1433/1433 1434/1434/1434
f 1435/1435/1435 1436/1436/1436 1437/1437/1437
f 1438/1438/1438 1439/1439/1439 1440/1440/1440
f 1441/1441/1441 1442/1442/1442 1443/1443/1443
f 1444/1444/1444 1445/1445/1445 1446/1446/1446
f 1447/1447/1447 1448/1448/1448 1449/1449/1449
f 1450/1450/1450 1451/1451/1451 1452/1452/1452
f 1453/1453/1453 1454/1454/1454 1455/1455/1455
f 1456/1456/1456 1457/1457/1457 1458/1458/1458
f 1459/1459/1459 1460/1460/1460 1461/1461/1461
f 1462/1462/1462 1463/1463/1463 1464/1464/1464
f 1465/1465/1465 1466/1466/1466 1467/1467/1467
f 1468/1468/1468 1469/1469/1469 1470/1470/1470
f 1471/1471/1471 1472/1472/1472 1473/1473/1473
f 1474/1474/1474 1475/1475/1475 1476/1476/1476
f 1477/1477/1477 1478/1478/1478 1479/1479/1479
f 1480/1480/1480 1481/1481/1481 1482/1482/1482
f 1483/1483/1483 1484/1484/1484 1485/1485/1485
f 1486/1486/1486 1487/1487/1487 1488/1488/1488
f 1489/1489/1489 1490/1490/1490 1491/1491/1491
f 1492/1492/1492 1493/1493/1493 1494/1494/1494
f 1495/1495/1495 1496/1496/1496 1497/1497/1497
f 1498/1498/1498 1499/1499/1499 1500/1500/1500
f 1501/1501/1501 1502/1502/1502 1503/1503/1503
f 1504/1504/1504 1505/1505/1505 1506/1506/1506
f 1507/1507/1507 1508/1508/1508 1509/1509/1509
f 1510/1510/1510 1511/1511/1511 1512/1512/1512
f 1513/1513/1513 1514/1514/1514 1515/1515/1515
f 1516/1516/1516 1517/1517/1517 1518/1518/1518
f 1519/1519/1519 1520/1520/1520 1521/1521/1521
f 1522/1522/1522 1523/1523/1523 1524/1524/1524
f 1525/1525/1525 1526/1526/1526 1527/1527/1527
f 1528/1528/1528 1529/1529/1529 1530/1530/1530
f 1531/1531/1531 1532/1532/1532 1533/1533/1533
f 1534/1534/1534 1535/1535/1535 1536/1536/1536
f 1537/1537/1537 1538/1538/1538 1539/1539/1539
f 1540/1540/1540 1541/1541/1541 1542/1542/1542
f 1543/1543/1543 1544/1544/1544 1545/1545/1545
f 1546/1546/1546 1547/1547/1547 1548/1548/1548
f 1549/1549/1549 1550/1550/1550 1551/1551/1551
f 1552/1552/1552 1553/1553/1553 1554/1554/1554
f 1555/1555/1555 1556/1556/1556 1557/1557/1557
f 1558/1558/1558 1559/1559/1559 1560/1560/1560
f 1561/1561/1561 1562/1562/1562 1563/1563/1563
f 1564/1564/1564 1565/1565/1565 1566/1566/1566
f 1567/1567/1567 1568/1568/1568 1569/1569/1569
f 1570/1570/1570 1571/1571/1571 1572/1572/1572
f 1573/1573/1573 1574/1574/1574 1575/1575/1575
f 1576/1576/1576 1577/1577/1577 1578/1578/1578
f 1579/1579/1579 1580/1580/1580 1581/1581/1581
f 1582/1582/1582 1583/1583/1583 1584/1584/1584
f 1585/1585/1585 1586/1586/1586 1587/1587/1587
f 1588/1588/1588 1589/1589/1589 1590/1590/1590
f 1591/1591/1591 1592/1592/1592 1593/1593/1593
f 1594/1594/1594 1595/1595/1595 1596/1596/1596
f 1597/1597/1597 1598/1598/1598 1599/1599/1599
f 1600/1600/1600 1601/1601/1601 1602/1602/1602
f 1603/1603/1603 1604/1604/1604 1605/1605/1605
f 1606/1606/1606 1607/1607/1607 1608/1608/1608
f 1609/1609/1609 1610/1610/1610 1611/1611/1611
f 1612/1612/1612 1613/1613/1613 1614/1614/1614
f 1615/1615/1615 1616/1616/1616 1617/1617/1617
f 1618/1618/1618 1619/1619/1619 1620/1620/1620
f 1621/1621/1621 1622/1622/1622 1623/1623/1623
f 1624/1624/1624 1625/1625/1625 1626/1626/1626
f 1627/1627/1627 1628/1628/1628 1629/1629/1629
f 1630/1630/1630 1631/1631/1631 1632/1632/1632
f 1633/1633/1633 1634/1634/1634 1635/1635/1635
f 1636/1636/1636 1637/1637/1637 1638/1638/1638
f 1639/1639/1639 1640/1640/1640 1641/1641/1641
f 1642/1642/1642 1643/1643/1643 1644/1644/1644
f 1645/1645/1645 1646/1646/1646 1647/1647/1647
f 1648/1648/1648 1649/1649/1649 1650/1650/1650
f 1651/1651/1651 1652/1652/1652 1653/1653/1653
f 1654/1654/1654 1655/1655/1655 1656/1656/1656
f 1657/1657/1657 1658/1658/1658 1659/1659/1659
f 1660/1660/1660 1661/1661/1661 1662/1662/1662
f 1663/1663/1663 1664/1664/1664 1665/1665/1665
f 1666/1666/1666 1667/1667/1667 1668/1668/1668
f 1669/1669/1669 1670/1670/1670 1671/1671/1671
f 1672/1672/1672 1673/1673/1673 1674/1674/1674
f 1675/1675/1675 1676/1676/1676 1677/1677/1677
f 1678/1678/1678 1679/1679/1679 1680/1680/1680
f 1681/1681/1681 1682/1682/1682 1683/1683/1683
f 1684/1684/1684 1685/1685/1685 1686/1686/1686
f 1687/1687/1687 1688/1688/1688 1689/1689/1689
f 1690/1690/1690 1691/1691/1691 1692/1692/1692
f 1693/1693/1693 1694/1694/1694 1695/1695/1695
f 1696/1696/1696 1697/1697/1697 1698/1698/1698
f 1699/1699/1699 1700/1700/1700 1701/1701/1701
f 1702/1702/1702 1703/1703/1703 1704/1704/1704
f 1705/1705/1705 1706/1706/1706 1707/1707/1707
f 1708/1708/1708 1709/1709/1709 1710/1710/1710
f 1711/1711/1711 1712/1712/1712 1713/1713/1713
f 1714/1714/1714 1715/1715/1715 1716/1716/1716
f 1717/1717/1717 1718/1718/1718 1719/1719/1719
f 1720/1720/1720 1721/1721/1721 1722/1722/1722
f 1723/1723/1723 1724/1724/1724 1725/1725/1725
f 1726/1726/1726 1727/1727/1727 1728/1728/1728
f 1729/1729/1729 1730/1730/1730 1731/1731/1731
f 1732/1732/1732 1733/1733/1733 1734/1734/1734
f 1735/1735/1735 1736/1736/1736 1737/1737/1737
f 1738/1738/1738 1739/1739/1739 1740/1740/1740
f 1741/1741/1741 1742/1742/1742 1743/1743/1743
f 1744/1744/1744 1745/1745/1745 1746/1746/1746
f 1747/1747/1747 1748/1748/1748 1749/1749/1749
f 1750/1750/1750 1751/1751/1751 1752/1752/1752
f 1753/1753/1753 1754/1754/1754 1755/1755/1755
f 1756/1756/1756 1757/1757/1757 1758/1758/1758
f 1759/1759/1759 1760/1760/1760 1761/1761/1761
f 1762/1762/1762 1763/1763/1763 1764/1764/1764
f 1765/1765/1765 1766/1766/1766 1767/1767/1767
f 1768/1768/1768 1769/1769/1769 1770/1770/1770
f 1771/1771/1771 1772/1772/1772 1773/1773/1773
f 1774/1774/1774 1775/1775/1775 1776/1776/1776
f 1777/1777/1777 1778/1778/1778 1779/1779/1779
f 1780/1780/1780 1781/1781/1781 1782/1782/1782
f 1783/1783/1783 1784/1784/1784 1785/1785/1785
f 1786/1786/1786 1787/1787/1787 1788/1788/1788
f 1789/1789/1789 1790/1790/1790 1791/1791/1791
f 1792/1792/1792 1793/1793/1793 1794/1794/1794
f 1795/1795/1795 1796/1796/1796 1797/1797/1797
f 1798/1798/1798 1799/1799/1799 1800/1800/1800
f 1801/1801/1801 1802/1802/1802 1803/1803/1803
f 1804/1804/1804 1805/1805/1805 1806/1806/1806
f 1807/1807/1807 1808/1808/1808 1809/1809/1809
f 1810/1810/1810 1811/1811/1811 1812/1812/1812
f 1813/1813/1813 1814/1814/1814 1815/1815/1815
f 1816/1816/1816 1817/1817/1817 1818/1818/1818
f 1819/1819/1819 1820/1820/1820 1821/1821/1821
f 1822/1822/1822 1823/1823/1823 1824/1824/1824
f 1825/1825/1825 1826/1826/1826 1827/1827/1827
f 1828/1828/1828 1829/1829/1829 1830/1830/1830
f 1831/1831/1831 1832/1832/1832 1833/1833/1833
f 1834/1834/1834 1835/1835/1835 1836/1836/1836
f 1837/1837/1837 1838/1838/1838 1839/1839/1839
f 1840/1840/1840 1841/1841/1841 1842/1842/1842
f 1843/1843/1843 1844/1844/1844 1845/1845/1845
f 1846/1846/1846 1847/1847/1847 1848/1848/1848
f 1849/1849/1849 1850/1850/1850 1851/1851/1851
f 1852/1852/1852 1853/1853/1853 1854/1854/1854
f 1855/1855/1855 1856/1856/1856 1857/1857/1857
f 1858/1858/1858 1859/1859/1859 1860/1860/1860
f 1861/1861/1861 1862/1862/1862 1863/1863/1863
f 1864/1864/1864 1865/1865/1865 1866/1866/1866
f 1867/1867/1867 1868/1868/1868 1869/1869/1869
f 1870/1870/1870 1871/1871/1871 1872/1872/1872
f 1873/1873/1873 1874/1874/1874 1875/1875/1875
f 1876/1876/1876 1877/1877/1877 1878/1878/1878
f 1879/1879/1879 1880/1880/1880 1881/1881/1881
f 1882/1882/1882 1883/1883/1883 1884/1884/1884
f 1885/1885/1885 1886/1886/1886 1887/1887/1887
f 1888/1888/1888 1889/1889/1889 1890/1890/1890
f 1891/1891/1891 1892/1892/1892 1893/1893/1893
f 1894/1894/1894 1895/1895/1895 1896/1896/1896
f 1897/1897/1897 1898/1898/1898 1899/1899/1899
f 1900/1900/1900 1901/1901/1901 1902/1902/1902
f 1903/1903/1903 1904/1904/1904 1905/1905/1905
f 1906/1906/1906 1907/1907/1907 1908/1908/1908
f 1909/1909/1909 1910/1910/1910 1911/1911/1911
f 1912/1912/1912 1913/1913/1913 1914/1914/1914
f 1915/1915/1915 1916/1916/1916 1917/1917/1917
f 1918/1918/1918 1919/1919/1919 1920/1920/1920
f 1921/1921/1921 1922/1922/1922 1923/1923/1923
f 1924/1924/1924 1925/1925/1925 1926/1926/1926
f 1927/1927/1927 1928/1928/1928 1929/1929/1929
f 1930/1930/1930 1931/1931/1931 1932/1932/1932
f 1933/1933/1933 1934/1934/1934 1935/1935/1935
f 1936/1936/1936 1937/1937/1937 1938/1938/1938
f 1939/1939/1939 1940/1940/1940 1941/1941/1941
f 1942/1942/1942 1943/1943/1943 1944/1944/1944
f 1945/1945/1945 1946/1946/1946 1947/1947/1947
f 1948/1948/1948 1949/1949/1949 1950/1950/1950
f 1951/1951/1951 1952/1952/1952 1953/1953/1953
f 1954/1954/1954 1955/1955/1955 1956/1956/1956
f 1957/1957/1957 1958/1958/1958 1959/1959/1959
f 1960/1960/1960 1961/1961/1961 1962/1962/1962
f 1963/1963/1963 1964/1964/1964 1965/1965/1965
f 1966/1966/1966 1967/1967/1967 1968/1968/1968
f 1969/1969/1969 1970/1970/1970 1971/1971/1971
f 1972/1972/1972 1973/1973/1973 1974/1974/1974
f 1975/1975/1975 1976/1976/1976 1977/1977/1977
f 1978/1978/1978 1979/1979/1979 1980/1980/1980