mtllib nature_materials.mtl
g Mountain_Granite
usemtl Mountain_Granite
v 0.043771 1.265059 0.000000
v 0.044177 1.305682 0.015228
v 0.300129 1.235532 0.103452
v 0.043771 1.265059 0.000000
v 0.300129 1.235532 0.103452
v 0.321399 1.256238 0.000000
v 0.044177 1.305682 0.015228
v 0.034160 1.208472 0.025771
v 0.238148 1.163995 0.179666
v 0.044177 1.305682 0.015228
v 0.238148 1.163995 0.179666
v 0.300129 1.235532 0.103452
v 0.034160 1.208472 0.025771
v 0.022683 1.101752 0.030730
v 0.185328 1.163791 0.251076
v 0.034160 1.208472 0.025771
v 0.185328 1.163791 0.251076
v 0.238148 1.163995 0.179666
v 0.022683 1.101752 0.030730
v 0.015022 1.129012 0.038615
v 0.124418 1.203518 0.319818
v 0.022683 1.101752 0.030730
v 0.124418 1.203518 0.319818
v 0.185328 1.163791 0.251076
v 0.015022 1.129012 0.038615
v 0.005951 1.230085 0.048587
v 0.040878 1.173990 0.333762
v 0.015022 1.129012 0.038615
v 0.040878 1.173990 0.333762
v 0.124418 1.203518 0.319818
v 0.005951 1.230085 0.048587
v -0.006138 1.253613 0.050116
v -0.036733 1.103862 0.299918
v 0.005951 1.230085 0.048587
v -0.036733 1.103862 0.299918
v 0.040878 1.173990 0.333762
v -0.006138 1.253613 0.050116
v -0.016706 1.201479 0.042943
v -0.110985 1.125659 0.285287
v -0.006138 1.253613 0.050116
v -0.110985 1.125659 0.285287
v -0.036733 1.103862 0.299918
v -0.016706 1.201479 0.042943
v -0.026150 1.196420 0.035427
v -0.206056 1.240004 0.279158
v -0.016706 1.201479 0.042943
v -0.206056 1.240004 0.279158
v -0.110985 1.125659 0.285287
v -0.026150 1.196420 0.035427
v -0.036043 1.248496 0.027192
v -0.281584 1.288311 0.212435
v -0.026150 1.196420 0.035427
v -0.281584 1.288311 0.212435
v -0.206056 1.240004 0.279158
v -0.036043 1.248496 0.027192
v -0.040485 1.236877 0.013955
v -0.285528 1.198893 0.098419
v -0.036043 1.248496 0.027192
v -0.285528 1.198893 0.098419
v -0.281584 1.288311 0.212435
v -0.040485 1.236877 0.013955
v -0.036713 1.138859 0.000000
v -0.257429 1.102215 0.000000
v -0.040485 1.236877 0.013955
v -0.257429 1.102215 0.000000
v -0.285528 1.198893 0.098419
v -0.036713 1.138859 0.000000
v -0.033046 1.098236 -0.011391
v -0.255253 1.122921 -0.087984
v -0.036713 1.138859 0.000000
v -0.255253 1.122921 -0.087984
v -0.257429 1.102215 0.000000
v -0.033046 1.098236 -0.011391
v -0.033547 1.195446 -0.025309
v -0.248792 1.194458 -0.187696
v -0.033046 1.098236 -0.011391
v -0.248792 1.194458 -0.187696
v -0.255253 1.122921 -0.087984
v -0.033547 1.195446 -0.025309
v -0.030023 1.302166 -0.040674
v -0.193724 1.194662 -0.262451
v -0.033547 1.195446 -0.025309
v -0.193724 1.194662 -0.262451
v -0.248792 1.194458 -0.187696
v -0.030023 1.302166 -0.040674
v -0.018412 1.274906 -0.047328
v -0.116036 1.154935 -0.298271
v -0.030023 1.302166 -0.040674
v -0.116036 1.154935 -0.298271
v -0.193724 1.194662 -0.262451
v -0.018412 1.274906 -0.047328
v -0.005503 1.173833 -0.044932
v -0.041497 1.184463 -0.338816
v -0.018412 1.274906 -0.047328
v -0.041497 1.184463 -0.338816
v -0.116036 1.154935 -0.298271
v -0.005503 1.173833 -0.044932
v 0.005316 1.150305 -0.043403
v 0.045642 1.254591 -0.372659
v -0.005503 1.173833 -0.044932
v 0.045642 1.254591 -0.372659
v -0.041497 1.184463 -0.338816
v 0.005316 1.150305 -0.043403
v 0.016728 1.202439 -0.043000
v 0.129469 1.232794 -0.332802
v 0.005316 1.150305 -0.043403
v 0.129469 1.232794 -0.332802
v 0.045642 1.254591 -0.372659
v 0.016728 1.202439 -0.043000
v 0.026556 1.207498 -0.035977
v 0.172995 1.118449 -0.234369
v 0.016728 1.202439 -0.043000
v 0.172995 1.118449 -0.234369
v 0.129469 1.232794 -0.332802
v 0.026556 1.207498 -0.035977
v 0.031664 1.155422 -0.023888
v 0.205356 1.070142 -0.154927
v 0.026556 1.207498 -0.035977
v 0.205356 1.070142 -0.154927
v 0.172995 1.118449 -0.234369
v 0.031664 1.155422 -0.023888
v 0.036738 1.167041 -0.012663
v 0.269853 1.159560 -0.093016
v 0.031664 1.155422 -0.023888
v 0.269853 1.159560 -0.093016
v 0.205356 1.070142 -0.154927
v 0.036738 1.167041 -0.012663
v 0.043771 1.265059 0.000000
v 0.321399 1.256238 0.000000
v 0.036738 1.167041 -0.012663
v 0.321399 1.256238 0.000000
v 0.269853 1.159560 -0.093016
v 0.321399 1.256238 0.000000
v 0.300129 1.235532 0.103452
v 0.464556 1.073582 0.160129
v 0.321399 1.256238 0.000000
v 0.464556 1.073582 0.160129
v 0.512310 1.107944 0.000000
v 0.300129 1.235532 0.103452
v 0.238148 1.163995 0.179666
v 0.443994 1.126830 0.334962
v 0.300129 1.235532 0.103452
v 0.443994 1.126830 0.334962
v 0.464556 1.073582 0.160129
v 0.238148 1.163995 0.179666
v 0.185328 1.163791 0.251076
v 0.390281 1.210103 0.528741
v 0.238148 1.163995 0.179666
v 0.390281 1.210103 0.528741
v 0.443994 1.126830 0.334962
v 0.185328 1.163791 0.251076
v 0.124418 1.203518 0.319818
v 0.240450 1.189154 0.618080
v 0.185328 1.163791 0.251076
v 0.240450 1.189154 0.618080
v 0.390281 1.210103 0.528741
v 0.124418 1.203518 0.319818
v 0.040878 1.173990 0.333762
v 0.069352 1.077421 0.566239
v 0.124418 1.203518 0.319818
v 0.069352 1.077421 0.566239
v 0.240450 1.189154 0.618080
v 0.040878 1.173990 0.333762
v -0.036733 1.103862 0.299918
v -0.063651 1.028507 0.519691
v 0.040878 1.173990 0.333762
v -0.063651 1.028507 0.519691
v 0.069352 1.077421 0.566239
v -0.036733 1.103862 0.299918
v -0.110985 1.125659 0.285287
v -0.209766 1.098965 0.539207
v -0.036733 1.103862 0.299918
v -0.209766 1.098965 0.539207
v -0.063651 1.028507 0.519691
v -0.110985 1.125659 0.285287
v -0.206056 1.240004 0.279158
v -0.368865 1.170171 0.499726
v -0.110985 1.125659 0.285287
v -0.368865 1.170171 0.499726
v -0.209766 1.098965 0.539207
v -0.206056 1.240004 0.279158
v -0.281584 1.288311 0.212435
v -0.460138 1.150262 0.347141
v -0.206056 1.240004 0.279158
v -0.460138 1.150262 0.347141
v -0.368865 1.170171 0.499726
v -0.281584 1.288311 0.212435
v -0.285528 1.198893 0.098419
v -0.493812 1.110813 0.170213
v -0.281584 1.288311 0.212435
v -0.493812 1.110813 0.170213
v -0.460138 1.150262 0.347141
v -0.285528 1.198893 0.098419
v -0.257429 1.102215 0.000000
v -0.537111 1.138227 0.000000
v -0.285528 1.198893 0.098419
v -0.537111 1.138227 0.000000
v -0.493812 1.110813 0.170213
v -0.257429 1.102215 0.000000
v -0.255253 1.122921 -0.087984
v -0.542356 1.172589 -0.186946
v -0.257429 1.102215 0.000000
v -0.542356 1.172589 -0.186946
v -0.537111 1.138227 0.000000
v -0.255253 1.122921 -0.087984
v -0.248792 1.194458 -0.187696
v -0.438835 1.119342 -0.331070
v -0.255253 1.122921 -0.087984
v -0.438835 1.119342 -0.331070
v -0.542356 1.172589 -0.186946
v -0.248792 1.194458 -0.187696
v -0.193724 1.194662 -0.262451
v -0.296943 1.036069 -0.402289
v -0.248792 1.194458 -0.187696
v -0.296943 1.036069 -0.402289
v -0.438835 1.119342 -0.331070
v -0.193724 1.194662 -0.262451
v -0.116036 1.154935 -0.298271
v -0.195495 1.057018 -0.502523
v -0.193724 1.194662 -0.262451
v -0.195495 1.057018 -0.502523
v -0.296943 1.036069 -0.402289
v -0.116036 1.154935 -0.298271
v -0.041497 1.184463 -0.338816
v -0.079996 1.168751 -0.653151
v -0.116036 1.154935 -0.298271
v -0.079996 1.168751 -0.653151
v -0.195495 1.057018 -0.502523
v -0.041497 1.184463 -0.338816
v 0.045642 1.254591 -0.372659
v 0.085698 1.217665 -0.699699
v -0.041497 1.184463 -0.338816
v 0.085698 1.217665 -0.699699
v -0.079996 1.168751 -0.653151
v 0.045642 1.254591 -0.372659
v 0.129469 1.232794 -0.332802
v 0.226179 1.147206 -0.581395
v 0.045642 1.254591 -0.372659
v 0.226179 1.147206 -0.581395
v 0.085698 1.217665 -0.699699
v 0.129469 1.232794 -0.332802
v 0.172995 1.118449 -0.234369
v 0.318360 1.076001 -0.431304
v 0.129469 1.232794 -0.332802
v 0.318360 1.076001 -0.431304
v 0.226179 1.147206 -0.581395
v 0.172995 1.118449 -0.234369
v 0.205356 1.070142 -0.154927
v 0.422691 1.095910 -0.318890
v 0.172995 1.118449 -0.234369
v 0.422691 1.095910 -0.318890
v 0.318360 1.076001 -0.431304
v 0.205356 1.070142 -0.154927
v 0.269853 1.159560 -0.093016
v 0.513100 1.135358 -0.176861
v 0.205356 1.070142 -0.154927
v 0.513100 1.135358 -0.176861
v 0.422691 1.095910 -0.318890
v 0.269853 1.159560 -0.093016
v 0.321399 1.256238 0.000000
v 0.512310 1.107944 0.000000
v 0.269853 1.159560 -0.093016
v 0.512310 1.107944 0.000000
v 0.513100 1.135358 -0.176861
v 0.512310 1.107944 0.000000
v 0.464556 1.073582 0.160129
v 0.621874 0.970868 0.214355
v 0.512310 1.107944 0.000000
v 0.621874 0.970868 0.214355
v 0.629822 0.957072 0.000000
v 0.464556 1.073582 0.160129
v 0.443994 1.126830 0.334962
v 0.647566 1.062541 0.488542
v 0.464556 1.073582 0.160129
v 0.647566 1.062541 0.488542
v 0.621874 0.970868 0.214355
v 0.443994 1.126830 0.334962
v 0.390281 1.210103 0.528741
v 0.538288 1.101901 0.729255
v 0.443994 1.126830 0.334962
v 0.538288 1.101901 0.729255
v 0.647566 1.062541 0.488542
v 0.390281 1.210103 0.528741
v 0.240450 1.189154 0.618080
v 0.314760 1.053448 0.809093
v 0.390281 1.210103 0.528741
v 0.314760 1.053448 0.809093
v 0.538288 1.101901 0.729255
v 0.240450 1.189154 0.618080
v 0.069352 1.077421 0.566239
v 0.100603 1.015168 0.821401
v 0.240450 1.189154 0.618080
v 0.100603 1.015168 0.821401
v 0.314760 1.053448 0.809093
v 0.069352 1.077421 0.566239
v -0.063651 1.028507 0.519691
v -0.105327 1.040184 0.859969
v 0.069352 1.077421 0.566239
v -0.105327 1.040184 0.859969
v 0.100603 1.015168 0.821401
v -0.063651 1.028507 0.519691
v -0.209766 1.098965 0.539207
v -0.315223 1.054289 0.810284
v -0.063651 1.028507 0.519691
v -0.315223 1.054289 0.810284
v -0.105327 1.040184 0.859969
v -0.209766 1.098965 0.539207
v -0.368865 1.170171 0.499726
v -0.453951 1.004840 0.614998
v -0.209766 1.098965 0.539207
v -0.453951 1.004840 0.614998
v -0.315223 1.054289 0.810284
v -0.368865 1.170171 0.499726
v -0.460138 1.150262 0.347141
v -0.545049 0.970697 0.411200
v -0.368865 1.170171 0.499726
v -0.545049 0.970697 0.411200
v -0.453951 1.004840 0.614998
v -0.460138 1.150262 0.347141
v -0.493812 1.110813 0.170213
v -0.698512 1.031066 0.240772
v -0.460138 1.150262 0.347141
v -0.698512 1.031066 0.240772
v -0.545049 0.970697 0.411200
v -0.493812 1.110813 0.170213
v -0.537111 1.138227 0.000000
v -0.839880 1.115385 0.000000
v -0.493812 1.110813 0.170213
v -0.839880 1.115385 0.000000
v -0.698512 1.031066 0.240772
v -0.537111 1.138227 0.000000
v -0.542356 1.172589 -0.186946
v -0.788295 1.101589 -0.271719
v -0.537111 1.138227 0.000000
v -0.788295 1.101589 -0.271719
v -0.839880 1.115385 0.000000
v -0.542356 1.172589 -0.186946
v -0.438835 1.119342 -0.331070
v -0.588825 1.009916 -0.444226
v -0.542356 1.172589 -0.186946
v -0.588825 1.009916 -0.444226
v -0.788295 1.101589 -0.271719
v -0.438835 1.119342 -0.331070
v -0.296943 1.036069 -0.402289
v -0.424162 0.970556 -0.574641
v -0.438835 1.119342 -0.331070
v -0.424162 0.970556 -0.574641
v -0.588825 1.009916 -0.444226
v -0.296943 1.036069 -0.402289
v -0.195495 1.057018 -0.502523
v -0.295777 1.019009 -0.760297
v -0.296943 1.036069 -0.402289
v -0.295777 1.019009 -0.760297
v -0.424162 0.970556 -0.574641
v -0.195495 1.057018 -0.502523
v -0.079996 1.168751 -0.653151
v -0.108557 1.057288 -0.886340
v -0.195495 1.057018 -0.502523
v -0.108557 1.057288 -0.886340
v -0.295777 1.019009 -0.760297
v -0.079996 1.168751 -0.653151
v 0.085698 1.217665 -0.699699
v 0.103833 1.032273 -0.847771
v -0.079996 1.168751 -0.653151
v 0.103833 1.032273 -0.847771
v -0.108557 1.057288 -0.886340
v 0.085698 1.217665 -0.699699
v 0.226179 1.147206 -0.581395
v 0.295313 1.018168 -0.759106
v 0.085698 1.217665 -0.699699
v 0.295313 1.018168 -0.759106
v 0.103833 1.032273 -0.847771
v 0.226179 1.147206 -0.581395
v 0.318360 1.076001 -0.431304
v 0.508499 1.067617 -0.688898
v 0.226179 1.147206 -0.581395
v 0.508499 1.067617 -0.688898
v 0.295313 1.018168 -0.759106
v 0.318360 1.076001 -0.431304
v 0.422691 1.095910 -0.318890
v 0.691343 1.101760 -0.521569
v 0.318360 1.076001 -0.431304
v 0.691343 1.101760 -0.521569
v 0.508499 1.067617 -0.688898
v 0.422691 1.095910 -0.318890
v 0.513100 1.135358 -0.176861
v 0.711656 1.041390 -0.245302
v 0.422691 1.095910 -0.318890
v 0.711656 1.041390 -0.245302
v 0.691343 1.101760 -0.521569
v 0.513100 1.135358 -0.176861
v 0.512310 1.107944 0.000000
v 0.629822 0.957072 0.000000
v 0.513100 1.135358 -0.176861
v 0.629822 0.957072 0.000000
v 0.711656 1.041390 -0.245302
v 0.629822 0.957072 0.000000
v 0.621874 0.970868 0.214355
v 0.866960 0.919818 0.298834
v 0.629822 0.957072 0.000000
v 0.866960 0.919818 0.298834
v 0.841113 0.889587 0.000000
v 0.621874 0.970868 0.214355
v 0.647566 1.062541 0.488542
v 0.775209 0.928498 0.584839
v 0.621874 0.970868 0.214355
v 0.775209 0.928498 0.584839
v 0.866960 0.919818 0.298834
v 0.647566 1.062541 0.488542
v 0.538288 1.101901 0.729255
v 0.561074 0.897173 0.760125
v 0.647566 1.062541 0.488542
v 0.561074 0.897173 0.760125
v 0.775209 0.928498 0.584839
v 0.538288 1.101901 0.729255
v 0.314760 1.053448 0.809093
v 0.355688 0.896901 0.914299
v 0.538288 1.101901 0.729255
v 0.355688 0.896901 0.914299
v 0.561074 0.897173 0.760125
v 0.314760 1.053448 0.809093
v 0.100603 1.015168 0.821401
v 0.138758 0.954405 1.132924
v 0.314760 1.053448 0.809093
v 0.138758 0.954405 1.132924
v 0.355688 0.896901 0.914299
v 0.100603 1.015168 0.821401
v -0.105327 1.040184 0.859969
v -0.148666 0.988108 1.213817
v 0.100603 1.015168 0.821401
v -0.148666 0.988108 1.213817
v 0.138758 0.954405 1.132924
v -0.105327 1.040184 0.859969
v -0.315223 1.054289 0.810284
v -0.389486 0.936288 1.001178
v -0.105327 1.040184 0.859969
v -0.389486 0.936288 1.001178
v -0.148666 0.988108 1.213817
v -0.315223 1.054289 0.810284
v -0.453951 1.004840 0.614998
v -0.518439 0.865655 0.702364
v -0.315223 1.054289 0.810284
v -0.518439 0.865655 0.702364
v -0.389486 0.936288 1.001178
v -0.453951 1.004840 0.614998
v -0.545049 0.970697 0.411200
v -0.677421 0.872226 0.511066
v -0.453951 1.004840 0.614998
v -0.677421 0.872226 0.511066
v -0.518439 0.865655 0.702364
v -0.545049 0.970697 0.411200
v -0.698512 1.031066 0.240772
v -0.895031 0.933980 0.308510
v -0.545049 0.970697 0.411200
v -0.895031 0.933980 0.308510
v -0.677421 0.872226 0.511066
v -0.698512 1.031066 0.240772
v -0.839880 1.115385 0.000000
v -0.978406 0.956051 0.000000
v -0.698512 1.031066 0.240772
v -0.978406 0.956051 0.000000
v -0.895031 0.933980 0.308510
v -0.839880 1.115385 0.000000
v -0.788295 1.101589 -0.271719
v -0.878856 0.925820 -0.302935
v -0.839880 1.115385 0.000000
v -0.878856 0.925820 -0.302935
v -0.978406 0.956051 0.000000
v -0.788295 1.101589 -0.271719
v -0.588825 1.009916 -0.444226
v -0.755469 0.917139 -0.569947
v -0.788295 1.101589 -0.271719
v -0.755469 0.917139 -0.569947
v -0.878856 0.925820 -0.302935
v -0.588825 1.009916 -0.444226
v -0.424162 0.970556 -0.574641
v -0.630458 0.948464 -0.854124
v -0.588825 1.009916 -0.444226
v -0.630458 0.948464 -0.854124
v -0.755469 0.917139 -0.569947
v -0.424162 0.970556 -0.574641
v -0.295777 1.019009 -0.760297
v -0.400168 0.948736 -1.028636
v -0.424162 0.970556 -0.574641
v -0.400168 0.948736 -1.028636
v -0.630458 0.948464 -0.854124
v -0.295777 1.019009 -0.760297
v -0.108557 1.057288 -0.886340
v -0.120187 0.891232 -0.981293
v -0.295777 1.019009 -0.760297
v -0.120187 0.891232 -0.981293
v -0.400168 0.948736 -1.028636
v -0.108557 1.057288 -0.886340
v 0.103833 1.032273 -0.847771
v 0.110279 0.857530 -0.900400
v -0.108557 1.057288 -0.886340
v 0.110279 0.857530 -0.900400
v -0.120187 0.891232 -0.981293
v 0.103833 1.032273 -0.847771
v 0.295313 1.018168 -0.759106
v 0.366370 0.909349 -0.941758
v 0.103833 1.032273 -0.847771
v 0.366370 0.909349 -0.941758
v 0.110279 0.857530 -0.900400
v 0.295313 1.018168 -0.759106
v 0.508499 1.067617 -0.688898
v 0.673093 0.979983 -0.911885
v 0.295313 1.018168 -0.759106
v 0.673093 0.979983 -0.911885
v 0.366370 0.909349 -0.941758
v 0.508499 1.067617 -0.688898
v 0.691343 1.101760 -0.521569
v 0.853256 0.973411 -0.643720
v 0.508499 1.067617 -0.688898
v 0.853256 0.973411 -0.643720
v 0.673093 0.979983 -0.911885
v 0.691343 1.101760 -0.521569
v 0.711656 1.041390 -0.245302
v 0.850786 0.911657 -0.293259
v 0.691343 1.101760 -0.521569
v 0.850786 0.911657 -0.293259
v 0.853256 0.973411 -0.643720
v 0.711656 1.041390 -0.245302
v 0.629822 0.957072 0.000000
v 0.841113 0.889587 0.000000
v 0.711656 1.041390 -0.245302
v 0.841113 0.889587 0.000000
v 0.850786 0.911657 -0.293259
v 0.841113 0.889587 0.000000
v 0.866960 0.919818 0.298834
v 1.089167 0.815942 0.375427
v 0.841113 0.889587 0.000000
v 1.089167 0.815942 0.375427
v 1.145868 0.819092 0.000000
v 0.866960 0.919818 0.298834
v 0.775209 0.928498 0.584839
v 0.815841 0.767356 0.615494
v 0.866960 0.919818 0.298834
v 0.815841 0.767356 0.615494
v 1.089167 0.815942 0.375427
v 0.775209 0.928498 0.584839
v 0.561074 0.897173 0.760125
v 0.572928 0.739469 0.776184
v 0.775209 0.928498 0.584839
v 0.572928 0.739469 0.776184
v 0.815841 0.767356 0.615494
v 0.561074 0.897173 0.760125
v 0.355688 0.896901 0.914299
v 0.411433 0.773415 1.057593
v 0.561074 0.897173 0.760125
v 0.411433 0.773415 1.057593
v 0.572928 0.739469 0.776184
v 0.355688 0.896901 0.914299
v 0.138758 0.954405 1.132924
v 0.163219 0.819391 1.332642
v 0.355688 0.896901 0.914299
v 0.163219 0.819391 1.332642
v 0.411433 0.773415 1.057593
v 0.138758 0.954405 1.132924
v -0.148666 0.988108 1.213817
v -0.161709 0.816273 1.320309
v 0.138758 0.954405 1.132924
v -0.161709 0.816273 1.320309
v 0.163219 0.819391 1.332642
v -0.148666 0.988108 1.213817
v -0.389486 0.936288 1.001178
v -0.426705 0.784217 1.096850
v -0.148666 0.988108 1.213817
v -0.426705 0.784217 1.096850
v -0.161709 0.816273 1.320309
v -0.389486 0.936288 1.001178
v -0.518439 0.865655 0.702364
v -0.662959 0.779865 0.898156
v -0.389486 0.936288 1.001178
v -0.662959 0.779865 0.898156
v -0.426705 0.784217 1.096850
v -0.518439 0.865655 0.702364
v -0.677421 0.872226 0.511066
v -0.903692 0.798040 0.681770
v -0.518439 0.865655 0.702364
v -0.903692 0.798040 0.681770
v -0.662959 0.779865 0.898156
v -0.677421 0.872226 0.511066
v -0.895031 0.933980 0.308510
v -1.002340 0.789353 0.345498
v -0.677421 0.872226 0.511066
v -1.002340 0.789353 0.345498
v -0.903692 0.798040 0.681770
v -0.895031 0.933980 0.308510
v -0.978406 0.956051 0.000000
v -0.936236 0.757496 0.000000
v -0.895031 0.933980 0.308510
v -0.936236 0.757496 0.000000
v -1.002340 0.789353 0.345498
v -0.978406 0.956051 0.000000
v -0.878856 0.925820 -0.302935
v -0.908597 0.760645 -0.313186
v -0.978406 0.956051 0.000000
v -0.908597 0.760645 -0.313186
v -0.936236 0.757496 0.000000
v -0.878856 0.925820 -0.302935
v -0.755469 0.917139 -0.569947
v -0.935736 0.809232 -0.705946
v -0.878856 0.925820 -0.302935
v -0.935736 0.809232 -0.705946
v -0.908597 0.760645 -0.313186
v -0.755469 0.917139 -0.569947
v -0.630458 0.948464 -0.854124
v -0.790560 0.837119 -1.071026
v -0.755469 0.917139 -0.569947
v -0.790560 0.837119 -1.071026
v -0.935736 0.809232 -0.705946
v -0.630458 0.948464 -0.854124
v -0.400168 0.948736 -1.028636
v -0.453504 0.803173 -1.165738
v -0.630458 0.948464 -0.854124
v -0.453504 0.803173 -1.165738
v -0.790560 0.837119 -1.071026
v -0.400168 0.948736 -1.028636
v -0.120187 0.891232 -0.981293
v -0.133095 0.757196 -1.086689
v -0.400168 0.948736 -1.028636
v -0.133095 0.757196 -1.086689
v -0.453504 0.803173 -1.165738
v -0.120187 0.891232 -0.981293
v 0.110279 0.857530 -0.900400
v 0.134606 0.760315 -1.099021
v -0.120187 0.891232 -0.981293
v 0.134606 0.760315 -1.099021
v -0.133095 0.757196 -1.086689
v 0.110279 0.857530 -0.900400
v 0.366370 0.909349 -0.941758
v 0.438232 0.792371 -1.126481
v 0.110279 0.857530 -0.900400
v 0.438232 0.792371 -1.126481
v 0.134606 0.760315 -1.099021
v 0.366370 0.909349 -0.941758
v 0.673093 0.979983 -0.911885
v 0.700529 0.796722 -0.949054
v 0.366370 0.909349 -0.941758
v 0.700529 0.796722 -0.949054
v 0.438232 0.792371 -1.126481
v 0.673093 0.979983 -0.911885
v 0.853256 0.973411 -0.643720
v 0.847886 0.778548 -0.639669
v 0.673093 0.979983 -0.911885
v 0.847886 0.778548 -0.639669
v 0.700529 0.796722 -0.949054
v 0.853256 0.973411 -0.643720
v 0.850786 0.911657 -0.293259
v 0.995424 0.787235 -0.343115
v 0.853256 0.973411 -0.643720
v 0.995424 0.787235 -0.343115
v 0.847886 0.778548 -0.639669
v 0.850786 0.911657 -0.293259
v 0.841113 0.889587 0.000000
v 1.145868 0.819092 0.000000
v 0.850786 0.911657 -0.293259
v 1.145868 0.819092 0.000000
v 0.995424 0.787235 -0.343115
v 1.145868 0.819092 0.000000
v 1.089167 0.815942 0.375427
v 1.136097 0.647707 0.391604
v 1.145868 0.819092 0.000000
v 1.136097 0.647707 0.391604
v 1.290115 0.662514 0.000000
v 1.089167 0.815942 0.375427
v 0.815841 0.767356 0.615494
v 0.880790 0.628572 0.664493
v 1.089167 0.815942 0.375427
v 0.880790 0.628572 0.664493
v 1.136097 0.647707 0.391604
v 0.815841 0.767356 0.615494
v 0.572928 0.739469 0.776184
v 0.697760 0.631156 0.945303
v 0.815841 0.767356 0.615494
v 0.697760 0.631156 0.945303
v 0.880790 0.628572 0.664493
v 0.572928 0.739469 0.776184
v 0.411433 0.773415 1.057593
v 0.474089 0.641729 1.218651
v 0.572928 0.739469 0.776184
v 0.474089 0.641729 1.218651
v 0.697760 0.631156 0.945303
v 0.411433 0.773415 1.057593
v 0.163219 0.819391 1.332642
v 0.157342 0.636752 1.284656
v 0.411433 0.773415 1.057593
v 0.157342 0.636752 1.284656
v 0.474089 0.641729 1.218651
v 0.163219 0.819391 1.332642
v -0.161709 0.816273 1.320309
v -0.147385 0.626985 1.203364
v 0.163219 0.819391 1.332642
v -0.147385 0.626985 1.203364
v 0.157342 0.636752 1.284656
v -0.161709 0.816273 1.320309
v -0.426705 0.784217 1.096850
v -0.461490 0.637495 1.186265
v -0.161709 0.816273 1.320309
v -0.461490 0.637495 1.186265
v -0.147385 0.626985 1.203364
v -0.426705 0.784217 1.096850
v -0.662959 0.779865 0.898156
v -0.827986 0.658919 1.121729
v -0.426705 0.784217 1.096850
v -0.827986 0.658919 1.121729
v -0.461490 0.637495 1.186265
v -0.662959 0.779865 0.898156
v -0.903692 0.798040 0.681770
v -1.055362 0.657543 0.796195
v -0.662959 0.779865 0.898156
v -1.055362 0.657543 0.796195
v -0.827986 0.658919 1.121729
v -0.903692 0.798040 0.681770
v -1.002340 0.789353 0.345498
v -1.021537 0.631038 0.352116
v -0.903692 0.798040 0.681770
v -1.021537 0.631038 0.352116
v -1.055362 0.657543 0.796195
v -1.002340 0.789353 0.345498
v -0.936236 0.757496 0.000000
v -0.954750 0.615693 0.000000
v -1.002340 0.789353 0.345498
v -0.954750 0.615693 0.000000
v -1.021537 0.631038 0.352116
v -0.936236 0.757496 0.000000
v -0.908597 0.760645 -0.313186
v -1.017835 0.630500 -0.350840
v -0.936236 0.757496 0.000000
v -1.017835 0.630500 -0.350840
v -0.954750 0.615693 0.000000
v -0.908597 0.760645 -0.313186
v -0.935736 0.809232 -0.705946
v -1.007711 0.649635 -0.760245
v -0.908597 0.760645 -0.313186
v -1.007711 0.649635 -0.760245
v -1.017835 0.630500 -0.350840
v -0.935736 0.809232 -0.705946
v -0.790560 0.837119 -1.071026
v -0.772314 0.647050 -1.046306
v -0.935736 0.809232 -0.705946
v -0.772314 0.647050 -1.046306
v -1.007711 0.649635 -0.760245
v -0.790560 0.837119 -1.071026
v -0.453504 0.803173 -1.165738
v -0.458462 0.636477 -1.178481
v -0.790560 0.837119 -1.071026
v -0.458462 0.636477 -1.178481
v -0.772314 0.647050 -1.046306
v -0.453504 0.803173 -1.165738
v -0.133095 0.757196 -1.086689
v -0.162136 0.641455 -1.323797
v -0.453504 0.803173 -1.165738
v -0.162136 0.641455 -1.323797
v -0.458462 0.636477 -1.178481
v -0.133095 0.757196 -1.086689
v 0.134606 0.760315 -1.099021
v 0.172092 0.651222 -1.405089
v -0.133095 0.757196 -1.086689
v 0.172092 0.651222 -1.405089
v -0.162136 0.641455 -1.323797
v 0.134606 0.760315 -1.099021
v 0.438232 0.792371 -1.126481
v 0.471061 0.640712 -1.210867
v 0.134606 0.760315 -1.099021
v 0.471061 0.640712 -1.210867
v 0.172092 0.651222 -1.405089
v 0.438232 0.792371 -1.126481
v 0.700529 0.796722 -0.949054
v 0.642088 0.619287 -0.869880
v 0.438232 0.792371 -1.126481
v 0.642088 0.619287 -0.869880
v 0.471061 0.640712 -1.210867
v 0.700529 0.796722 -0.949054
v 0.847886 0.778548 -0.639669
v 0.833138 0.620664 -0.628543
v 0.700529 0.796722 -0.949054
v 0.833138 0.620664 -0.628543
v 0.642088 0.619287 -0.869880
v 0.847886 0.778548 -0.639669
v 0.995424 0.787235 -0.343115
v 1.132396 0.647169 -0.390328
v 0.847886 0.778548 -0.639669
v 1.132396 0.647169 -0.390328
v 0.833138 0.620664 -0.628543
v 0.995424 0.787235 -0.343115
v 1.145868 0.819092 0.000000
v 1.290115 0.662514 0.000000
v 0.995424 0.787235 -0.343115
v 1.290115 0.662514 0.000000
v 1.132396 0.647169 -0.390328
v 1.290115 0.662514 0.000000
v 1.136097 0.647707 0.391604
v 1.063494 0.482400 0.366578
v 1.290115 0.662514 0.000000
v 1.063494 0.482400 0.366578
v 1.150000 0.482400 0.000000
v 1.136097 0.647707 0.391604
v 0.880790 0.628572 0.664493
v 1.009943 0.482400 0.761929
v 1.136097 0.647707 0.391604
v 1.009943 0.482400 0.761929
v 1.063494 0.482400 0.366578
v 0.880790 0.628572 0.664493
v 0.697760 0.631156 0.945303
v 0.843244 0.482400 1.142399
v 0.880790 0.628572 0.664493
v 0.843244 0.482400 1.142399
v 1.009943 0.482400 0.761929
v 0.697760 0.631156 0.945303
v 0.474089 0.641729 1.218651
v 0.491551 0.482400 1.263537
v 0.697760 0.631156 0.945303
v 0.491551 0.482400 1.263537
v 0.843244 0.482400 1.142399
v 0.474089 0.641729 1.218651
v 0.157342 0.636752 1.284656
v 0.142109 0.482400 1.160285
v 0.474089 0.641729 1.218651
v 0.142109 0.482400 1.160285
v 0.491551 0.482400 1.263537
v 0.157342 0.636752 1.284656
v -0.147385 0.626985 1.203364
v -0.142109 0.482400 1.160285
v 0.157342 0.636752 1.284656
v -0.142109 0.482400 1.160285
v 0.142109 0.482400 1.160285
v -0.147385 0.626985 1.203364
v -0.461490 0.637495 1.186265
v -0.491551 0.482400 1.263537
v -0.147385 0.626985 1.203364
v -0.491551 0.482400 1.263537
v -0.142109 0.482400 1.160285
v -0.461490 0.637495 1.186265
v -0.827986 0.658919 1.121729
v -0.843244 0.482400 1.142399
v -0.461490 0.637495 1.186265
v -0.843244 0.482400 1.142399
v -0.491551 0.482400 1.263537
v -0.827986 0.658919 1.121729
v -1.055362 0.657543 0.796195
v -1.009943 0.482400 0.761929
v -0.827986 0.658919 1.121729
v -1.009943 0.482400 0.761929
v -0.843244 0.482400 1.142399
v -1.055362 0.657543 0.796195
v -1.021537 0.631038 0.352116
v -1.063494 0.482400 0.366578
v -1.055362 0.657543 0.796195
v -1.063494 0.482400 0.366578
v -1.009943 0.482400 0.761929
v -1.021537 0.631038 0.352116
v -0.954750 0.615693 0.000000
v -1.150000 0.482400 0.000000
v -1.021537 0.631038 0.352116
v -1.150000 0.482400 0.000000
v -1.063494 0.482400 0.366578
v -0.954750 0.615693 0.000000
v -1.017835 0.630500 -0.350840
v -1.143340 0.482400 -0.394100
v -0.954750 0.615693 0.000000
v -1.143340 0.482400 -0.394100
v -1.150000 0.482400 0.000000
v -1.017835 0.630500 -0.350840
v -1.007711 0.649635 -0.760245
v -0.924940 0.482400 -0.697801
v -1.017835 0.630500 -0.350840
v -0.924940 0.482400 -0.697801
v -1.143340 0.482400 -0.394100
v -1.007711 0.649635 -0.760245
v -0.772314 0.647050 -1.046306
v -0.662936 0.482400 -0.898125
v -1.007711 0.649635 -0.760245
v -0.662936 0.482400 -0.898125
v -0.924940 0.482400 -0.697801
v -0.772314 0.647050 -1.046306
v -0.458462 0.636477 -1.178481
v -0.463904 0.482400 -1.192469
v -0.772314 0.647050 -1.046306
v -0.463904 0.482400 -1.192469
v -0.662936 0.482400 -0.898125
v -0.458462 0.636477 -1.178481
v -0.162136 0.641455 -1.323797
v -0.185215 0.482400 -1.512233
v -0.458462 0.636477 -1.178481
v -0.185215 0.482400 -1.512233
v -0.463904 0.482400 -1.192469
v -0.162136 0.641455 -1.323797
v 0.172092 0.651222 -1.405089
v 0.185215 0.482400 -1.512233
v -0.162136 0.641455 -1.323797
v 0.185215 0.482400 -1.512233
v -0.185215 0.482400 -1.512233
v 0.172092 0.651222 -1.405089
v 0.471061 0.640712 -1.210867
v 0.463904 0.482400 -1.192469
v 0.172092 0.651222 -1.405089
v 0.463904 0.482400 -1.192469
v 0.185215 0.482400 -1.512233
v 0.471061 0.640712 -1.210867
v 0.642088 0.619287 -0.869880
v 0.662936 0.482400 -0.898125
v 0.471061 0.640712 -1.210867
v 0.662936 0.482400 -0.898125
v 0.463904 0.482400 -1.192469
v 0.642088 0.619287 -0.869880
v 0.833138 0.620664 -0.628543
v 0.924940 0.482400 -0.697801
v 0.642088 0.619287 -0.869880
v 0.924940 0.482400 -0.697801
v 0.662936 0.482400 -0.898125
v 0.833138 0.620664 -0.628543
v 1.132396 0.647169 -0.390328
v 1.143340 0.482400 -0.394100
v 0.833138 0.620664 -0.628543
v 1.143340 0.482400 -0.394100
v 0.924940 0.482400 -0.697801
v 1.132396 0.647169 -0.390328
v 1.290115 0.662514 0.000000
v 1.150000 0.482400 0.000000
v 1.132396 0.647169 -0.390328
v 1.150000 0.482400 0.000000
v 1.143340 0.482400 -0.394100
v 1.150000 0.482400 0.000000
v 1.063494 0.482400 0.366578
v 1.021537 0.333762 0.352116
v 1.150000 0.482400 0.000000
v 1.021537 0.333762 0.352116
v 0.954750 0.349107 0.000000
v 1.063494 0.482400 0.366578
v 1.009943 0.482400 0.761929
v 1.055362 0.307257 0.796195
v 1.063494 0.482400 0.366578
v 1.055362 0.307257 0.796195
v 1.021537 0.333762 0.352116
v 1.009943 0.482400 0.761929
v 0.843244 0.482400 1.142399
v 0.827986 0.305881 1.121729
v 1.009943 0.482400 0.761929
v 0.827986 0.305881 1.121729
v 1.055362 0.307257 0.796195
v 0.843244 0.482400 1.142399
v 0.491551 0.482400 1.263537
v 0.461490 0.327305 1.186265
v 0.843244 0.482400 1.142399
v 0.461490 0.327305 1.186265
v 0.827986 0.305881 1.121729
v 0.491551 0.482400 1.263537
v 0.142109 0.482400 1.160285
v 0.147385 0.337815 1.203364
v 0.491551 0.482400 1.263537
v 0.147385 0.337815 1.203364
v 0.461490 0.327305 1.186265
v 0.142109 0.482400 1.160285
v -0.142109 0.482400 1.160285
v -0.157342 0.328048 1.284656
v 0.142109 0.482400 1.160285
v -0.157342 0.328048 1.284656
v 0.147385 0.337815 1.203364
v -0.142109 0.482400 1.160285
v -0.491551 0.482400 1.263537
v -0.474089 0.323071 1.218651
v -0.142109 0.482400 1.160285
v -0.474089 0.323071 1.218651
v -0.157342 0.328048 1.284656
v -0.491551 0.482400 1.263537
v -0.843244 0.482400 1.142399
v -0.697760 0.333644 0.945303
v -0.491551 0.482400 1.263537
v -0.697760 0.333644 0.945303
v -0.474089 0.323071 1.218651
v -0.843244 0.482400 1.142399
v -1.009943 0.482400 0.761929
v -0.880790 0.336228 0.664493
v -0.843244 0.482400 1.142399
v -0.880790 0.336228 0.664493
v -0.697760 0.333644 0.945303
v -1.009943 0.482400 0.761929
v -1.063494 0.482400 0.366578
v -1.136097 0.317093 0.391604
v -1.009943 0.482400 0.761929
v -1.136097 0.317093 0.391604
v -0.880790 0.336228 0.664493
v -1.063494 0.482400 0.366578
v -1.150000 0.482400 0.000000
v -1.290115 0.302286 0.000000
v -1.063494 0.482400 0.366578
v -1.290115 0.302286 0.000000
v -1.136097 0.317093 0.391604
v -1.150000 0.482400 0.000000
v -1.143340 0.482400 -0.394100
v -1.132396 0.317631 -0.390328
v -1.150000 0.482400 0.000000
v -1.132396 0.317631 -0.390328
v -1.290115 0.302286 0.000000
v -1.143340 0.482400 -0.394100
v -0.924940 0.482400 -0.697801
v -0.833138 0.344136 -0.628543
v -1.143340 0.482400 -0.394100
v -0.833138 0.344136 -0.628543
v -1.132396 0.317631 -0.390328
v -0.924940 0.482400 -0.697801
v -0.662936 0.482400 -0.898125
v -0.642088 0.345513 -0.869880
v -0.924940 0.482400 -0.697801
v -0.642088 0.345513 -0.869880
v -0.833138 0.344136 -0.628543
v -0.662936 0.482400 -0.898125
v -0.463904 0.482400 -1.192469
v -0.471061 0.324088 -1.210867
v -0.662936 0.482400 -0.898125
v -0.471061 0.324088 -1.210867
v -0.642088 0.345513 -0.869880
v -0.463904 0.482400 -1.192469
v -0.185215 0.482400 -1.512233
v -0.172092 0.313578 -1.405089
v -0.463904 0.482400 -1.192469
v -0.172092 0.313578 -1.405089
v -0.471061 0.324088 -1.210867
v -0.185215 0.482400 -1.512233
v 0.185215 0.482400 -1.512233
v 0.162136 0.323345 -1.323797
v -0.185215 0.482400 -1.512233
v 0.162136 0.323345 -1.323797
v -0.172092 0.313578 -1.405089
v 0.185215 0.482400 -1.512233
v 0.463904 0.482400 -1.192469
v 0.458462 0.328323 -1.178481
v 0.185215 0.482400 -1.512233
v 0.458462 0.328323 -1.178481
v 0.162136 0.323345 -1.323797
v 0.463904 0.482400 -1.192469
v 0.662936 0.482400 -0.898125
v 0.772314 0.317750 -1.046306
v 0.463904 0.482400 -1.192469
v 0.772314 0.317750 -1.046306
v 0.458462 0.328323 -1.178481
v 0.662936 0.482400 -0.898125
v 0.924940 0.482400 -0.697801
v 1.007711 0.315165 -0.760245
v 0.662936 0.482400 -0.898125
v 1.007711 0.315165 -0.760245
v 0.772314 0.317750 -1.046306
v 0.924940 0.482400 -0.697801
v 1.143340 0.482400 -0.394100
v 1.017835 0.334300 -0.350840
v 0.924940 0.482400 -0.697801
v 1.017835 0.334300 -0.350840
v 1.007711 0.315165 -0.760245
v 1.143340 0.482400 -0.394100
v 1.150000 0.482400 0.000000
v 0.954750 0.349107 0.000000
v 1.143340 0.482400 -0.394100
v 0.954750 0.349107 0.000000
v 1.017835 0.334300 -0.350840
v 0.954750 0.349107 0.000000
v 1.021537 0.333762 0.352116
v 1.002340 0.175447 0.345498
v 0.954750 0.349107 0.000000
v 1.002340 0.175447 0.345498
v 0.936236 0.207304 0.000000
v 1.021537 0.333762 0.352116
v 1.055362 0.307257 0.796195
v 0.903692 0.166760 0.681770
v 1.021537 0.333762 0.352116
v 0.903692 0.166760 0.681770
v 1.002340 0.175447 0.345498
v 1.055362 0.307257 0.796195
v 0.827986 0.305881 1.121729
v 0.662959 0.184935 0.898156
v 1.055362 0.307257 0.796195
v 0.662959 0.184935 0.898156
v 0.903692 0.166760 0.681770
v 0.827986 0.305881 1.121729
v 0.461490 0.327305 1.186265
v 0.426705 0.180583 1.096850
v 0.827986 0.305881 1.121729
v 0.426705 0.180583 1.096850
v 0.662959 0.184935 0.898156
v 0.461490 0.327305 1.186265
v 0.147385 0.337815 1.203364
v 0.161709 0.148527 1.320309
v 0.461490 0.327305 1.186265
v 0.161709 0.148527 1.320309
v 0.426705 0.180583 1.096850
v 0.147385 0.337815 1.203364
v -0.157342 0.328048 1.284656
v -0.163219 0.145409 1.332642
v 0.147385 0.337815 1.203364
v -0.163219 0.145409 1.332642
v 0.161709 0.148527 1.320309
v -0.157342 0.328048 1.284656
v -0.474089 0.323071 1.218651
v -0.411433 0.191385 1.057593
v -0.157342 0.328048 1.284656
v -0.411433 0.191385 1.057593
v -0.163219 0.145409 1.332642
v -0.474089 0.323071 1.218651
v -0.697760 0.333644 0.945303
v -0.572928 0.225331 0.776184
v -0.474089 0.323071 1.218651
v -0.572928 0.225331 0.776184
v -0.411433 0.191385 1.057593
v -0.697760 0.333644 0.945303
v -0.880790 0.336228 0.664493
v -0.815841 0.197444 0.615494
v -0.697760 0.333644 0.945303
v -0.815841 0.197444 0.615494
v -0.572928 0.225331 0.776184
v -0.880790 0.336228 0.664493
v -1.136097 0.317093 0.391604
v -1.089167 0.148858 0.375427
v -0.880790 0.336228 0.664493
v -1.089167 0.148858 0.375427
v -0.815841 0.197444 0.615494
v -1.136097 0.317093 0.391604
v -1.290115 0.302286 0.000000
v -1.145868 0.145708 0.000000
v -1.136097 0.317093 0.391604
v -1.145868 0.145708 0.000000
v -1.089167 0.148858 0.375427
v -1.290115 0.302286 0.000000
v -1.132396 0.317631 -0.390328
v -0.995424 0.177565 -0.343115
v -1.290115 0.302286 0.000000
v -0.995424 0.177565 -0.343115
v -1.145868 0.145708 0.000000
v -1.132396 0.317631 -0.390328
v -0.833138 0.344136 -0.628543
v -0.847886 0.186252 -0.639669
v -1.132396 0.317631 -0.390328
v -0.847886 0.186252 -0.639669
v -0.995424 0.177565 -0.343115
v -0.833138 0.344136 -0.628543
v -0.642088 0.345513 -0.869880
v -0.700529 0.168078 -0.949054
v -0.833138 0.344136 -0.628543
v -0.700529 0.168078 -0.949054
v -0.847886 0.186252 -0.639669
v -0.642088 0.345513 -0.869880
v -0.471061 0.324088 -1.210867
v -0.438232 0.172429 -1.126481
v -0.642088 0.345513 -0.869880
v -0.438232 0.172429 -1.126481
v -0.700529 0.168078 -0.949054
v -0.471061 0.324088 -1.210867
v -0.172092 0.313578 -1.405089
v -0.134606 0.204485 -1.099021
v -0.471061 0.324088 -1.210867
v -0.134606 0.204485 -1.099021
v -0.438232 0.172429 -1.126481
v -0.172092 0.313578 -1.405089
v 0.162136 0.323345 -1.323797
v 0.133095 0.207604 -1.086689
v -0.172092 0.313578 -1.405089
v 0.133095 0.207604 -1.086689
v -0.134606 0.204485 -1.099021
v 0.162136 0.323345 -1.323797
v 0.458462 0.328323 -1.178481
v 0.453504 0.161627 -1.165738
v 0.162136 0.323345 -1.323797
v 0.453504 0.161627 -1.165738
v 0.133095 0.207604 -1.086689
v 0.458462 0.328323 -1.178481
v 0.772314 0.317750 -1.046306
v 0.790560 0.127681 -1.071026
v 0.458462 0.328323 -1.178481
v 0.790560 0.127681 -1.071026
v 0.453504 0.161627 -1.165738
v 0.772314 0.317750 -1.046306
v 1.007711 0.315165 -0.760245
v 0.935736 0.155568 -0.705946
v 0.772314 0.317750 -1.046306
v 0.935736 0.155568 -0.705946
v 0.790560 0.127681 -1.071026
v 1.007711 0.315165 -0.760245
v 1.017835 0.334300 -0.350840
v 0.908597 0.204155 -0.313186
v 1.007711 0.315165 -0.760245
v 0.908597 0.204155 -0.313186
v 0.935736 0.155568 -0.705946
v 1.017835 0.334300 -0.350840
v 0.954750 0.349107 0.000000
v 0.936236 0.207304 0.000000
v 1.017835 0.334300 -0.350840
v 0.936236 0.207304 0.000000
v 0.908597 0.204155 -0.313186
v 0.936236 0.207304 0.000000
v 1.002340 0.175447 0.345498
v 0.895031 0.030820 0.308510
v 0.936236 0.207304 0.000000
v 0.895031 0.030820 0.308510
v 0.978406 0.008749 0.000000
v 1.002340 0.175447 0.345498
v 0.903692 0.166760 0.681770
v 0.677421 0.092574 0.511066
v 1.002340 0.175447 0.345498
v 0.677421 0.092574 0.511066
v 0.895031 0.030820 0.308510
v 0.903692 0.166760 0.681770
v 0.662959 0.184935 0.898156
v 0.518439 0.099145 0.702364
v 0.903692 0.166760 0.681770
v 0.518439 0.099145 0.702364
v 0.677421 0.092574 0.511066
v 0.662959 0.184935 0.898156
v 0.426705 0.180583 1.096850
v 0.389486 0.028512 1.001178
v 0.662959 0.184935 0.898156
v 0.389486 0.028512 1.001178
v 0.518439 0.099145 0.702364
v 0.426705 0.180583 1.096850
v 0.161709 0.148527 1.320309
v 0.148666 -0.023308 1.213817
v 0.426705 0.180583 1.096850
v 0.148666 -0.023308 1.213817
v 0.389486 0.028512 1.001178
v 0.161709 0.148527 1.320309
v -0.163219 0.145409 1.332642
v -0.138758 0.010395 1.132924
v 0.161709 0.148527 1.320309
v -0.138758 0.010395 1.132924
v 0.148666 -0.023308 1.213817
v -0.163219 0.145409 1.332642
v -0.411433 0.191385 1.057593
v -0.355688 0.067899 0.914299
v -0.163219 0.145409 1.332642
v -0.355688 0.067899 0.914299
v -0.138758 0.010395 1.132924
v -0.411433 0.191385 1.057593
v -0.572928 0.225331 0.776184
v -0.561074 0.067627 0.760125
v -0.411433 0.191385 1.057593
v -0.561074 0.067627 0.760125
v -0.355688 0.067899 0.914299
v -0.572928 0.225331 0.776184
v -0.815841 0.197444 0.615494
v -0.775209 0.036302 0.584839
v -0.572928 0.225331 0.776184
v -0.775209 0.036302 0.584839
v -0.561074 0.067627 0.760125
v -0.815841 0.197444 0.615494
v -1.089167 0.148858 0.375427
v -0.866960 0.044982 0.298834
v -0.815841 0.197444 0.615494
v -0.866960 0.044982 0.298834
v -0.775209 0.036302 0.584839
v -1.089167 0.148858 0.375427
v -1.145868 0.145708 0.000000
v -0.841113 0.075213 0.000000
v -1.089167 0.148858 0.375427
v -0.841113 0.075213 0.000000
v -0.866960 0.044982 0.298834
v -1.145868 0.145708 0.000000
v -0.995424 0.177565 -0.343115
v -0.850786 0.053143 -0.293259
v -1.145868 0.145708 0.000000
v -0.850786 0.053143 -0.293259
v -0.841113 0.075213 0.000000
v -0.995424 0.177565 -0.343115
v -0.847886 0.186252 -0.639669
v -0.853256 -0.008611 -0.643720
v -0.995424 0.177565 -0.343115
v -0.853256 -0.008611 -0.643720
v -0.850786 0.053143 -0.293259
v -0.847886 0.186252 -0.639669
v -0.700529 0.168078 -0.949054
v -0.673093 -0.015183 -0.911885
v -0.847886 0.186252 -0.639669
v -0.673093 -0.015183 -0.911885
v -0.853256 -0.008611 -0.643720
v -0.700529 0.168078 -0.949054
v -0.438232 0.172429 -1.126481
v -0.366370 0.055451 -0.941758
v -0.700529 0.168078 -0.949054
v -0.366370 0.055451 -0.941758
v -0.673093 -0.015183 -0.911885
v -0.438232 0.172429 -1.126481
v -0.134606 0.204485 -1.099021
v -0.110279 0.107270 -0.900400
v -0.438232 0.172429 -1.126481
v -0.110279 0.107270 -0.900400
v -0.366370 0.055451 -0.941758
v -0.134606 0.204485 -1.099021
v 0.133095 0.207604 -1.086689
v 0.120187 0.073568 -0.981293
v -0.134606 0.204485 -1.099021
v 0.120187 0.073568 -0.981293
v -0.110279 0.107270 -0.900400
v 0.133095 0.207604 -1.086689
v 0.453504 0.161627 -1.165738
v 0.400168 0.016064 -1.028636
v 0.133095 0.207604 -1.086689
v 0.400168 0.016064 -1.028636
v 0.120187 0.073568 -0.981293
v 0.453504 0.161627 -1.165738
v 0.790560 0.127681 -1.071026
v 0.630458 0.016336 -0.854124
v 0.453504 0.161627 -1.165738
v 0.630458 0.016336 -0.854124
v 0.400168 0.016064 -1.028636
v 0.790560 0.127681 -1.071026
v 0.935736 0.155568 -0.705946
v 0.755469 0.047661 -0.569947
v 0.790560 0.127681 -1.071026
v 0.755469 0.047661 -0.569947
v 0.630458 0.016336 -0.854124
v 0.935736 0.155568 -0.705946
v 0.908597 0.204155 -0.313186
v 0.878856 0.038980 -0.302935
v 0.935736 0.155568 -0.705946
v 0.878856 0.038980 -0.302935
v 0.755469 0.047661 -0.569947
v 0.908597 0.204155 -0.313186
v 0.936236 0.207304 0.000000
v 0.978406 0.008749 0.000000
v 0.908597 0.204155 -0.313186
v 0.978406 0.008749 0.000000
v 0.878856 0.038980 -0.302935
v 0.978406 0.008749 0.000000
v 0.895031 0.030820 0.308510
v 0.698512 -0.066266 0.240772
v 0.978406 0.008749 0.000000
v 0.698512 -0.066266 0.240772
v 0.839880 -0.150585 0.000000
v 0.895031 0.030820 0.308510
v 0.677421 0.092574 0.511066
v 0.545049 -0.005897 0.411200
v 0.895031 0.030820 0.308510
v 0.545049 -0.005897 0.411200
v 0.698512 -0.066266 0.240772
v 0.677421 0.092574 0.511066
v 0.518439 0.099145 0.702364
v 0.453951 -0.040040 0.614998
v 0.677421 0.092574 0.511066
v 0.453951 -0.040040 0.614998
v 0.545049 -0.005897 0.411200
v 0.518439 0.099145 0.702364
v 0.389486 0.028512 1.001178
v 0.315223 -0.089489 0.810284
v 0.518439 0.099145 0.702364
v 0.315223 -0.089489 0.810284
v 0.453951 -0.040040 0.614998
v 0.389486 0.028512 1.001178
v 0.148666 -0.023308 1.213817
v 0.105327 -0.075384 0.859969
v 0.389486 0.028512 1.001178
v 0.105327 -0.075384 0.859969
v 0.315223 -0.089489 0.810284
v 0.148666 -0.023308 1.213817
v -0.138758 0.010395 1.132924
v -0.100603 -0.050368 0.821401
v 0.148666 -0.023308 1.213817
v -0.100603 -0.050368 0.821401
v 0.105327 -0.075384 0.859969
v -0.138758 0.010395 1.132924
v -0.355688 0.067899 0.914299
v -0.314760 -0.088648 0.809093
v -0.138758 0.010395 1.132924
v -0.314760 -0.088648 0.809093
v -0.100603 -0.050368 0.821401
v -0.355688 0.067899 0.914299
v -0.561074 0.067627 0.760125
v -0.538288 -0.137101 0.729255
v -0.355688 0.067899 0.914299
v -0.538288 -0.137101 0.729255
v -0.314760 -0.088648 0.809093
v -0.561074 0.067627 0.760125
v -0.775209 0.036302 0.584839
v -0.647566 -0.097741 0.488542
v -0.561074 0.067627 0.760125
v -0.647566 -0.097741 0.488542
v -0.538288 -0.137101 0.729255
v -0.775209 0.036302 0.584839
v -0.866960 0.044982 0.298834
v -0.621874 -0.006068 0.214355
v -0.775209 0.036302 0.584839
v -0.621874 -0.006068 0.214355
v -0.647566 -0.097741 0.488542
v -0.866960 0.044982 0.298834
v -0.841113 0.075213 0.000000
v -0.629822 0.007728 0.000000
v -0.866960 0.044982 0.298834
v -0.629822 0.007728 0.000000
v -0.621874 -0.006068 0.214355
v -0.841113 0.075213 0.000000
v -0.850786 0.053143 -0.293259
v -0.711656 -0.076590 -0.245302
v -0.841113 0.075213 0.000000
v -0.711656 -0.076590 -0.245302
v -0.629822 0.007728 0.000000
v -0.850786 0.053143 -0.293259
v -0.853256 -0.008611 -0.643720
v -0.691343 -0.136960 -0.521569
v -0.850786 0.053143 -0.293259
v -0.691343 -0.136960 -0.521569
v -0.711656 -0.076590 -0.245302
v -0.853256 -0.008611 -0.643720
v -0.673093 -0.015183 -0.911885
v -0.508499 -0.102817 -0.688898
v -0.853256 -0.008611 -0.643720
v -0.508499 -0.102817 -0.688898
v -0.691343 -0.136960 -0.521569
v -0.673093 -0.015183 -0.911885
v -0.366370 0.055451 -0.941758
v -0.295313 -0.053368 -0.759106
v -0.673093 -0.015183 -0.911885
v -0.295313 -0.053368 -0.759106
v -0.508499 -0.102817 -0.688898
v -0.366370 0.055451 -0.941758
v -0.110279 0.107270 -0.900400
v -0.103833 -0.067473 -0.847771
v -0.366370 0.055451 -0.941758
v -0.103833 -0.067473 -0.847771
v -0.295313 -0.053368 -0.759106
v -0.110279 0.107270 -0.900400
v 0.120187 0.073568 -0.981293
v 0.108557 -0.092488 -0.886340
v -0.110279 0.107270 -0.900400
v 0.108557 -0.092488 -0.886340
v -0.103833 -0.067473 -0.847771
v 0.120187 0.073568 -0.981293
v 0.400168 0.016064 -1.028636
v 0.295777 -0.054209 -0.760297
v 0.120187 0.073568 -0.981293
v 0.295777 -0.054209 -0.760297
v 0.108557 -0.092488 -0.886340
v 0.400168 0.016064 -1.028636
v 0.630458 0.016336 -0.854124
v 0.424162 -0.005756 -0.574641
v 0.400168 0.016064 -1.028636
v 0.424162 -0.005756 -0.574641
v 0.295777 -0.054209 -0.760297
v 0.630458 0.016336 -0.854124
v 0.755469 0.047661 -0.569947
v 0.588825 -0.045116 -0.444226
v 0.630458 0.016336 -0.854124
v 0.588825 -0.045116 -0.444226
v 0.424162 -0.005756 -0.574641
v 0.755469 0.047661 -0.569947
v 0.878856 0.038980 -0.302935
v 0.788295 -0.136789 -0.271719
v 0.755469 0.047661 -0.569947
v 0.788295 -0.136789 -0.271719
v 0.588825 -0.045116 -0.444226
v 0.878856 0.038980 -0.302935
v 0.978406 0.008749 0.000000
v 0.839880 -0.150585 0.000000
v 0.878856 0.038980 -0.302935
v 0.839880 -0.150585 0.000000
v 0.788295 -0.136789 -0.271719
v 0.839880 -0.150585 0.000000
v 0.698512 -0.066266 0.240772
v 0.493812 -0.146013 0.170213
v 0.839880 -0.150585 0.000000
v 0.493812 -0.146013 0.170213
v 0.537111 -0.173427 0.000000
v 0.698512 -0.066266 0.240772
v 0.545049 -0.005897 0.411200
v 0.460138 -0.185462 0.347141
v 0.698512 -0.066266 0.240772
v 0.460138 -0.185462 0.347141
v 0.493812 -0.146013 0.170213
v 0.545049 -0.005897 0.411200
v 0.453951 -0.040040 0.614998
v 0.368865 -0.205371 0.499726
v 0.545049 -0.005897 0.411200
v 0.368865 -0.205371 0.499726
v 0.460138 -0.185462 0.347141
v 0.453951 -0.040040 0.614998
v 0.315223 -0.089489 0.810284
v 0.209766 -0.134165 0.539207
v 0.453951 -0.040040 0.614998
v 0.209766 -0.134165 0.539207
v 0.368865 -0.205371 0.499726
v 0.315223 -0.089489 0.810284
v 0.105327 -0.075384 0.859969
v 0.063651 -0.063707 0.519691
v 0.315223 -0.089489 0.810284
v 0.063651 -0.063707 0.519691
v 0.209766 -0.134165 0.539207
v 0.105327 -0.075384 0.859969
v -0.100603 -0.050368 0.821401
v -0.069352 -0.112621 0.566239
v 0.105327 -0.075384 0.859969
v -0.069352 -0.112621 0.566239
v 0.063651 -0.063707 0.519691
v -0.100603 -0.050368 0.821401
v -0.314760 -0.088648 0.809093
v -0.240450 -0.224354 0.618080
v -0.100603 -0.050368 0.821401
v -0.240450 -0.224354 0.618080
v -0.069352 -0.112621 0.566239
v -0.314760 -0.088648 0.809093
v -0.538288 -0.137101 0.729255
v -0.390281 -0.245303 0.528741
v -0.314760 -0.088648 0.809093
v -0.390281 -0.245303 0.528741
v -0.240450 -0.224354 0.618080
v -0.538288 -0.137101 0.729255
v -0.647566 -0.097741 0.488542
v -0.443994 -0.162030 0.334962
v -0.538288 -0.137101 0.729255
v -0.443994 -0.162030 0.334962
v -0.390281 -0.245303 0.528741
v -0.647566 -0.097741 0.488542
v -0.621874 -0.006068 0.214355
v -0.464556 -0.108782 0.160129
v -0.647566 -0.097741 0.488542
v -0.464556 -0.108782 0.160129
v -0.443994 -0.162030 0.334962
v -0.621874 -0.006068 0.214355
v -0.629822 0.007728 0.000000
v -0.512310 -0.143144 0.000000
v -0.621874 -0.006068 0.214355
v -0.512310 -0.143144 0.000000
v -0.464556 -0.108782 0.160129
v -0.629822 0.007728 0.000000
v -0.711656 -0.076590 -0.245302
v -0.513100 -0.170558 -0.176861
v -0.629822 0.007728 0.000000
v -0.513100 -0.170558 -0.176861
v -0.512310 -0.143144 0.000000
v -0.711656 -0.076590 -0.245302
v -0.691343 -0.136960 -0.521569
v -0.422691 -0.131110 -0.318890
v -0.711656 -0.076590 -0.245302
v -0.422691 -0.131110 -0.318890
v -0.513100 -0.170558 -0.176861
v -0.691343 -0.136960 -0.521569
v -0.508499 -0.102817 -0.688898
v -0.318360 -0.111201 -0.431304
v -0.691343 -0.136960 -0.521569
v -0.318360 -0.111201 -0.431304
v -0.422691 -0.131110 -0.318890
v -0.508499 -0.102817 -0.688898
v -0.295313 -0.053368 -0.759106
v -0.226179 -0.182406 -0.581395
v -0.508499 -0.102817 -0.688898
v -0.226179 -0.182406 -0.581395
v -0.318360 -0.111201 -0.431304
v -0.295313 -0.053368 -0.759106
v -0.103833 -0.067473 -0.847771
v -0.085698 -0.252865 -0.699699
v -0.295313 -0.053368 -0.759106
v -0.085698 -0.252865 -0.699699
v -0.226179 -0.182406 -0.581395
v -0.103833 -0.067473 -0.847771
v 0.108557 -0.092488 -0.886340
v 0.079996 -0.203951 -0.653151
v -0.103833 -0.067473 -0.847771
v 0.079996 -0.203951 -0.653151
v -0.085698 -0.252865 -0.699699
v 0.108557 -0.092488 -0.886340
v 0.295777 -0.054209 -0.760297
v 0.195495 -0.092218 -0.502523
v 0.108557 -0.092488 -0.886340
v 0.195495 -0.092218 -0.502523
v 0.079996 -0.203951 -0.653151
v 0.295777 -0.054209 -0.760297
v 0.424162 -0.005756 -0.574641
v 0.296943 -0.071269 -0.402289
v 0.295777 -0.054209 -0.760297
v 0.296943 -0.071269 -0.402289
v 0.195495 -0.092218 -0.502523
v 0.424162 -0.005756 -0.574641
v 0.588825 -0.045116 -0.444226
v 0.438835 -0.154542 -0.331070
v 0.424162 -0.005756 -0.574641
v 0.438835 -0.154542 -0.331070
v 0.296943 -0.071269 -0.402289
v 0.588825 -0.045116 -0.444226
v 0.788295 -0.136789 -0.271719
v 0.542356 -0.207789 -0.186946
v 0.588825 -0.045116 -0.444226
v 0.542356 -0.207789 -0.186946
v 0.438835 -0.154542 -0.331070
v 0.788295 -0.136789 -0.271719
v 0.839880 -0.150585 0.000000
v 0.537111 -0.173427 0.000000
v 0.788295 -0.136789 -0.271719
v 0.537111 -0.173427 0.000000
v 0.542356 -0.207789 -0.186946
v 0.537111 -0.173427 0.000000
v 0.493812 -0.146013 0.170213
v 0.285528 -0.234093 0.098419
v 0.537111 -0.173427 0.000000
v 0.285528 -0.234093 0.098419
v 0.257429 -0.137415 0.000000
v 0.493812 -0.146013 0.170213
v 0.460138 -0.185462 0.347141
v 0.281584 -0.323511 0.212435
v 0.493812 -0.146013 0.170213
v 0.281584 -0.323511 0.212435
v 0.285528 -0.234093 0.098419
v 0.460138 -0.185462 0.347141
v 0.368865 -0.205371 0.499726
v 0.206056 -0.275204 0.279158
v 0.460138 -0.185462 0.347141
v 0.206056 -0.275204 0.279158
v 0.281584 -0.323511 0.212435
v 0.368865 -0.205371 0.499726
v 0.209766 -0.134165 0.539207
v 0.110985 -0.160859 0.285287
v 0.368865 -0.205371 0.499726
v 0.110985 -0.160859 0.285287
v 0.206056 -0.275204 0.279158
v 0.209766 -0.134165 0.539207
v 0.063651 -0.063707 0.519691
v 0.036733 -0.139062 0.299918
v 0.209766 -0.134165 0.539207
v 0.036733 -0.139062 0.299918
v 0.110985 -0.160859 0.285287
v 0.063651 -0.063707 0.519691
v -0.069352 -0.112621 0.566239
v -0.040878 -0.209190 0.333762
v 0.063651 -0.063707 0.519691
v -0.040878 -0.209190 0.333762
v 0.036733 -0.139062 0.299918
v -0.069352 -0.112621 0.566239
v -0.240450 -0.224354 0.618080
v -0.124418 -0.238718 0.319818
v -0.069352 -0.112621 0.566239
v -0.124418 -0.238718 0.319818
v -0.040878 -0.209190 0.333762
v -0.240450 -0.224354 0.618080
v -0.390281 -0.245303 0.528741
v -0.185328 -0.198991 0.251076
v -0.240450 -0.224354 0.618080
v -0.185328 -0.198991 0.251076
v -0.124418 -0.238718 0.319818
v -0.390281 -0.245303 0.528741
v -0.443994 -0.162030 0.334962
v -0.238148 -0.199195 0.179666
v -0.390281 -0.245303 0.528741
v -0.238148 -0.199195 0.179666
v -0.185328 -0.198991 0.251076
v -0.443994 -0.162030 0.334962
v -0.464556 -0.108782 0.160129
v -0.300129 -0.270732 0.103452
v -0.443994 -0.162030 0.334962
v -0.300129 -0.270732 0.103452
v -0.238148 -0.199195 0.179666
v -0.464556 -0.108782 0.160129
v -0.512310 -0.143144 0.000000
v -0.321399 -0.291438 0.000000
v -0.464556 -0.108782 0.160129
v -0.321399 -0.291438 0.000000
v -0.300129 -0.270732 0.103452
v -0.512310 -0.143144 0.000000
v -0.513100 -0.170558 -0.176861
v -0.269853 -0.194760 -0.093016
v -0.512310 -0.143144 0.000000
v -0.269853 -0.194760 -0.093016
v -0.321399 -0.291438 0.000000
v -0.513100 -0.170558 -0.176861
v -0.422691 -0.131110 -0.318890
v -0.205356 -0.105342 -0.154927
v -0.513100 -0.170558 -0.176861
v -0.205356 -0.105342 -0.154927
v -0.269853 -0.194760 -0.093016
v -0.422691 -0.131110 -0.318890
v -0.318360 -0.111201 -0.431304
v -0.172995 -0.153649 -0.234369
v -0.422691 -0.131110 -0.318890
v -0.172995 -0.153649 -0.234369
v -0.205356 -0.105342 -0.154927
v -0.318360 -0.111201 -0.431304
v -0.226179 -0.182406 -0.581395
v -0.129469 -0.267994 -0.332802
v -0.318360 -0.111201 -0.431304
v -0.129469 -0.267994 -0.332802
v -0.172995 -0.153649 -0.234369
v -0.226179 -0.182406 -0.581395
v -0.085698 -0.252865 -0.699699
v -0.045642 -0.289791 -0.372659
v -0.226179 -0.182406 -0.581395
v -0.045642 -0.289791 -0.372659
v -0.129469 -0.267994 -0.332802
v -0.085698 -0.252865 -0.699699
v 0.079996 -0.203951 -0.653151
v 0.041497 -0.219663 -0.338816
v -0.085698 -0.252865 -0.699699
v 0.041497 -0.219663 -0.338816
v -0.045642 -0.289791 -0.372659
v 0.079996 -0.203951 -0.653151
v 0.195495 -0.092218 -0.502523
v 0.116036 -0.190135 -0.298271
v 0.079996 -0.203951 -0.653151
v 0.116036 -0.190135 -0.298271
v 0.041497 -0.219663 -0.338816
v 0.195495 -0.092218 -0.502523
v 0.296943 -0.071269 -0.402289
v 0.193724 -0.229862 -0.262451
v 0.195495 -0.092218 -0.502523
v 0.193724 -0.229862 -0.262451
v 0.116036 -0.190135 -0.298271
v 0.296943 -0.071269 -0.402289
v 0.438835 -0.154542 -0.331070
v 0.248792 -0.229658 -0.187696
v 0.296943 -0.071269 -0.402289
v 0.248792 -0.229658 -0.187696
v 0.193724 -0.229862 -0.262451
v 0.438835 -0.154542 -0.331070
v 0.542356 -0.207789 -0.186946
v 0.255253 -0.158121 -0.087984
v 0.438835 -0.154542 -0.331070
v 0.255253 -0.158121 -0.087984
v 0.248792 -0.229658 -0.187696
v 0.542356 -0.207789 -0.186946
v 0.537111 -0.173427 0.000000
v 0.257429 -0.137415 0.000000
v 0.542356 -0.207789 -0.186946
v 0.257429 -0.137415 0.000000
v 0.255253 -0.158121 -0.087984
v 0.257429 -0.137415 0.000000
v 0.285528 -0.234093 0.098419
v 0.040485 -0.272077 0.013955
v 0.257429 -0.137415 0.000000
v 0.040485 -0.272077 0.013955
v 0.036713 -0.174059 0.000000
v 0.285528 -0.234093 0.098419
v 0.281584 -0.323511 0.212435
v 0.036043 -0.283696 0.027192
v 0.285528 -0.234093 0.098419
v 0.036043 -0.283696 0.027192
v 0.040485 -0.272077 0.013955
v 0.281584 -0.323511 0.212435
v 0.206056 -0.275204 0.279158
v 0.026150 -0.231620 0.035427
v 0.281584 -0.323511 0.212435
v 0.026150 -0.231620 0.035427
v 0.036043 -0.283696 0.027192
v 0.206056 -0.275204 0.279158
v 0.110985 -0.160859 0.285287
v 0.016706 -0.236679 0.042943
v 0.206056 -0.275204 0.279158
v 0.016706 -0.236679 0.042943
v 0.026150 -0.231620 0.035427
v 0.110985 -0.160859 0.285287
v 0.036733 -0.139062 0.299918
v 0.006138 -0.288813 0.050116
v 0.110985 -0.160859 0.285287
v 0.006138 -0.288813 0.050116
v 0.016706 -0.236679 0.042943
v 0.036733 -0.139062 0.299918
v -0.040878 -0.209190 0.333762
v -0.005951 -0.265285 0.048587
v 0.036733 -0.139062 0.299918
v -0.005951 -0.265285 0.048587
v 0.006138 -0.288813 0.050116
v -0.040878 -0.209190 0.333762
v -0.124418 -0.238718 0.319818
v -0.015022 -0.164212 0.038615
v -0.040878 -0.209190 0.333762
v -0.015022 -0.164212 0.038615
v -0.005951 -0.265285 0.048587
v -0.124418 -0.238718 0.319818
v -0.185328 -0.198991 0.251076
v -0.022683 -0.136952 0.030730
v -0.124418 -0.238718 0.319818
v -0.022683 -0.136952 0.030730
v -0.015022 -0.164212 0.038615
v -0.185328 -0.198991 0.251076
v -0.238148 -0.199195 0.179666
v -0.034160 -0.243672 0.025771
v -0.185328 -0.198991 0.251076
v -0.034160 -0.243672 0.025771
v -0.022683 -0.136952 0.030730
v -0.238148 -0.199195 0.179666
v -0.300129 -0.270732 0.103452
v -0.044177 -0.340882 0.015228
v -0.238148 -0.199195 0.179666
v -0.044177 -0.340882 0.015228
v -0.034160 -0.243672 0.025771
v -0.300129 -0.270732 0.103452
v -0.321399 -0.291438 0.000000
v -0.043771 -0.300259 0.000000
v -0.300129 -0.270732 0.103452
v -0.043771 -0.300259 0.000000
v -0.044177 -0.340882 0.015228
v -0.321399 -0.291438 0.000000
v -0.269853 -0.194760 -0.093016
v -0.036738 -0.202241 -0.012663
v -0.321399 -0.291438 0.000000
v -0.036738 -0.202241 -0.012663
v -0.043771 -0.300259 0.000000
v -0.269853 -0.194760 -0.093016
v -0.205356 -0.105342 -0.154927
v -0.031664 -0.190622 -0.023888
v -0.269853 -0.194760 -0.093016
v -0.031664 -0.190622 -0.023888
v -0.036738 -0.202241 -0.012663
v -0.205356 -0.105342 -0.154927
v -0.172995 -0.153649 -0.234369
v -0.026556 -0.242698 -0.035977
v -0.205356 -0.105342 -0.154927
v -0.026556 -0.242698 -0.035977
v -0.031664 -0.190622 -0.023888
v -0.172995 -0.153649 -0.234369
v -0.129469 -0.267994 -0.332802
v -0.016728 -0.237639 -0.043000
v -0.172995 -0.153649 -0.234369
v -0.016728 -0.237639 -0.043000
v -0.026556 -0.242698 -0.035977
v -0.129469 -0.267994 -0.332802
v -0.045642 -0.289791 -0.372659
v -0.005316 -0.185505 -0.043403
v -0.129469 -0.267994 -0.332802
v -0.005316 -0.185505 -0.043403
v -0.016728 -0.237639 -0.043000
v -0.045642 -0.289791 -0.372659
v 0.041497 -0.219663 -0.338816
v 0.005503 -0.209033 -0.044932
v -0.045642 -0.289791 -0.372659
v 0.005503 -0.209033 -0.044932
v -0.005316 -0.185505 -0.043403
v 0.041497 -0.219663 -0.338816
v 0.116036 -0.190135 -0.298271
v 0.018412 -0.310106 -0.047328
v 0.041497 -0.219663 -0.338816
v 0.018412 -0.310106 -0.047328
v 0.005503 -0.209033 -0.044932
v 0.116036 -0.190135 -0.298271
v 0.193724 -0.229862 -0.262451
v 0.030023 -0.337366 -0.040674
v 0.116036 -0.190135 -0.298271
v 0.030023 -0.337366 -0.040674
v 0.018412 -0.310106 -0.047328
v 0.193724 -0.229862 -0.262451
v 0.248792 -0.229658 -0.187696
v 0.033547 -0.230646 -0.025309
v 0.193724 -0.229862 -0.262451
v 0.033547 -0.230646 -0.025309
v 0.030023 -0.337366 -0.040674
v 0.248792 -0.229658 -0.187696
v 0.255253 -0.158121 -0.087984
v 0.033046 -0.133436 -0.011391
v 0.248792 -0.229658 -0.187696
v 0.033046 -0.133436 -0.011391
v 0.033547 -0.230646 -0.025309
v 0.255253 -0.158121 -0.087984
v 0.257429 -0.137415 0.000000
v 0.036713 -0.174059 0.000000
v 0.255253 -0.158121 -0.087984
v 0.036713 -0.174059 0.000000
v 0.033046 -0.133436 -0.011391
v -0.000000 1.201959 0.000000
v 0.044177 1.305682 0.015228
v 0.043771 1.265059 0.000000
v -0.000000 1.201959 0.000000
v 0.034160 1.208472 0.025771
v 0.044177 1.305682 0.015228
v -0.000000 1.201959 0.000000
v 0.022683 1.101752 0.030730
v 0.034160 1.208472 0.025771
v -0.000000 1.201959 0.000000
v 0.015022 1.129012 0.038615
v 0.022683 1.101752 0.030730
v -0.000000 1.201959 0.000000
v 0.005951 1.230085 0.048587
v 0.015022 1.129012 0.038615
v -0.000000 1.201959 0.000000
v -0.006138 1.253613 0.050116
v 0.005951 1.230085 0.048587
v -0.000000 1.201959 0.000000
v -0.016706 1.201479 0.042943
v -0.006138 1.253613 0.050116
v -0.000000 1.201959 0.000000
v -0.026150 1.196420 0.035427
v -0.016706 1.201479 0.042943
v -0.000000 1.201959 0.000000
v -0.036043 1.248496 0.027192
v -0.026150 1.196420 0.035427
v -0.000000 1.201959 0.000000
v -0.040485 1.236877 0.013955
v -0.036043 1.248496 0.027192
v -0.000000 1.201959 0.000000
v -0.036713 1.138859 0.000000
v -0.040485 1.236877 0.013955
v -0.000000 1.201959 0.000000
v -0.033046 1.098236 -0.011391
v -0.036713 1.138859 0.000000
v -0.000000 1.201959 0.000000
v -0.033547 1.195446 -0.025309
v -0.033046 1.098236 -0.011391
v -0.000000 1.201959 0.000000
v -0.030023 1.302166 -0.040674
v -0.033547 1.195446 -0.025309
v -0.000000 1.201959 0.000000
v -0.018412 1.274906 -0.047328
v -0.030023 1.302166 -0.040674
v -0.000000 1.201959 0.000000
v -0.005503 1.173833 -0.044932
v -0.018412 1.274906 -0.047328
v -0.000000 1.201959 0.000000
v 0.005316 1.150305 -0.043403
v -0.005503 1.173833 -0.044932
v -0.000000 1.201959 0.000000
v 0.016728 1.202439 -0.043000
v 0.005316 1.150305 -0.043403
v -0.000000 1.201959 0.000000
v 0.026556 1.207498 -0.035977
v 0.016728 1.202439 -0.043000
v -0.000000 1.201959 0.000000
v 0.031664 1.155422 -0.023888
v 0.026556 1.207498 -0.035977
v -0.000000 1.201959 0.000000
v 0.036738 1.167041 -0.012663
v 0.031664 1.155422 -0.023888
v -0.000000 1.201959 0.000000
v 0.043771 1.265059 0.000000
v 0.036738 1.167041 -0.012663
v -0.000000 -0.237159 0.000000
v 0.036713 -0.174059 0.000000
v 0.040485 -0.272077 0.013955
v -0.000000 -0.237159 0.000000
v 0.040485 -0.272077 0.013955
v 0.036043 -0.283696 0.027192
v -0.000000 -0.237159 0.000000
v 0.036043 -0.283696 0.027192
v 0.026150 -0.231620 0.035427
v -0.000000 -0.237159 0.000000
v 0.026150 -0.231620 0.035427
v 0.016706 -0.236679 0.042943
v -0.000000 -0.237159 0.000000
v 0.016706 -0.236679 0.042943
v 0.006138 -0.288813 0.050116
v -0.000000 -0.237159 0.000000
v 0.006138 -0.288813 0.050116
v -0.005951 -0.265285 0.048587
v -0.000000 -0.237159 0.000000
v -0.005951 -0.265285 0.048587
v -0.015022 -0.164212 0.038615
v -0.000000 -0.237159 0.000000
v -0.015022 -0.164212 0.038615
v -0.022683 -0.136952 0.030730
v -0.000000 -0.237159 0.000000
v -0.022683 -0.136952 0.030730
v -0.034160 -0.243672 0.025771
v -0.000000 -0.237159 0.000000
v -0.034160 -0.243672 0.025771
v -0.044177 -0.340882 0.015228
v -0.000000 -0.237159 0.000000
v -0.044177 -0.340882 0.015228
v -0.043771 -0.300259 0.000000
v -0.000000 -0.237159 0.000000
v -0.043771 -0.300259 0.000000
v -0.036738 -0.202241 -0.012663
v -0.000000 -0.237159 0.000000
v -0.036738 -0.202241 -0.012663
v -0.031664 -0.190622 -0.023888
v -0.000000 -0.237159 0.000000
v -0.031664 -0.190622 -0.023888
v -0.026556 -0.242698 -0.035977
v -0.000000 -0.237159 0.000000
v -0.026556 -0.242698 -0.035977
v -0.016728 -0.237639 -0.043000
v -0.000000 -0.237159 0.000000
v -0.016728 -0.237639 -0.043000
v -0.005316 -0.185505 -0.043403
v -0.000000 -0.237159 0.000000
v -0.005316 -0.185505 -0.043403
v 0.005503 -0.209033 -0.044932
v -0.000000 -0.237159 0.000000
v 0.005503 -0.209033 -0.044932
v 0.018412 -0.310106 -0.047328
v -0.000000 -0.237159 0.000000
v 0.018412 -0.310106 -0.047328
v 0.030023 -0.337366 -0.040674
v -0.000000 -0.237159 0.000000
v 0.030023 -0.337366 -0.040674
v 0.033547 -0.230646 -0.025309
v -0.000000 -0.237159 0.000000
v 0.033547 -0.230646 -0.025309
v 0.033046 -0.133436 -0.011391
v -0.000000 -0.237159 0.000000
v 0.033046 -0.133436 -0.011391
v 0.036713 -0.174059 0.000000
vn 0.385998 0.320407 -0.865069
vn 0.385998 0.320407 -0.865069
vn 0.385998 0.320407 -0.865069
vn 0.031099 0.978827 0.202311
vn 0.031099 0.978827 0.202311
vn 0.031099 0.978827 0.202311
vn -0.575193 0.146562 0.804781
vn -0.575193 0.146562 0.804781
vn -0.575193 0.146562 0.804781
vn -0.028601 0.740328 0.671637
vn -0.028601 0.740328 0.671637
vn -0.028601 0.740328 0.671637
vn -0.814381 0.114022 0.569019
vn -0.814381 0.114022 0.569019
vn -0.814381 0.114022 0.569019
vn 0.136511 0.985187 0.103784
vn 0.136511 0.985187 0.103784
vn 0.136511 0.985187 0.103784
vn 0.835184 0.355972 -0.419226
vn 0.835184 0.355972 -0.419226
vn 0.835184 0.355972 -0.419226
vn 0.166115 0.910392 -0.378937
vn 0.166115 0.910392 -0.378937
vn 0.166115 0.910392 -0.378937
vn 0.989879 0.098885 -0.101787
vn 0.989879 0.098885 -0.101787
vn 0.989879 0.098885 -0.101787
vn -0.347657 0.930978 -0.111419
vn -0.347657 0.930978 -0.111419
vn -0.347657 0.930978 -0.111419
vn 0.842525 0.410216 0.349106
vn 0.842525 0.410216 0.349106
vn 0.842525 0.410216 0.349106
vn -0.705002 0.674535 0.219031
vn -0.705002 0.674535 0.219031
vn -0.705002 0.674535 0.219031
vn -0.929359 0.228305 -0.290118
vn -0.929359 0.228305 -0.290118
vn -0.929359 0.228305 -0.290118
vn 0.144032 0.840869 0.521723
vn 0.144032 0.840869 0.521723
vn 0.144032 0.840869 0.521723
vn -0.226941 0.915834 -0.331279
vn -0.226941 0.915834 -0.331279
vn -0.226941 0.915834 -0.331279
vn 0.676154 0.586113 0.446416
vn 0.676154 0.586113 0.446416
vn 0.676154 0.586113 0.446416
vn 0.609369 0.235496 0.757107
vn 0.609369 0.235496 0.757107
vn 0.609369 0.235496 0.757107
vn 0.429300 0.889258 0.157868
vn 0.429300 0.889258 0.157868
vn 0.429300 0.889258 0.157868
vn -0.313080 0.763402 -0.564977
vn -0.313080 0.763402 -0.564977
vn -0.313080 0.763402 -0.564977
vn -0.314830 0.752117 -0.578966
vn -0.314830 0.752117 -0.578966
vn -0.314830 0.752117 -0.578966
vn -0.023249 0.140035 -0.989874
vn -0.023249 0.140035 -0.989874
vn -0.023249 0.140035 -0.989874
vn -0.339785 0.620629 -0.706658
vn -0.339785 0.620629 -0.706658
vn -0.339785 0.620629 -0.706658
vn 0.340503 0.282223 -0.896888
vn 0.340503 0.282223 -0.896888
vn 0.340503 0.282223 -0.896888
vn -0.159681 0.961790 0.222401
vn -0.159681 0.961790 0.222401
vn -0.159681 0.961790 0.222401
vn -0.598896 0.110476 0.793170
vn -0.598896 0.110476 0.793170
vn -0.598896 0.110476 0.793170
vn -0.108056 0.811067 0.574886
vn -0.108056 0.811067 0.574886
vn -0.108056 0.811067 0.574886
vn -0.824057 0.107301 0.556252
vn -0.824057 0.107301 0.556252
vn -0.824057 0.107301 0.556252
vn -0.004270 0.999991 -0.000423
vn -0.004270 0.999991 -0.000423
vn -0.004270 0.999991 -0.000423
vn 0.745778 0.439802 -0.500389
vn 0.745778 0.439802 -0.500389
vn 0.745778 0.439802 -0.500389
vn 0.177747 0.827631 -0.532385
vn 0.177747 0.827631 -0.532385
vn 0.177747 0.827631 -0.532385
vn 0.985559 0.123115 -0.116256
vn 0.985559 0.123115 -0.116256
vn 0.985559 0.123115 -0.116256
vn -0.463584 0.855981 -0.228880
vn -0.463584 0.855981 -0.228880
vn -0.463584 0.855981 -0.228880
vn 0.876024 0.418414 0.239818
vn 0.876024 0.418414 0.239818
vn 0.876024 0.418414 0.239818
vn -0.599308 0.793978 0.102121
vn -0.599308 0.793978 0.102121
vn -0.599308 0.793978 0.102121
vn -0.919416 0.203862 -0.336325
vn -0.919416 0.203862 -0.336325
vn -0.919416 0.203862 -0.336325
vn 0.097737 0.945252 0.311361
vn 0.097737 0.945252 0.311361
vn 0.097737 0.945252 0.311361
vn -0.110933 0.873528 -0.473966
vn -0.110933 0.873528 -0.473966
vn -0.110933 0.873528 -0.473966
vn 0.737059 0.579672 0.347454
vn 0.737059 0.579672 0.347454
vn 0.737059 0.579672 0.347454
vn 0.655732 0.231169 0.718732
vn 0.655732 0.231169 0.718732
vn 0.655732 0.231169 0.718732
vn 0.668462 0.724469 0.168237
vn 0.668462 0.724469 0.168237
vn 0.668462 0.724469 0.168237
vn -0.203607 0.724815 -0.658170
vn -0.203607 0.724815 -0.658170
vn -0.203607 0.724815 -0.658170
vn -0.220467 0.657719 -0.720278
vn -0.220467 0.657719 -0.720278
vn -0.220467 0.657719 -0.720278
vn 0.004062 0.127841 -0.991786
vn 0.004062 0.127841 -0.991786
vn 0.004062 0.127841 -0.991786
vn -0.200651 0.732678 -0.650325
vn -0.200651 0.732678 -0.650325
vn -0.200651 0.732678 -0.650325
vn 0.624979 0.730694 0.274752
vn 0.624979 0.730694 0.274752
vn 0.624979 0.730694 0.274752
vn 0.578568 0.744838 0.332378
vn 0.578568 0.744838 0.332378
vn 0.578568 0.744838 0.332378
vn -0.261834 0.800776 0.538702
vn -0.261834 0.800776 0.538702
vn -0.261834 0.800776 0.538702
vn 0.717693 0.685181 -0.124274
vn 0.717693 0.685181 -0.124274
vn 0.717693 0.685181 -0.124274
vn -0.113666 0.990191 -0.081254
vn -0.113666 0.990191 -0.081254
vn -0.113666 0.990191 -0.081254
vn 0.370012 0.886353 -0.278333
vn 0.370012 0.886353 -0.278333
vn 0.370012 0.886353 -0.278333
vn 0.437160 0.890345 -0.127189
vn 0.437160 0.890345 -0.127189
vn 0.437160 0.890345 -0.127189
vn -0.163744 0.985543 -0.043514
vn -0.163744 0.985543 -0.043514
vn -0.163744 0.985543 -0.043514
vn -0.246141 0.884033 0.397367
vn -0.246141 0.884033 0.397367
vn -0.246141 0.884033 0.397367
vn -0.582151 0.769194 0.263517
vn -0.582151 0.769194 0.263517
vn -0.582151 0.769194 0.263517
vn -0.698561 0.698774 0.154036
vn -0.698561 0.698774 0.154036
vn -0.698561 0.698774 0.154036
vn -0.435021 0.811415 0.390336
vn -0.435021 0.811415 0.390336
vn -0.435021 0.811415 0.390336
vn 0.240990 0.950996 0.193726
vn 0.240990 0.950996 0.193726
vn 0.240990 0.950996 0.193726
vn 0.444993 0.828995 0.338746
vn 0.444993 0.828995 0.338746
vn 0.444993 0.828995 0.338746
vn 0.595202 0.527376 0.606308
vn 0.595202 0.527376 0.606308
vn 0.595202 0.527376 0.606308
vn 0.349048 0.908122 0.231256
vn 0.349048 0.908122 0.231256
vn 0.349048 0.908122 0.231256
vn -0.092297 0.753992 0.650367
vn -0.092297 0.753992 0.650367
vn -0.092297 0.753992 0.650367
vn -0.316589 0.946270 0.065909
vn -0.316589 0.946270 0.065909
vn -0.316589 0.946270 0.065909
vn -0.478717 0.698815 -0.531496
vn -0.478717 0.698815 -0.531496
vn -0.478717 0.698815 -0.531496
vn -0.634709 0.771059 -0.051113
vn -0.634709 0.771059 -0.051113
vn -0.634709 0.771059 -0.051113
vn 0.093153 0.723455 -0.684058
vn 0.093153 0.723455 -0.684058
vn 0.093153 0.723455 -0.684058
vn -0.311575 0.922503 0.227834
vn -0.311575 0.922503 0.227834
vn -0.311575 0.922503 0.227834
vn 0.088286 0.969116 0.230259
vn 0.088286 0.969116 0.230259
vn 0.088286 0.969116 0.230259
vn 0.125715 0.976342 0.175932
vn 0.125715 0.976342 0.175932
vn 0.125715 0.976342 0.175932
vn -0.597606 0.669308 0.441467
vn -0.597606 0.669308 0.441467
vn -0.597606 0.669308 0.441467
vn 0.229895 0.954947 -0.187683
vn 0.229895 0.954947 -0.187683
vn 0.229895 0.954947 -0.187683
vn -0.557247 0.722897 -0.408529
vn -0.557247 0.722897 -0.408529
vn -0.557247 0.722897 -0.408529
vn 0.151468 0.778749 -0.608776
vn 0.151468 0.778749 -0.608776
vn 0.151468 0.778749 -0.608776
vn 0.208689 0.847759 -0.487599
vn 0.208689 0.847759 -0.487599
vn 0.208689 0.847759 -0.487599
vn -0.555096 0.723357 -0.410639
vn -0.555096 0.723357 -0.410639
vn -0.555096 0.723357 -0.410639
vn -0.368895 0.929470 -0.001279
vn -0.368895 0.929470 -0.001279
vn -0.368895 0.929470 -0.001279
vn -0.725477 0.686643 -0.046944
vn -0.725477 0.686643 -0.046944
vn -0.725477 0.686643 -0.046944
vn -0.656290 0.736571 -0.163547
vn -0.656290 0.736571 -0.163547
vn -0.656290 0.736571 -0.163547
vn -0.286412 0.958021 -0.012808
vn -0.286412 0.958021 -0.012808
vn -0.286412 0.958021 -0.012808
vn 0.330584 0.924516 -0.189695
vn 0.330584 0.924516 -0.189695
vn 0.330584 0.924516 -0.189695
vn 0.475327 0.878853 -0.041014
vn 0.475327 0.878853 -0.041014
vn 0.475327 0.878853 -0.041014
vn 0.700005 0.599939 0.387383
vn 0.700005 0.599939 0.387383
vn 0.700005 0.599939 0.387383
vn 0.632134 0.774581 -0.020763
vn 0.632134 0.774581 -0.020763
vn 0.632134 0.774581 -0.020763
vn 0.226511 0.870454 0.437039
vn 0.226511 0.870454 0.437039
vn 0.226511 0.870454 0.437039
vn 0.022622 0.980608 -0.194668
vn 0.022622 0.980608 -0.194668
vn 0.022622 0.980608 -0.194668
vn -0.189861 0.647773 -0.737796
vn -0.189861 0.647773 -0.737796
vn -0.189861 0.647773 -0.737796
vn -0.214504 0.967729 -0.132242
vn -0.214504 0.967729 -0.132242
vn -0.214504 0.967729 -0.132242
vn 0.400390 0.515455 -0.757624
vn 0.400390 0.515455 -0.757624
vn 0.400390 0.515455 -0.757624
vn 0.149633 0.976972 0.152102
vn 0.149633 0.976972 0.152102
vn 0.149633 0.976972 0.152102
vn 0.441584 0.841153 0.312194
vn 0.441584 0.841153 0.312194
vn 0.441584 0.841153 0.312194
vn 0.788886 0.614453 -0.010294
vn 0.788886 0.614453 -0.010294
vn 0.788886 0.614453 -0.010294
vn 0.437582 0.873222 -0.214488
vn 0.437582 0.873222 -0.214488
vn 0.437582 0.873222 -0.214488
vn 0.592124 0.745945 -0.304886
vn 0.592124 0.745945 -0.304886
vn 0.592124 0.745945 -0.304886
vn 0.685675 0.718186 -0.118569
vn 0.685675 0.718186 -0.118569
vn 0.685675 0.718186 -0.118569
vn 0.310880 0.950342 -0.014261
vn 0.310880 0.950342 -0.014261
vn 0.310880 0.950342 -0.014261
vn 0.192068 0.833768 0.517630
vn 0.192068 0.833768 0.517630
vn 0.192068 0.833768 0.517630
vn -0.016629 0.874741 0.484306
vn -0.016629 0.874741 0.484306
vn -0.016629 0.874741 0.484306
vn -0.581923 0.770790 0.259324
vn -0.581923 0.770790 0.259324
vn -0.581923 0.770790 0.259324
vn -0.106639 0.790505 0.603100
vn -0.106639 0.790505 0.603100
vn -0.106639 0.790505 0.603100
vn -0.322031 0.944000 -0.071837
vn -0.322031 0.944000 -0.071837
vn -0.322031 0.944000 -0.071837
vn 0.157481 0.963651 0.215816
vn 0.157481 0.963651 0.215816
vn 0.157481 0.963651 0.215816
vn 0.446160 0.838872 0.311824
vn 0.446160 0.838872 0.311824
vn 0.446160 0.838872 0.311824
vn 0.072980 0.997013 -0.025276
vn 0.072980 0.997013 -0.025276
vn 0.072980 0.997013 -0.025276
vn 0.043093 0.556381 0.829809
vn 0.043093 0.556381 0.829809
vn 0.043093 0.556381 0.829809
vn -0.355358 0.934597 0.015788
vn -0.355358 0.934597 0.015788
vn -0.355358 0.934597 0.015788
vn -0.768600 0.504005 0.393997
vn -0.768600 0.504005 0.393997
vn -0.768600 0.504005 0.393997
vn -0.778080 0.575683 0.251357
vn -0.778080 0.575683 0.251357
vn -0.778080 0.575683 0.251357
vn -0.397743 0.908679 -0.126899
vn -0.397743 0.908679 -0.126899
vn -0.397743 0.908679 -0.126899
vn -0.548774 0.498819 0.670841
vn -0.548774 0.498819 0.670841
vn -0.548774 0.498819 0.670841
vn -0.074046 0.981439 0.176904
vn -0.074046 0.981439 0.176904
vn -0.074046 0.981439 0.176904
vn -0.197506 0.883250 0.425278
vn -0.197506 0.883250 0.425278
vn -0.197506 0.883250 0.425278
vn -0.329506 0.926910 0.179618
vn -0.329506 0.926910 0.179618
vn -0.329506 0.926910 0.179618
vn -0.075075 0.995072 -0.064775
vn -0.075075 0.995072 -0.064775
vn -0.075075 0.995072 -0.064775
vn -0.245253 0.838805 -0.486063
vn -0.245253 0.838805 -0.486063
vn -0.245253 0.838805 -0.486063
vn -0.064031 0.848670 -0.525032
vn -0.064031 0.848670 -0.525032
vn -0.064031 0.848670 -0.525032
vn 0.241205 0.834581 -0.495273
vn 0.241205 0.834581 -0.495273
vn 0.241205 0.834581 -0.495273
vn -0.212839 0.828072 -0.518649
vn -0.212839 0.828072 -0.518649
vn -0.212839 0.828072 -0.518649
vn -0.246279 0.968062 -0.046934
vn -0.246279 0.968062 -0.046934
vn -0.246279 0.968062 -0.046934
vn -0.408755 0.911546 -0.044770
vn -0.408755 0.911546 -0.044770
vn -0.408755 0.911546 -0.044770
vn -0.794911 0.579520 -0.179647
vn -0.794911 0.579520 -0.179647
vn -0.794911 0.579520 -0.179647
vn -0.233692 0.970906 -0.052249
vn -0.233692 0.970906 -0.052249
vn -0.233692 0.970906 -0.052249
vn -0.372867 0.556527 -0.742460
vn -0.372867 0.556527 -0.742460
vn -0.372867 0.556527 -0.742460
vn 0.183695 0.877933 -0.442143
vn 0.183695 0.877933 -0.442143
vn 0.183695 0.877933 -0.442143
vn 0.614255 0.732677 -0.293045
vn 0.614255 0.732677 -0.293045
vn 0.614255 0.732677 -0.293045
vn 0.371796 0.601271 -0.707277
vn 0.371796 0.601271 -0.707277
vn 0.371796 0.601271 -0.707277
vn 0.342200 0.912810 0.222882
vn 0.342200 0.912810 0.222882
vn 0.342200 0.912810 0.222882
vn 0.005153 0.810123 -0.586237
vn 0.005153 0.810123 -0.586237
vn 0.005153 0.810123 -0.586237
vn -0.090633 0.991671 -0.091514
vn -0.090633 0.991671 -0.091514
vn -0.090633 0.991671 -0.091514
vn -0.092788 0.990578 -0.100729
vn -0.092788 0.990578 -0.100729
vn -0.092788 0.990578 -0.100729
vn 0.269331 0.869961 -0.413072
vn 0.269331 0.869961 -0.413072
vn 0.269331 0.869961 -0.413072
vn 0.131554 0.970430 0.202384
vn 0.131554 0.970430 0.202384
vn 0.131554 0.970430 0.202384
vn 0.785107 0.611510 0.098293
vn 0.785107 0.611510 0.098293
vn 0.785107 0.611510 0.098293
vn 0.502808 0.752006 0.426228
vn 0.502808 0.752006 0.426228
vn 0.502808 0.752006 0.426228
vn 0.221569 0.973623 -0.054447
vn 0.221569 0.973623 -0.054447
vn 0.221569 0.973623 -0.054447
vn 0.301990 0.945502 -0.121770
vn 0.301990 0.945502 -0.121770
vn 0.301990 0.945502 -0.121770
vn 0.785782 0.560692 -0.261095
vn 0.785782 0.560692 -0.261095
vn 0.785782 0.560692 -0.261095
vn 0.193163 0.980638 0.032204
vn 0.193163 0.980638 0.032204
vn 0.193163 0.980638 0.032204
vn 0.908472 0.159374 0.386367
vn 0.908472 0.159374 0.386367
vn 0.908472 0.159374 0.386367
vn 0.354499 0.744242 0.566069
vn 0.354499 0.744242 0.566069
vn 0.354499 0.744242 0.566069
vn 0.160009 0.579076 0.799418
vn 0.160009 0.579076 0.799418
vn 0.160009 0.579076 0.799418
vn 0.589905 0.184204 0.786181
vn 0.589905 0.184204 0.786181
vn 0.589905 0.184204 0.786181
vn -0.160526 0.964895 0.207866
vn -0.160526 0.964895 0.207866
vn -0.160526 0.964895 0.207866
vn 0.668434 0.527286 0.524563
vn 0.668434 0.527286 0.524563
vn 0.668434 0.527286 0.524563
vn 0.148809 0.975539 0.161799
vn 0.148809 0.975539 0.161799
vn 0.148809 0.975539 0.161799
vn 0.161775 0.972110 0.169798
vn 0.161775 0.972110 0.169798
vn 0.161775 0.972110 0.169798
vn -0.062284 0.859612 0.507137
vn -0.062284 0.859612 0.507137
vn -0.062284 0.859612 0.507137
vn -0.295762 0.949634 0.103536
vn -0.295762 0.949634 0.103536
vn -0.295762 0.949634 0.103536
vn -0.729837 0.572582 0.373480
vn -0.729837 0.572582 0.373480
vn -0.729837 0.572582 0.373480
vn -0.713565 0.685214 0.145967
vn -0.713565 0.685214 0.145967
vn -0.713565 0.685214 0.145967
vn -0.542572 0.833688 0.102861
vn -0.542572 0.833688 0.102861
vn -0.542572 0.833688 0.102861
vn -0.601626 0.605651 0.520801
vn -0.601626 0.605651 0.520801
vn -0.601626 0.605651 0.520801
vn -0.235516 0.829762 0.505991
vn -0.235516 0.829762 0.505991
vn -0.235516 0.829762 0.505991
vn -0.235517 0.829761 0.505993
vn -0.235517 0.829761 0.505993
vn -0.235517 0.829761 0.505993
vn -0.626120 0.544357 0.558255
vn -0.626120 0.544357 0.558255
vn -0.626120 0.544357 0.558255
vn -0.388809 0.905526 0.169856
vn -0.388809 0.905526 0.169856
vn -0.388809 0.905526 0.169856
vn -0.859276 0.475988 -0.187298
vn -0.859276 0.475988 -0.187298
vn -0.859276 0.475988 -0.187298
vn -0.720110 0.626073 -0.299121
vn -0.720110 0.626073 -0.299121
vn -0.720110 0.626073 -0.299121
vn -0.070318 0.844893 -0.530294
vn -0.070318 0.844893 -0.530294
vn -0.070318 0.844893 -0.530294
vn -0.792331 0.476005 -0.381614
vn -0.792331 0.476005 -0.381614
vn -0.792331 0.476005 -0.381614
vn 0.109260 0.981340 -0.158219
vn 0.109260 0.981340 -0.158219
vn 0.109260 0.981340 -0.158219
vn -0.431274 0.897643 -0.090771
vn -0.431274 0.897643 -0.090771
vn -0.431274 0.897643 -0.090771
vn -0.434613 0.898185 -0.066139
vn -0.434613 0.898185 -0.066139
vn -0.434613 0.898185 -0.066139
vn -0.039092 0.997982 -0.050031
vn -0.039092 0.997982 -0.050031
vn -0.039092 0.997982 -0.050031
vn -0.561675 0.439988 -0.700665
vn -0.561675 0.439988 -0.700665
vn -0.561675 0.439988 -0.700665
vn 0.243429 0.910875 -0.333239
vn 0.243429 0.910875 -0.333239
vn 0.243429 0.910875 -0.333239
vn 0.203907 0.289211 -0.935296
vn 0.203907 0.289211 -0.935296
vn 0.203907 0.289211 -0.935296
vn 0.353812 0.445487 -0.822410
vn 0.353812 0.445487 -0.822410
vn 0.353812 0.445487 -0.822410
vn 0.257923 0.870834 -0.418479
vn 0.257923 0.870834 -0.418479
vn 0.257923 0.870834 -0.418479
vn -0.207280 0.275100 -0.938805
vn -0.207280 0.275100 -0.938805
vn -0.207280 0.275100 -0.938805
vn -0.074893 0.908037 -0.412141
vn -0.074893 0.908037 -0.412141
vn -0.074893 0.908037 -0.412141
vn -0.137191 0.826589 -0.545829
vn -0.137191 0.826589 -0.545829
vn -0.137191 0.826589 -0.545829
vn 0.289102 0.825705 -0.484387
vn 0.289102 0.825705 -0.484387
vn 0.289102 0.825705 -0.484387
vn 0.280036 0.945710 -0.164962
vn 0.280036 0.945710 -0.164962
vn 0.280036 0.945710 -0.164962
vn 0.697192 0.709338 0.103741
vn 0.697192 0.709338 0.103741
vn 0.697192 0.709338 0.103741
vn 0.675226 0.725592 0.132615
vn 0.675226 0.725592 0.132615
vn 0.675226 0.725592 0.132615
vn 0.279617 0.875453 0.394203
vn 0.279617 0.875453 0.394203
vn 0.279617 0.875453 0.394203
vn 0.693992 0.715878 0.076765
vn 0.693992 0.715878 0.076765
vn 0.693992 0.715878 0.076765
vn 0.455985 0.880657 -0.128530
vn 0.455985 0.880657 -0.128530
vn 0.455985 0.880657 -0.128530
vn 0.225165 0.973408 0.042173
vn 0.225165 0.973408 0.042173
vn 0.225165 0.973408 0.042173
vn 0.915200 0.284977 0.284951
vn 0.915200 0.284977 0.284951
vn 0.915200 0.284977 0.284951
vn 0.244924 0.857519 0.452409
vn 0.244924 0.857519 0.452409
vn 0.244924 0.857519 0.452409
vn 0.617360 0.125482 0.776608
vn 0.617360 0.125482 0.776608
vn 0.617360 0.125482 0.776608
vn 0.506437 0.282667 0.814629
vn 0.506437 0.282667 0.814629
vn 0.506437 0.282667 0.814629
vn 0.383775 0.768080 0.512610
vn 0.383775 0.768080 0.512610
vn 0.383775 0.768080 0.512610
vn 0.867522 0.114493 0.484042
vn 0.867522 0.114493 0.484042
vn 0.867522 0.114493 0.484042
vn 0.590119 0.700519 0.401289
vn 0.590119 0.700519 0.401289
vn 0.590119 0.700519 0.401289
vn 0.572117 0.718093 0.396263
vn 0.572117 0.718093 0.396263
vn 0.572117 0.718093 0.396263
vn 0.289003 0.488355 0.823400
vn 0.289003 0.488355 0.823400
vn 0.289003 0.488355 0.823400
vn -0.029273 0.826434 0.562272
vn -0.029273 0.826434 0.562272
vn -0.029273 0.826434 0.562272
vn -0.625699 0.519329 0.582064
vn -0.625699 0.519329 0.582064
vn -0.625699 0.519329 0.582064
vn -0.606467 0.451598 0.654414
vn -0.606467 0.451598 0.654414
vn -0.606467 0.451598 0.654414
vn -0.499543 0.866222 0.010820
vn -0.499543 0.866222 0.010820
vn -0.499543 0.866222 0.010820
vn -0.548632 0.537278 0.640575
vn -0.548632 0.537278 0.640575
vn -0.548632 0.537278 0.640575
vn -0.179414 0.966732 0.182316
vn -0.179414 0.966732 0.182316
vn -0.179414 0.966732 0.182316
vn -0.180451 0.942902 0.279951
vn -0.180451 0.942902 0.279951
vn -0.180451 0.942902 0.279951
vn -0.487632 0.537713 0.687808
vn -0.487632 0.537713 0.687808
vn -0.487632 0.537713 0.687808
vn -0.273143 0.960382 0.055319
vn -0.273143 0.960382 0.055319
vn -0.273143 0.960382 0.055319
vn -0.949088 -0.201573 0.242073
vn -0.949088 -0.201573 0.242073
vn -0.949088 -0.201573 0.242073
vn -0.810357 0.548667 -0.205635
vn -0.810357 0.548667 -0.205635
vn -0.810357 0.548667 -0.205635
vn -0.927554 0.187089 -0.323483
vn -0.927554 0.187089 -0.323483
vn -0.927554 0.187089 -0.323483
vn -0.974380 -0.206945 -0.088072
vn -0.974380 -0.206945 -0.088072
vn -0.974380 -0.206945 -0.088072
vn -0.383231 0.900305 -0.206362
vn -0.383231 0.900305 -0.206362
vn -0.383231 0.900305 -0.206362
vn -0.981219 0.171153 0.088974
vn -0.981219 0.171153 0.088974
vn -0.981219 0.171153 0.088974
vn -0.465111 0.878671 -0.107747
vn -0.465111 0.878671 -0.107747
vn -0.465111 0.878671 -0.107747
vn -0.447877 0.887262 -0.110326
vn -0.447877 0.887262 -0.110326
vn -0.447877 0.887262 -0.110326
vn -0.433673 0.696895 -0.571197
vn -0.433673 0.696895 -0.571197
vn -0.433673 0.696895 -0.571197
vn -0.032403 0.898677 -0.437413
vn -0.032403 0.898677 -0.437413
vn -0.032403 0.898677 -0.437413
vn 0.250463 0.583394 -0.772605
vn 0.250463 0.583394 -0.772605
vn 0.250463 0.583394 -0.772605
vn 0.271466 0.605305 -0.748273
vn 0.271466 0.605305 -0.748273
vn 0.271466 0.605305 -0.748273
vn 0.267706 0.877944 -0.396922
vn 0.267706 0.877944 -0.396922
vn 0.267706 0.877944 -0.396922
vn -0.043310 0.620110 -0.783318
vn -0.043310 0.620110 -0.783318
vn -0.043310 0.620110 -0.783318
vn -0.250564 0.770871 -0.585642
vn -0.250564 0.770871 -0.585642
vn -0.250564 0.770871 -0.585642
vn -0.133873 0.883528 -0.448839
vn -0.133873 0.883528 -0.448839
vn -0.133873 0.883528 -0.448839
vn 0.047894 0.205426 -0.977500
vn 0.047894 0.205426 -0.977500
vn 0.047894 0.205426 -0.977500
vn 0.279249 0.856625 -0.433835
vn 0.279249 0.856625 -0.433835
vn 0.279249 0.856625 -0.433835
vn 0.829181 -0.034452 -0.557917
vn 0.829181 -0.034452 -0.557917
vn 0.829181 -0.034452 -0.557917
vn 0.886421 0.215762 -0.409517
vn 0.886421 0.215762 -0.409517
vn 0.886421 0.215762 -0.409517
vn 0.672300 0.728223 0.133058
vn 0.672300 0.728223 0.133058
vn 0.672300 0.728223 0.133058
vn 0.895198 -0.033911 -0.444377
vn 0.895198 -0.033911 -0.444377
vn 0.895198 -0.033911 -0.444377
vn 0.224634 0.971113 0.080494
vn 0.224634 0.971113 0.080494
vn 0.224634 0.971113 0.080494
vn 0.554372 0.770514 -0.314612
vn 0.554372 0.770514 -0.314612
vn 0.554372 0.770514 -0.314612
vn 0.949232 0.278802 0.145701
vn 0.949232 0.278802 0.145701
vn 0.949232 0.278802 0.145701
vn 0.701518 0.646271 0.300343
vn 0.701518 0.646271 0.300343
vn 0.701518 0.646271 0.300343
vn 0.524012 0.490951 0.695973
vn 0.524012 0.490951 0.695973
vn 0.524012 0.490951 0.695973
vn 0.696285 0.258612 0.669558
vn 0.696285 0.258612 0.669558
vn 0.696285 0.258612 0.669558
vn 0.183398 0.883712 0.430603
vn 0.183398 0.883712 0.430603
vn 0.183398 0.883712 0.430603
vn 0.725337 0.504724 0.468124
vn 0.725337 0.504724 0.468124
vn 0.725337 0.504724 0.468124
vn 0.665808 0.683300 0.299668
vn 0.665808 0.683300 0.299668
vn 0.665808 0.683300 0.299668
vn 0.383921 0.879852 0.280117
vn 0.383921 0.879852 0.280117
vn 0.383921 0.879852 0.280117
vn 0.710507 -0.200114 0.674637
vn 0.710507 -0.200114 0.674637
vn 0.710507 -0.200114 0.674637
vn 0.113069 0.790306 0.602190
vn 0.113069 0.790306 0.602190
vn 0.113069 0.790306 0.602190
vn -0.027185 -0.526890 0.849498
vn -0.027185 -0.526890 0.849498
vn -0.027185 -0.526890 0.849498
vn -0.243112 -0.239161 0.940052
vn -0.243112 -0.239161 0.940052
vn -0.243112 -0.239161 0.940052
vn -0.587113 0.518197 0.621909
vn -0.587113 0.518197 0.621909
vn -0.587113 0.518197 0.621909
vn -0.063768 -0.528015 0.846838
vn -0.063768 -0.528015 0.846838
vn -0.063768 -0.528015 0.846838
vn -0.267608 0.916245 0.298128
vn -0.267608 0.916245 0.298128
vn -0.267608 0.916245 0.298128
vn -0.115787 0.536771 0.835745
vn -0.115787 0.536771 0.835745
vn -0.115787 0.536771 0.835745
vn -0.372395 0.793723 0.480963
vn -0.372395 0.793723 0.480963
vn -0.372395 0.793723 0.480963
vn -0.344709 0.908318 0.236929
vn -0.344709 0.908318 0.236929
vn -0.344709 0.908318 0.236929
vn -0.952667 0.127063 0.276190
vn -0.952667 0.127063 0.276190
vn -0.952667 0.127063 0.276190
vn -0.714373 0.693178 -0.095786
vn -0.714373 0.693178 -0.095786
vn -0.714373 0.693178 -0.095786
vn -0.972018 0.126907 -0.197676
vn -0.972018 0.126907 -0.197676
vn -0.972018 0.126907 -0.197676
vn -0.975590 0.110363 -0.189853
vn -0.975590 0.110363 -0.189853
vn -0.975590 0.110363 -0.189853
vn -0.755923 0.651891 -0.060156
vn -0.755923 0.651891 -0.060156
vn -0.755923 0.651891 -0.060156
vn -0.975255 0.127330 0.180736
vn -0.975255 0.127330 0.180736
vn -0.975255 0.127330 0.180736
vn -0.919551 0.377202 0.110202
vn -0.919551 0.377202 0.110202
vn -0.919551 0.377202 0.110202
vn -0.767465 0.640997 0.010981
vn -0.767465 0.640997 0.010981
vn -0.767465 0.640997 0.010981
vn -0.916859 -0.136795 -0.375042
vn -0.916859 -0.136795 -0.375042
vn -0.916859 -0.136795 -0.375042
vn -0.670299 0.491465 -0.556023
vn -0.670299 0.491465 -0.556023
vn -0.670299 0.491465 -0.556023
vn -0.262027 0.081306 -0.961629
vn -0.262027 0.081306 -0.961629
vn -0.262027 0.081306 -0.961629
vn -0.387851 -0.155394 -0.908529
vn -0.387851 -0.155394 -0.908529
vn -0.387851 -0.155394 -0.908529
vn 0.234575 0.861943 -0.449476
vn 0.234575 0.861943 -0.449476
vn 0.234575 0.861943 -0.449476
vn -0.439939 0.081452 -0.894326
vn -0.439939 0.081452 -0.894326
vn -0.439939 0.081452 -0.894326
vn -0.026552 0.940589 -0.338509
vn -0.026552 0.940589 -0.338509
vn -0.026552 0.940589 -0.338509
vn -0.128913 0.897285 -0.422209
vn -0.128913 0.897285 -0.422209
vn -0.128913 0.897285 -0.422209
vn -0.128081 0.460900 -0.878161
vn -0.128081 0.460900 -0.878161
vn -0.128081 0.460900 -0.878161
vn 0.228651 0.925520 -0.301881
vn 0.228651 0.925520 -0.301881
vn 0.228651 0.925520 -0.301881
vn 0.495547 -0.484802 -0.720694
vn 0.495547 -0.484802 -0.720694
vn 0.495547 -0.484802 -0.720694
vn 0.830012 0.397412 -0.391335
vn 0.830012 0.397412 -0.391335
vn 0.830012 0.397412 -0.391335
vn 0.894321 -0.114023 -0.432653
vn 0.894321 -0.114023 -0.432653
vn 0.894321 -0.114023 -0.432653
vn 0.692686 -0.471632 -0.545664
vn 0.692686 -0.471632 -0.545664
vn 0.692686 -0.471632 -0.545664
vn 0.617673 0.714663 -0.328233
vn 0.617673 0.714663 -0.328233
vn 0.617673 0.714663 -0.328233
vn 0.624917 -0.112807 -0.772498
vn 0.624917 -0.112807 -0.772498
vn 0.624917 -0.112807 -0.772498
vn 0.686274 0.632227 -0.359607
vn 0.686274 0.632227 -0.359607
vn 0.686274 0.632227 -0.359607
vn 0.635526 0.717551 -0.285006
vn 0.635526 0.717551 -0.285006
vn 0.635526 0.717551 -0.285006
vn 0.849347 -0.421197 0.318124
vn 0.849347 -0.421197 0.318124
vn 0.849347 -0.421197 0.318124
vn 0.775950 -0.603632 0.183111
vn 0.775950 -0.603632 0.183111
vn 0.775950 -0.603632 0.183111
vn 0.466508 0.737602 0.488173
vn 0.466508 0.737602 0.488173
vn 0.466508 0.737602 0.488173
vn 0.901787 -0.414560 0.122148
vn 0.901787 -0.414560 0.122148
vn 0.901787 -0.414560 0.122148
vn 0.460602 0.838026 0.292504
vn 0.460602 0.838026 0.292504
vn 0.460602 0.838026 0.292504
vn 0.623290 0.732757 0.273088
vn 0.623290 0.732757 0.273088
vn 0.623290 0.732757 0.273088
vn 0.753429 0.253494 0.606700
vn 0.753429 0.253494 0.606700
vn 0.753429 0.253494 0.606700
vn 0.174857 0.843631 0.507653
vn 0.174857 0.843631 0.507653
vn 0.174857 0.843631 0.507653
vn 0.168128 -0.628504 0.759418
vn 0.168128 -0.628504 0.759418
vn 0.168128 -0.628504 0.759418
vn -0.275598 0.232561 0.932717
vn -0.275598 0.232561 0.932717
vn -0.275598 0.232561 0.932717
vn -0.238496 -0.285291 0.928293
vn -0.238496 -0.285291 0.928293
vn -0.238496 -0.285291 0.928293
vn 0.000000 -0.627428 0.778674
vn 0.000000 -0.627428 0.778674
vn 0.000000 -0.627428 0.778674
vn -0.033469 0.450882 0.891956
vn -0.033469 0.450882 0.891956
vn -0.033469 0.450882 0.891956
vn 0.273196 -0.265515 0.924590
vn 0.273196 -0.265515 0.924590
vn 0.273196 -0.265515 0.924590
vn -0.164673 0.128744 0.977910
vn -0.164673 0.128744 0.977910
vn -0.164673 0.128744 0.977910
vn -0.287250 0.471173 0.833956
vn -0.287250 0.471173 0.833956
vn -0.287250 0.471173 0.833956
vn -0.779145 -0.308782 0.545515
vn -0.779145 -0.308782 0.545515
vn -0.779145 -0.308782 0.545515
vn -0.908738 0.125169 0.398155
vn -0.908738 0.125169 0.398155
vn -0.908738 0.125169 0.398155
vn -0.960813 0.262568 -0.088857
vn -0.960813 0.262568 -0.088857
vn -0.960813 0.262568 -0.088857
vn -0.953443 -0.272522 0.129145
vn -0.953443 -0.272522 0.129145
vn -0.953443 -0.272522 0.129145
vn -0.558149 0.817587 -0.141496
vn -0.558149 0.817587 -0.141496
vn -0.558149 0.817587 -0.141496
vn -0.932968 0.284776 0.220165
vn -0.932968 0.284776 0.220165
vn -0.932968 0.284776 0.220165
vn -0.775698 0.609103 0.165186
vn -0.775698 0.609103 0.165186
vn -0.775698 0.609103 0.165186
vn -0.563796 0.825859 -0.009528
vn -0.563796 0.825859 -0.009528
vn -0.563796 0.825859 -0.009528
vn -0.888874 -0.456102 -0.043300
vn -0.888874 -0.456102 -0.043300
vn -0.888874 -0.456102 -0.043300
vn -0.615989 0.651407 -0.442975
vn -0.615989 0.651407 -0.442975
vn -0.615989 0.651407 -0.442975
vn -0.527150 -0.734612 -0.427150
vn -0.527150 -0.734612 -0.427150
vn -0.527150 -0.734612 -0.427150
vn -0.521464 -0.512754 -0.682025
vn -0.521464 -0.512754 -0.682025
vn -0.521464 -0.512754 -0.682025
vn -0.383521 0.096926 -0.918432
vn -0.383521 0.096926 -0.918432
vn -0.383521 0.096926 -0.918432
vn -0.570044 -0.725584 -0.385457
vn -0.570044 -0.725584 -0.385457
vn -0.570044 -0.725584 -0.385457
vn -0.303189 0.746179 -0.592700
vn -0.303189 0.746179 -0.592700
vn -0.303189 0.746179 -0.592700
vn -0.751076 0.085955 -0.654596
vn -0.751076 0.085955 -0.654596
vn -0.751076 0.085955 -0.654596
vn -0.217222 0.510963 -0.831704
vn -0.217222 0.510963 -0.831704
vn -0.217222 0.510963 -0.831704
vn -0.000000 0.764168 -0.645017
vn -0.000000 0.764168 -0.645017
vn -0.000000 0.764168 -0.645017
vn 0.537754 -0.121271 -0.834334
vn 0.537754 -0.121271 -0.834334
vn 0.537754 -0.121271 -0.834334
vn 0.680795 0.429489 -0.593344
vn 0.680795 0.429489 -0.593344
vn 0.680795 0.429489 -0.593344
vn 0.877169 0.221503 -0.426040
vn 0.877169 0.221503 -0.426040
vn 0.877169 0.221503 -0.426040
vn 0.824070 -0.102012 -0.557227
vn 0.824070 -0.102012 -0.557227
vn 0.824070 -0.102012 -0.557227
vn 0.601119 0.639315 -0.479512
vn 0.601119 0.639315 -0.479512
vn 0.601119 0.639315 -0.479512
vn 0.588353 0.248385 -0.769510
vn 0.588353 0.248385 -0.769510
vn 0.588353 0.248385 -0.769510
vn 0.618504 0.059024 -0.783562
vn 0.618504 0.059024 -0.783562
vn 0.618504 0.059024 -0.783562
vn 0.624257 0.639354 -0.448921
vn 0.624257 0.639354 -0.448921
vn 0.624257 0.639354 -0.448921
vn 0.757084 -0.588956 -0.282761
vn 0.757084 -0.588956 -0.282761
vn 0.757084 -0.588956 -0.282761
vn 0.997634 0.066653 -0.016859
vn 0.997634 0.066653 -0.016859
vn 0.997634 0.066653 -0.016859
vn 0.932968 -0.284776 0.220165
vn 0.932968 -0.284776 0.220165
vn 0.932968 -0.284776 0.220165
vn 0.558149 -0.817587 -0.141496
vn 0.558149 -0.817587 -0.141496
vn 0.558149 -0.817587 -0.141496
vn 0.953443 0.272522 0.129145
vn 0.953443 0.272522 0.129145
vn 0.953443 0.272522 0.129145
vn 0.960813 -0.262568 -0.088857
vn 0.960813 -0.262568 -0.088857
vn 0.960813 -0.262568 -0.088857
vn 0.908738 -0.125169 0.398155
vn 0.908738 -0.125169 0.398155
vn 0.908738 -0.125169 0.398155
vn 0.779145 0.308782 0.545515
vn 0.779145 0.308782 0.545515
vn 0.779145 0.308782 0.545515
vn 0.287250 -0.471173 0.833956
vn 0.287250 -0.471173 0.833956
vn 0.287250 -0.471173 0.833956
vn 0.164673 -0.128744 0.977910
vn 0.164673 -0.128744 0.977910
vn 0.164673 -0.128744 0.977910
vn -0.273196 0.265515 0.924590
vn -0.273196 0.265515 0.924590
vn -0.273196 0.265515 0.924590
vn 0.033469 -0.450882 0.891956
vn 0.033469 -0.450882 0.891956
vn 0.033469 -0.450882 0.891956
vn 0.000000 0.627428 0.778674
vn 0.000000 0.627428 0.778674
vn 0.000000 0.627428 0.778674
vn 0.238496 0.285291 0.928293
vn 0.238496 0.285291 0.928293
vn 0.238496 0.285291 0.928293
vn 0.275598 -0.232561 0.932717
vn 0.275598 -0.232561 0.932717
vn 0.275598 -0.232561 0.932717
vn -0.168128 0.628504 0.759418
vn -0.168128 0.628504 0.759418
vn -0.168128 0.628504 0.759418
vn -0.174857 -0.843631 0.507653
vn -0.174857 -0.843631 0.507653
vn -0.174857 -0.843631 0.507653
vn -0.753429 -0.253494 0.606700
vn -0.753429 -0.253494 0.606700
vn -0.753429 -0.253494 0.606700
vn -0.623290 -0.732757 0.273088
vn -0.623290 -0.732757 0.273088
vn -0.623290 -0.732757 0.273088
vn -0.460602 -0.838026 0.292504
vn -0.460602 -0.838026 0.292504
vn -0.460602 -0.838026 0.292504
vn -0.901787 0.414560 0.122148
vn -0.901787 0.414560 0.122148
vn -0.901787 0.414560 0.122148
vn -0.466508 -0.737602 0.488173
vn -0.466508 -0.737602 0.488173
vn -0.466508 -0.737602 0.488173
vn -0.775950 0.603632 0.183111
vn -0.775950 0.603632 0.183111
vn -0.775950 0.603632 0.183111
vn -0.849347 0.421197 0.318124
vn -0.849347 0.421197 0.318124
vn -0.849347 0.421197 0.318124
vn -0.997634 -0.066653 -0.016859
vn -0.997634 -0.066653 -0.016859
vn -0.997634 -0.066653 -0.016859
vn -0.757084 0.588956 -0.282761
vn -0.757084 0.588956 -0.282761
vn -0.757084 0.588956 -0.282761
vn -0.624257 -0.639354 -0.448921
vn -0.624257 -0.639354 -0.448921
vn -0.624257 -0.639354 -0.448921
vn -0.618504 -0.059024 -0.783562
vn -0.618504 -0.059024 -0.783562
vn -0.618504 -0.059024 -0.783562
vn -0.588353 -0.248385 -0.769510
vn -0.588353 -0.248385 -0.769510
vn -0.588353 -0.248385 -0.769510
vn -0.601119 -0.639315 -0.479512
vn -0.601119 -0.639315 -0.479512
vn -0.601119 -0.639315 -0.479512
vn -0.824070 0.102012 -0.557227
vn -0.824070 0.102012 -0.557227
vn -0.824070 0.102012 -0.557227
vn -0.877169 -0.221503 -0.426040
vn -0.877169 -0.221503 -0.426040
vn -0.877169 -0.221503 -0.426040
vn -0.680795 -0.429489 -0.593344
vn -0.680795 -0.429489 -0.593344
vn -0.680795 -0.429489 -0.593344
vn -0.537754 0.121271 -0.834334
vn -0.537754 0.121271 -0.834334
vn -0.537754 0.121271 -0.834334
vn -0.000000 -0.764168 -0.645017
vn -0.000000 -0.764168 -0.645017
vn -0.000000 -0.764168 -0.645017
vn 0.217222 -0.510963 -0.831704
vn 0.217222 -0.510963 -0.831704
vn 0.217222 -0.510963 -0.831704
vn 0.751076 -0.085955 -0.654596
vn 0.751076 -0.085955 -0.654596
vn 0.751076 -0.085955 -0.654596
vn 0.303189 -0.746179 -0.592700
vn 0.303189 -0.746179 -0.592700
vn 0.303189 -0.746179 -0.592700
vn 0.570044 0.725584 -0.385457
vn 0.570044 0.725584 -0.385457
vn 0.570044 0.725584 -0.385457
vn 0.383521 -0.096926 -0.918432
vn 0.383521 -0.096926 -0.918432
vn 0.383521 -0.096926 -0.918432
vn 0.521464 0.512754 -0.682025
vn 0.521464 0.512754 -0.682025
vn 0.521464 0.512754 -0.682025
vn 0.527150 0.734612 -0.427150
vn 0.527150 0.734612 -0.427150
vn 0.527150 0.734612 -0.427150
vn 0.615989 -0.651407 -0.442975
vn 0.615989 -0.651407 -0.442975
vn 0.615989 -0.651407 -0.442975
vn 0.888874 0.456102 -0.043300
vn 0.888874 0.456102 -0.043300
vn 0.888874 0.456102 -0.043300
vn 0.563796 -0.825859 -0.009528
vn 0.563796 -0.825859 -0.009528
vn 0.563796 -0.825859 -0.009528
vn 0.775698 -0.609103 0.165186
vn 0.775698 -0.609103 0.165186
vn 0.775698 -0.609103 0.165186
vn 0.975590 -0.110363 -0.189853
vn 0.975590 -0.110363 -0.189853
vn 0.975590 -0.110363 -0.189853
vn 0.972018 -0.126907 -0.197676
vn 0.972018 -0.126907 -0.197676
vn 0.972018 -0.126907 -0.197676
vn 0.714373 -0.693178 -0.095786
vn 0.714373 -0.693178 -0.095786
vn 0.714373 -0.693178 -0.095786
vn 0.952667 -0.127063 0.276190
vn 0.952667 -0.127063 0.276190
vn 0.952667 -0.127063 0.276190
vn 0.344709 -0.908318 0.236929
vn 0.344709 -0.908318 0.236929
vn 0.344709 -0.908318 0.236929
vn 0.372395 -0.793723 0.480963
vn 0.372395 -0.793723 0.480963
vn 0.372395 -0.793723 0.480963
vn 0.115787 -0.536771 0.835745
vn 0.115787 -0.536771 0.835745
vn 0.115787 -0.536771 0.835745
vn 0.267608 -0.916245 0.298128
vn 0.267608 -0.916245 0.298128
vn 0.267608 -0.916245 0.298128
vn 0.063768 0.528015 0.846838
vn 0.063768 0.528015 0.846838
vn 0.063768 0.528015 0.846838
vn 0.587113 -0.518197 0.621909
vn 0.587113 -0.518197 0.621909
vn 0.587113 -0.518197 0.621909
vn 0.243112 0.239161 0.940052
vn 0.243112 0.239161 0.940052
vn 0.243112 0.239161 0.940052
vn 0.027185 0.526890 0.849498
vn 0.027185 0.526890 0.849498
vn 0.027185 0.526890 0.849498
vn -0.113069 -0.790306 0.602190
vn -0.113069 -0.790306 0.602190
vn -0.113069 -0.790306 0.602190
vn -0.710507 0.200114 0.674637
vn -0.710507 0.200114 0.674637
vn -0.710507 0.200114 0.674637
vn -0.383921 -0.879852 0.280117
vn -0.383921 -0.879852 0.280117
vn -0.383921 -0.879852 0.280117
vn -0.665808 -0.683300 0.299668
vn -0.665808 -0.683300 0.299668
vn -0.665808 -0.683300 0.299668
vn -0.725337 -0.504724 0.468124
vn -0.725337 -0.504724 0.468124
vn -0.725337 -0.504724 0.468124
vn -0.183398 -0.883712 0.430603
vn -0.183398 -0.883712 0.430603
vn -0.183398 -0.883712 0.430603
vn -0.696285 -0.258612 0.669558
vn -0.696285 -0.258612 0.669558
vn -0.696285 -0.258612 0.669558
vn -0.524012 -0.490951 0.695973
vn -0.524012 -0.490951 0.695973
vn -0.524012 -0.490951 0.695973
vn -0.701518 -0.646271 0.300343
vn -0.701518 -0.646271 0.300343
vn -0.701518 -0.646271 0.300343
vn -0.949232 -0.278802 0.145701
vn -0.949232 -0.278802 0.145701
vn -0.949232 -0.278802 0.145701
vn -0.635526 -0.717551 -0.285006
vn -0.635526 -0.717551 -0.285006
vn -0.635526 -0.717551 -0.285006
vn -0.686274 -0.632227 -0.359607
vn -0.686274 -0.632227 -0.359607
vn -0.686274 -0.632227 -0.359607
vn -0.624917 0.112807 -0.772498
vn -0.624917 0.112807 -0.772498
vn -0.624917 0.112807 -0.772498
vn -0.617673 -0.714663 -0.328233
vn -0.617673 -0.714663 -0.328233
vn -0.617673 -0.714663 -0.328233
vn -0.692686 0.471632 -0.545664
vn -0.692686 0.471632 -0.545664
vn -0.692686 0.471632 -0.545664
vn -0.894321 0.114023 -0.432653
vn -0.894321 0.114023 -0.432653
vn -0.894321 0.114023 -0.432653
vn -0.830012 -0.397412 -0.391335
vn -0.830012 -0.397412 -0.391335
vn -0.830012 -0.397412 -0.391335
vn -0.495547 0.484802 -0.720694
vn -0.495547 0.484802 -0.720694
vn -0.495547 0.484802 -0.720694
vn -0.228651 -0.925520 -0.301881
vn -0.228651 -0.925520 -0.301881
vn -0.228651 -0.925520 -0.301881
vn 0.128081 -0.460900 -0.878161
vn 0.128081 -0.460900 -0.878161
vn 0.128081 -0.460900 -0.878161
vn 0.128913 -0.897285 -0.422209
vn 0.128913 -0.897285 -0.422209
vn 0.128913 -0.897285 -0.422209
vn 0.026552 -0.940589 -0.338509
vn 0.026552 -0.940589 -0.338509
vn 0.026552 -0.940589 -0.338509
vn 0.439939 -0.081452 -0.894326
vn 0.439939 -0.081452 -0.894326
vn 0.439939 -0.081452 -0.894326
vn -0.234575 -0.861943 -0.449476
vn -0.234575 -0.861943 -0.449476
vn -0.234575 -0.861943 -0.449476
vn 0.387851 0.155394 -0.908529
vn 0.387851 0.155394 -0.908529
vn 0.387851 0.155394 -0.908529
vn 0.262027 -0.081306 -0.961629
vn 0.262027 -0.081306 -0.961629
vn 0.262027 -0.081306 -0.961629
vn 0.670299 -0.491465 -0.556023
vn 0.670299 -0.491465 -0.556023
vn 0.670299 -0.491465 -0.556023
vn 0.916859 0.136795 -0.375042
vn 0.916859 0.136795 -0.375042
vn 0.916859 0.136795 -0.375042
vn 0.767465 -0.640997 0.010981
vn 0.767465 -0.640997 0.010981
vn 0.767465 -0.640997 0.010981
vn 0.919551 -0.377202 0.110202
vn 0.919551 -0.377202 0.110202
vn 0.919551 -0.377202 0.110202
vn 0.975255 -0.127330 0.180736
vn 0.975255 -0.127330 0.180736
vn 0.975255 -0.127330 0.180736
vn 0.755923 -0.651891 -0.060156
vn 0.755923 -0.651891 -0.060156
vn 0.755923 -0.651891 -0.060156
vn 0.810357 -0.548667 -0.205635
vn 0.810357 -0.548667 -0.205635
vn 0.810357 -0.548667 -0.205635
vn 0.949088 0.201573 0.242073
vn 0.949088 0.201573 0.242073
vn 0.949088 0.201573 0.242073
vn 0.273143 -0.960382 0.055319
vn 0.273143 -0.960382 0.055319
vn 0.273143 -0.960382 0.055319
vn 0.487632 -0.537713 0.687808
vn 0.487632 -0.537713 0.687808
vn 0.487632 -0.537713 0.687808
vn 0.180451 -0.942902 0.279951
vn 0.180451 -0.942902 0.279951
vn 0.180451 -0.942902 0.279951
vn 0.179414 -0.966732 0.182316
vn 0.179414 -0.966732 0.182316
vn 0.179414 -0.966732 0.182316
vn 0.548632 -0.537278 0.640575
vn 0.548632 -0.537278 0.640575
vn 0.548632 -0.537278 0.640575
vn 0.499543 -0.866222 0.010820
vn 0.499543 -0.866222 0.010820
vn 0.499543 -0.866222 0.010820
vn 0.606467 -0.451598 0.654414
vn 0.606467 -0.451598 0.654414
vn 0.606467 -0.451598 0.654414
vn 0.625699 -0.519329 0.582064
vn 0.625699 -0.519329 0.582064
vn 0.625699 -0.519329 0.582064
vn 0.029273 -0.826434 0.562272
vn 0.029273 -0.826434 0.562272
vn 0.029273 -0.826434 0.562272
vn -0.289003 -0.488355 0.823400
vn -0.289003 -0.488355 0.823400
vn -0.289003 -0.488355 0.823400
vn -0.572117 -0.718093 0.396263
vn -0.572117 -0.718093 0.396263
vn -0.572117 -0.718093 0.396263
vn -0.590119 -0.700519 0.401289
vn -0.590119 -0.700519 0.401289
vn -0.590119 -0.700519 0.401289
vn -0.867522 -0.114493 0.484042
vn -0.867522 -0.114493 0.484042
vn -0.867522 -0.114493 0.484042
vn -0.383775 -0.768080 0.512610
vn -0.383775 -0.768080 0.512610
vn -0.383775 -0.768080 0.512610
vn -0.506437 -0.282667 0.814629
vn -0.506437 -0.282667 0.814629
vn -0.506437 -0.282667 0.814629
vn -0.617360 -0.125482 0.776608
vn -0.617360 -0.125482 0.776608
vn -0.617360 -0.125482 0.776608
vn -0.244924 -0.857519 0.452409
vn -0.244924 -0.857519 0.452409
vn -0.244924 -0.857519 0.452409
vn -0.915200 -0.284977 0.284951
vn -0.915200 -0.284977 0.284951
vn -0.915200 -0.284977 0.284951
vn -0.225165 -0.973408 0.042173
vn -0.225165 -0.973408 0.042173
vn -0.225165 -0.973408 0.042173
vn -0.455985 -0.880657 -0.128530
vn -0.455985 -0.880657 -0.128530
vn -0.455985 -0.880657 -0.128530
vn -0.554372 -0.770514 -0.314612
vn -0.554372 -0.770514 -0.314612
vn -0.554372 -0.770514 -0.314612
vn -0.224634 -0.971113 0.080494
vn -0.224634 -0.971113 0.080494
vn -0.224634 -0.971113 0.080494
vn -0.895198 0.033911 -0.444377
vn -0.895198 0.033911 -0.444377
vn -0.895198 0.033911 -0.444377
vn -0.672300 -0.728223 0.133058
vn -0.672300 -0.728223 0.133058
vn -0.672300 -0.728223 0.133058
vn -0.886421 -0.215762 -0.409517
vn -0.886421 -0.215762 -0.409517
vn -0.886421 -0.215762 -0.409517
vn -0.829181 0.034452 -0.557917
vn -0.829181 0.034452 -0.557917
vn -0.829181 0.034452 -0.557917
vn -0.279249 -0.856625 -0.433835
vn -0.279249 -0.856625 -0.433835
vn -0.279249 -0.856625 -0.433835
vn -0.047894 -0.205426 -0.977500
vn -0.047894 -0.205426 -0.977500
vn -0.047894 -0.205426 -0.977500
vn 0.133873 -0.883528 -0.448839
vn 0.133873 -0.883528 -0.448839
vn 0.133873 -0.883528 -0.448839
vn 0.250564 -0.770871 -0.585642
vn 0.250564 -0.770871 -0.585642
vn 0.250564 -0.770871 -0.585642
vn 0.043310 -0.620110 -0.783318
vn 0.043310 -0.620110 -0.783318
vn 0.043310 -0.620110 -0.783318
vn -0.267706 -0.877944 -0.396922
vn -0.267706 -0.877944 -0.396922
vn -0.267706 -0.877944 -0.396922
vn -0.271466 -0.605305 -0.748273
vn -0.271466 -0.605305 -0.748273
vn -0.271466 -0.605305 -0.748273
vn -0.250463 -0.583394 -0.772605
vn -0.250463 -0.583394 -0.772605
vn -0.250463 -0.583394 -0.772605
vn 0.032403 -0.898677 -0.437413
vn 0.032403 -0.898677 -0.437413
vn 0.032403 -0.898677 -0.437413
vn 0.433673 -0.696895 -0.571197
vn 0.433673 -0.696895 -0.571197
vn 0.433673 -0.696895 -0.571197
vn 0.447877 -0.887262 -0.110326
vn 0.447877 -0.887262 -0.110326
vn 0.447877 -0.887262 -0.110326
vn 0.465111 -0.878671 -0.107747
vn 0.465111 -0.878671 -0.107747
vn 0.465111 -0.878671 -0.107747
vn 0.981219 -0.171153 0.088974
vn 0.981219 -0.171153 0.088974
vn 0.981219 -0.171153 0.088974
vn 0.383231 -0.900305 -0.206362
vn 0.383231 -0.900305 -0.206362
vn 0.383231 -0.900305 -0.206362
vn 0.974380 0.206945 -0.088072
vn 0.974380 0.206945 -0.088072
vn 0.974380 0.206945 -0.088072
vn 0.927554 -0.187089 -0.323483
vn 0.927554 -0.187089 -0.323483
vn 0.927554 -0.187089 -0.323483
vn 0.388809 -0.905526 0.169856
vn 0.388809 -0.905526 0.169856
vn 0.388809 -0.905526 0.169856
vn 0.626120 -0.544357 0.558255
vn 0.626120 -0.544357 0.558255
vn 0.626120 -0.544357 0.558255
vn 0.235517 -0.829761 0.505993
vn 0.235517 -0.829761 0.505993
vn 0.235517 -0.829761 0.505993
vn 0.235516 -0.829762 0.505991
vn 0.235516 -0.829762 0.505991
vn 0.235516 -0.829762 0.505991
vn 0.601626 -0.605651 0.520801
vn 0.601626 -0.605651 0.520801
vn 0.601626 -0.605651 0.520801
vn 0.542572 -0.833688 0.102861
vn 0.542572 -0.833688 0.102861
vn 0.542572 -0.833688 0.102861
vn 0.713565 -0.685214 0.145967
vn 0.713565 -0.685214 0.145967
vn 0.713565 -0.685214 0.145967
vn 0.729837 -0.572582 0.373480
vn 0.729837 -0.572582 0.373480
vn 0.729837 -0.572582 0.373480
vn 0.295762 -0.949634 0.103536
vn 0.295762 -0.949634 0.103536
vn 0.295762 -0.949634 0.103536
vn 0.062284 -0.859612 0.507137
vn 0.062284 -0.859612 0.507137
vn 0.062284 -0.859612 0.507137
vn -0.161775 -0.972110 0.169798
vn -0.161775 -0.972110 0.169798
vn -0.161775 -0.972110 0.169798
vn -0.148809 -0.975539 0.161799
vn -0.148809 -0.975539 0.161799
vn -0.148809 -0.975539 0.161799
vn -0.668434 -0.527286 0.524563
vn -0.668434 -0.527286 0.524563
vn -0.668434 -0.527286 0.524563
vn 0.160526 -0.964895 0.207866
vn 0.160526 -0.964895 0.207866
vn 0.160526 -0.964895 0.207866
vn -0.589905 -0.184204 0.786181
vn -0.589905 -0.184204 0.786181
vn -0.589905 -0.184204 0.786181
vn -0.160009 -0.579076 0.799418
vn -0.160009 -0.579076 0.799418
vn -0.160009 -0.579076 0.799418
vn -0.354499 -0.744242 0.566069
vn -0.354499 -0.744242 0.566069
vn -0.354499 -0.744242 0.566069
vn -0.908472 -0.159374 0.386367
vn -0.908472 -0.159374 0.386367
vn -0.908472 -0.159374 0.386367
vn -0.193163 -0.980638 0.032204
vn -0.193163 -0.980638 0.032204
vn -0.193163 -0.980638 0.032204
vn -0.785782 -0.560692 -0.261095
vn -0.785782 -0.560692 -0.261095
vn -0.785782 -0.560692 -0.261095
vn -0.301990 -0.945502 -0.121770
vn -0.301990 -0.945502 -0.121770
vn -0.301990 -0.945502 -0.121770
vn -0.221569 -0.973623 -0.054447
vn -0.221569 -0.973623 -0.054447
vn -0.221569 -0.973623 -0.054447
vn -0.693992 -0.715878 0.076765
vn -0.693992 -0.715878 0.076765
vn -0.693992 -0.715878 0.076765
vn -0.279617 -0.875453 0.394203
vn -0.279617 -0.875453 0.394203
vn -0.279617 -0.875453 0.394203
vn -0.675226 -0.725592 0.132615
vn -0.675226 -0.725592 0.132615
vn -0.675226 -0.725592 0.132615
vn -0.697192 -0.709338 0.103741
vn -0.697192 -0.709338 0.103741
vn -0.697192 -0.709338 0.103741
vn -0.280036 -0.945710 -0.164962
vn -0.280036 -0.945710 -0.164962
vn -0.280036 -0.945710 -0.164962
vn -0.289102 -0.825705 -0.484387
vn -0.289102 -0.825705 -0.484387
vn -0.289102 -0.825705 -0.484387
vn 0.137191 -0.826589 -0.545829
vn 0.137191 -0.826589 -0.545829
vn 0.137191 -0.826589 -0.545829
vn 0.074893 -0.908037 -0.412141
vn 0.074893 -0.908037 -0.412141
vn 0.074893 -0.908037 -0.412141
vn 0.207280 -0.275100 -0.938805
vn 0.207280 -0.275100 -0.938805
vn 0.207280 -0.275100 -0.938805
vn -0.257923 -0.870834 -0.418479
vn -0.257923 -0.870834 -0.418479
vn -0.257923 -0.870834 -0.418479
vn -0.353812 -0.445487 -0.822410
vn -0.353812 -0.445487 -0.822410
vn -0.353812 -0.445487 -0.822410
vn -0.203907 -0.289211 -0.935296
vn -0.203907 -0.289211 -0.935296
vn -0.203907 -0.289211 -0.935296
vn -0.243429 -0.910875 -0.333239
vn -0.243429 -0.910875 -0.333239
vn -0.243429 -0.910875 -0.333239
vn 0.561675 -0.439988 -0.700665
vn 0.561675 -0.439988 -0.700665
vn 0.561675 -0.439988 -0.700665
vn 0.039092 -0.997982 -0.050031
vn 0.039092 -0.997982 -0.050031
vn 0.039092 -0.997982 -0.050031
vn 0.434613 -0.898185 -0.066139
vn 0.434613 -0.898185 -0.066139
vn 0.434613 -0.898185 -0.066139
vn 0.431274 -0.897643 -0.090771
vn 0.431274 -0.897643 -0.090771
vn 0.431274 -0.897643 -0.090771
vn -0.109260 -0.981340 -0.158219
vn -0.109260 -0.981340 -0.158219
vn -0.109260 -0.981340 -0.158219
vn 0.792331 -0.476005 -0.381614
vn 0.792331 -0.476005 -0.381614
vn 0.792331 -0.476005 -0.381614
vn 0.070318 -0.844893 -0.530294
vn 0.070318 -0.844893 -0.530294
vn 0.070318 -0.844893 -0.530294
vn 0.720110 -0.626073 -0.299121
vn 0.720110 -0.626073 -0.299121
vn 0.720110 -0.626073 -0.299121
vn 0.859276 -0.475988 -0.187298
vn 0.859276 -0.475988 -0.187298
vn 0.859276 -0.475988 -0.187298
vn 0.197506 -0.883250 0.425278
vn 0.197506 -0.883250 0.425278
vn 0.197506 -0.883250 0.425278
vn 0.074046 -0.981439 0.176904
vn 0.074046 -0.981439 0.176904
vn 0.074046 -0.981439 0.176904
vn 0.548774 -0.498819 0.670841
vn 0.548774 -0.498819 0.670841
vn 0.548774 -0.498819 0.670841
vn 0.397743 -0.908679 -0.126899
vn 0.397743 -0.908679 -0.126899
vn 0.397743 -0.908679 -0.126899
vn 0.778080 -0.575683 0.251357
vn 0.778080 -0.575683 0.251357
vn 0.778080 -0.575683 0.251357
vn 0.768600 -0.504005 0.393997
vn 0.768600 -0.504005 0.393997
vn 0.768600 -0.504005 0.393997
vn 0.355358 -0.934597 0.015788
vn 0.355358 -0.934597 0.015788
vn 0.355358 -0.934597 0.015788
vn -0.043093 -0.556381 0.829809
vn -0.043093 -0.556381 0.829809
vn -0.043093 -0.556381 0.829809
vn -0.072980 -0.997013 -0.025276
vn -0.072980 -0.997013 -0.025276
vn -0.072980 -0.997013 -0.025276
vn -0.446160 -0.838872 0.311824
vn -0.446160 -0.838872 0.311824
vn -0.446160 -0.838872 0.311824
vn -0.157481 -0.963651 0.215816
vn -0.157481 -0.963651 0.215816
vn -0.157481 -0.963651 0.215816
vn 0.322031 -0.944000 -0.071837
vn 0.322031 -0.944000 -0.071837
vn 0.322031 -0.944000 -0.071837
vn 0.106639 -0.790505 0.603100
vn 0.106639 -0.790505 0.603100
vn 0.106639 -0.790505 0.603100
vn 0.581923 -0.770790 0.259324
vn 0.581923 -0.770790 0.259324
vn 0.581923 -0.770790 0.259324
vn 0.016629 -0.874741 0.484306
vn 0.016629 -0.874741 0.484306
vn 0.016629 -0.874741 0.484306
vn -0.192068 -0.833768 0.517630
vn -0.192068 -0.833768 0.517630
vn -0.192068 -0.833768 0.517630
vn -0.310880 -0.950342 -0.014261
vn -0.310880 -0.950342 -0.014261
vn -0.310880 -0.950342 -0.014261
vn -0.685675 -0.718186 -0.118569
vn -0.685675 -0.718186 -0.118569
vn -0.685675 -0.718186 -0.118569
vn -0.592124 -0.745945 -0.304886
vn -0.592124 -0.745945 -0.304886
vn -0.592124 -0.745945 -0.304886
vn -0.437582 -0.873222 -0.214488
vn -0.437582 -0.873222 -0.214488
vn -0.437582 -0.873222 -0.214488
vn -0.788886 -0.614453 -0.010294
vn -0.788886 -0.614453 -0.010294
vn -0.788886 -0.614453 -0.010294
vn -0.441584 -0.841153 0.312194
vn -0.441584 -0.841153 0.312194
vn -0.441584 -0.841153 0.312194
vn -0.502808 -0.752006 0.426228
vn -0.502808 -0.752006 0.426228
vn -0.502808 -0.752006 0.426228
vn -0.785107 -0.611510 0.098293
vn -0.785107 -0.611510 0.098293
vn -0.785107 -0.611510 0.098293
vn -0.131554 -0.970430 0.202384
vn -0.131554 -0.970430 0.202384
vn -0.131554 -0.970430 0.202384
vn -0.269331 -0.869961 -0.413072
vn -0.269331 -0.869961 -0.413072
vn -0.269331 -0.869961 -0.413072
vn 0.092788 -0.990578 -0.100729
vn 0.092788 -0.990578 -0.100729
vn 0.092788 -0.990578 -0.100729
vn 0.090633 -0.991671 -0.091514
vn 0.090633 -0.991671 -0.091514
vn 0.090633 -0.991671 -0.091514
vn -0.005153 -0.810123 -0.586237
vn -0.005153 -0.810123 -0.586237
vn -0.005153 -0.810123 -0.586237
vn -0.342200 -0.912810 0.222882
vn -0.342200 -0.912810 0.222882
vn -0.342200 -0.912810 0.222882
vn -0.371796 -0.601271 -0.707277
vn -0.371796 -0.601271 -0.707277
vn -0.371796 -0.601271 -0.707277
vn -0.614255 -0.732677 -0.293045
vn -0.614255 -0.732677 -0.293045
vn -0.614255 -0.732677 -0.293045
vn -0.183695 -0.877933 -0.442143
vn -0.183695 -0.877933 -0.442143
vn -0.183695 -0.877933 -0.442143
vn 0.372867 -0.556527 -0.742460
vn 0.372867 -0.556527 -0.742460
vn 0.372867 -0.556527 -0.742460
vn 0.233692 -0.970906 -0.052249
vn 0.233692 -0.970906 -0.052249
vn 0.233692 -0.970906 -0.052249
vn 0.794911 -0.579520 -0.179647
vn 0.794911 -0.579520 -0.179647
vn 0.794911 -0.579520 -0.179647
vn 0.408755 -0.911546 -0.044770
vn 0.408755 -0.911546 -0.044770
vn 0.408755 -0.911546 -0.044770
vn 0.246279 -0.968062 -0.046934
vn 0.246279 -0.968062 -0.046934
vn 0.246279 -0.968062 -0.046934
vn 0.212839 -0.828072 -0.518649
vn 0.212839 -0.828072 -0.518649
vn 0.212839 -0.828072 -0.518649
vn -0.241205 -0.834581 -0.495273
vn -0.241205 -0.834581 -0.495273
vn -0.241205 -0.834581 -0.495273
vn 0.064031 -0.848670 -0.525032
vn 0.064031 -0.848670 -0.525032
vn 0.064031 -0.848670 -0.525032
vn 0.245253 -0.838805 -0.486063
vn 0.245253 -0.838805 -0.486063
vn 0.245253 -0.838805 -0.486063
vn 0.075075 -0.995072 -0.064775
vn 0.075075 -0.995072 -0.064775
vn 0.075075 -0.995072 -0.064775
vn 0.329506 -0.926910 0.179618
vn 0.329506 -0.926910 0.179618
vn 0.329506 -0.926910 0.179618
vn 0.311575 -0.922503 0.227834
vn 0.311575 -0.922503 0.227834
vn 0.311575 -0.922503 0.227834
vn -0.093153 -0.723455 -0.684058
vn -0.093153 -0.723455 -0.684058
vn -0.093153 -0.723455 -0.684058
vn 0.634709 -0.771059 -0.051113
vn 0.634709 -0.771059 -0.051113
vn 0.634709 -0.771059 -0.051113
vn 0.478717 -0.698815 -0.531496
vn 0.478717 -0.698815 -0.531496
vn 0.478717 -0.698815 -0.531496
vn 0.316589 -0.946270 0.065909
vn 0.316589 -0.946270 0.065909
vn 0.316589 -0.946270 0.065909
vn 0.092297 -0.753992 0.650367
vn 0.092297 -0.753992 0.650367
vn 0.092297 -0.753992 0.650367
vn -0.349048 -0.908122 0.231256
vn -0.349048 -0.908122 0.231256
vn -0.349048 -0.908122 0.231256
vn -0.595202 -0.527376 0.606308
vn -0.595202 -0.527376 0.606308
vn -0.595202 -0.527376 0.606308
vn -0.444993 -0.828995 0.338746
vn -0.444993 -0.828995 0.338746
vn -0.444993 -0.828995 0.338746
vn -0.240990 -0.950996 0.193726
vn -0.240990 -0.950996 0.193726
vn -0.240990 -0.950996 0.193726
vn 0.435021 -0.811415 0.390336
vn 0.435021 -0.811415 0.390336
vn 0.435021 -0.811415 0.390336
vn 0.698561 -0.698774 0.154036
vn 0.698561 -0.698774 0.154036
vn 0.698561 -0.698774 0.154036
vn 0.582151 -0.769194 0.263517
vn 0.582151 -0.769194 0.263517
vn 0.582151 -0.769194 0.263517
vn 0.246141 -0.884033 0.397367
vn 0.246141 -0.884033 0.397367
vn 0.246141 -0.884033 0.397367
vn 0.163744 -0.985543 -0.043514
vn 0.163744 -0.985543 -0.043514
vn 0.163744 -0.985543 -0.043514
vn -0.437160 -0.890345 -0.127189
vn -0.437160 -0.890345 -0.127189
vn -0.437160 -0.890345 -0.127189
vn -0.370012 -0.886353 -0.278333
vn -0.370012 -0.886353 -0.278333
vn -0.370012 -0.886353 -0.278333
vn 0.113666 -0.990191 -0.081254
vn 0.113666 -0.990191 -0.081254
vn 0.113666 -0.990191 -0.081254
vn -0.717693 -0.685181 -0.124274
vn -0.717693 -0.685181 -0.124274
vn -0.717693 -0.685181 -0.124274
vn 0.261834 -0.800776 0.538702
vn 0.261834 -0.800776 0.538702
vn 0.261834 -0.800776 0.538702
vn -0.578568 -0.744838 0.332378
vn -0.578568 -0.744838 0.332378
vn -0.578568 -0.744838 0.332378
vn -0.624979 -0.730694 0.274752
vn -0.624979 -0.730694 0.274752
vn -0.624979 -0.730694 0.274752
vn -0.149633 -0.976972 0.152102
vn -0.149633 -0.976972 0.152102
vn -0.149633 -0.976972 0.152102
vn -0.400390 -0.515455 -0.757624
vn -0.400390 -0.515455 -0.757624
vn -0.400390 -0.515455 -0.757624
vn 0.214504 -0.967729 -0.132242
vn 0.214504 -0.967729 -0.132242
vn 0.214504 -0.967729 -0.132242
vn 0.189861 -0.647773 -0.737796
vn 0.189861 -0.647773 -0.737796
vn 0.189861 -0.647773 -0.737796
vn -0.022622 -0.980608 -0.194668
vn -0.022622 -0.980608 -0.194668
vn -0.022622 -0.980608 -0.194668
vn -0.226511 -0.870454 0.437039
vn -0.226511 -0.870454 0.437039
vn -0.226511 -0.870454 0.437039
vn -0.632134 -0.774581 -0.020763
vn -0.632134 -0.774581 -0.020763
vn -0.632134 -0.774581 -0.020763
vn -0.700005 -0.599939 0.387383
vn -0.700005 -0.599939 0.387383
vn -0.700005 -0.599939 0.387383
vn -0.475327 -0.878853 -0.041014
vn -0.475327 -0.878853 -0.041014
vn -0.475327 -0.878853 -0.041014
vn -0.330584 -0.924516 -0.189695
vn -0.330584 -0.924516 -0.189695
vn -0.330584 -0.924516 -0.189695
vn 0.286412 -0.958021 -0.012808
vn 0.286412 -0.958021 -0.012808
vn 0.286412 -0.958021 -0.012808
vn 0.656290 -0.736571 -0.163547
vn 0.656290 -0.736571 -0.163547
vn 0.656290 -0.736571 -0.163547
vn 0.725477 -0.686643 -0.046944
vn 0.725477 -0.686643 -0.046944
vn 0.725477 -0.686643 -0.046944
vn 0.368895 -0.929470 -0.001279
vn 0.368895 -0.929470 -0.001279
vn 0.368895 -0.929470 -0.001279
vn 0.555096 -0.723357 -0.410639
vn 0.555096 -0.723357 -0.410639
vn 0.555096 -0.723357 -0.410639
vn -0.208689 -0.847759 -0.487599
vn -0.208689 -0.847759 -0.487599
vn -0.208689 -0.847759 -0.487599
vn -0.151468 -0.778749 -0.608776
vn -0.151468 -0.778749 -0.608776
vn -0.151468 -0.778749 -0.608776
vn 0.557247 -0.722897 -0.408529
vn 0.557247 -0.722897 -0.408529
vn 0.557247 -0.722897 -0.408529
vn -0.229895 -0.954947 -0.187683
vn -0.229895 -0.954947 -0.187683
vn -0.229895 -0.954947 -0.187683
vn 0.597606 -0.669308 0.441467
vn 0.597606 -0.669308 0.441467
vn 0.597606 -0.669308 0.441467
vn -0.125715 -0.976342 0.175932
vn -0.125715 -0.976342 0.175932
vn -0.125715 -0.976342 0.175932
vn -0.088286 -0.969116 0.230259
vn -0.088286 -0.969116 0.230259
vn -0.088286 -0.969116 0.230259
vn 0.339785 -0.620629 -0.706658
vn 0.339785 -0.620629 -0.706658
vn 0.339785 -0.620629 -0.706658
vn 0.023249 -0.140035 -0.989874
vn 0.023249 -0.140035 -0.989874
vn 0.023249 -0.140035 -0.989874
vn 0.314830 -0.752117 -0.578966
vn 0.314830 -0.752117 -0.578966
vn 0.314830 -0.752117 -0.578966
vn 0.313080 -0.763402 -0.564977
vn 0.313080 -0.763402 -0.564977
vn 0.313080 -0.763402 -0.564977
vn -0.429300 -0.889258 0.157868
vn -0.429300 -0.889258 0.157868
vn -0.429300 -0.889258 0.157868
vn -0.609369 -0.235496 0.757107
vn -0.609369 -0.235496 0.757107
vn -0.609369 -0.235496 0.757107
vn -0.676154 -0.586113 0.446416
vn -0.676154 -0.586113 0.446416
vn -0.676154 -0.586113 0.446416
vn 0.226941 -0.915834 -0.331279
vn 0.226941 -0.915834 -0.331279
vn 0.226941 -0.915834 -0.331279
vn -0.144032 -0.840869 0.521723
vn -0.144032 -0.840869 0.521723
vn -0.144032 -0.840869 0.521723
vn 0.929359 -0.228305 -0.290118
vn 0.929359 -0.228305 -0.290118
vn 0.929359 -0.228305 -0.290118
vn 0.705002 -0.674535 0.219031
vn 0.705002 -0.674535 0.219031
vn 0.705002 -0.674535 0.219031
vn -0.842525 -0.410216 0.349106
vn -0.842525 -0.410216 0.349106
vn -0.842525 -0.410216 0.349106
vn 0.347657 -0.930978 -0.111419
vn 0.347657 -0.930978 -0.111419
vn 0.347657 -0.930978 -0.111419
vn -0.989879 -0.098885 -0.101787
vn -0.989879 -0.098885 -0.101787
vn -0.989879 -0.098885 -0.101787
vn -0.166115 -0.910392 -0.378937
vn -0.166115 -0.910392 -0.378937
vn -0.166115 -0.910392 -0.378937
vn -0.835184 -0.355972 -0.419226
vn -0.835184 -0.355972 -0.419226
vn -0.835184 -0.355972 -0.419226
vn -0.136511 -0.985187 0.103784
vn -0.136511 -0.985187 0.103784
vn -0.136511 -0.985187 0.103784
vn 0.814381 -0.114022 0.569019
vn 0.814381 -0.114022 0.569019
vn 0.814381 -0.114022 0.569019
vn 0.028601 -0.740328 0.671637
vn 0.028601 -0.740328 0.671637
vn 0.028601 -0.740328 0.671637
vn 0.575193 -0.146562 0.804781
vn 0.575193 -0.146562 0.804781
vn 0.575193 -0.146562 0.804781
vn -0.031099 -0.978827 0.202311
vn -0.031099 -0.978827 0.202311
vn -0.031099 -0.978827 0.202311
vn -0.385998 -0.320407 -0.865069
vn -0.385998 -0.320407 -0.865069
vn -0.385998 -0.320407 -0.865069
vn 0.200651 -0.732678 -0.650325
vn 0.200651 -0.732678 -0.650325
vn 0.200651 -0.732678 -0.650325
vn -0.004062 -0.127841 -0.991786
vn -0.004062 -0.127841 -0.991786
vn -0.004062 -0.127841 -0.991786
vn 0.220467 -0.657719 -0.720278
vn 0.220467 -0.657719 -0.720278
vn 0.220467 -0.657719 -0.720278
vn 0.203607 -0.724815 -0.658170
vn 0.203607 -0.724815 -0.658170
vn 0.203607 -0.724815 -0.658170
vn -0.668462 -0.724469 0.168237
vn -0.668462 -0.724469 0.168237
vn -0.668462 -0.724469 0.168237
vn -0.655732 -0.231169 0.718732
vn -0.655732 -0.231169 0.718732
vn -0.655732 -0.231169 0.718732
vn -0.737059 -0.579672 0.347454
vn -0.737059 -0.579672 0.347454
vn -0.737059 -0.579672 0.347454
vn 0.110933 -0.873528 -0.473966
vn 0.110933 -0.873528 -0.473966
vn 0.110933 -0.873528 -0.473966
vn -0.097737 -0.945252 0.311361
vn -0.097737 -0.945252 0.311361
vn -0.097737 -0.945252 0.311361
vn 0.919416 -0.203862 -0.336325
vn 0.919416 -0.203862 -0.336325
vn 0.919416 -0.203862 -0.336325
vn 0.599308 -0.793978 0.102121
vn 0.599308 -0.793978 0.102121
vn 0.599308 -0.793978 0.102121
vn -0.876024 -0.418414 0.239818
vn -0.876024 -0.418414 0.239818
vn -0.876024 -0.418414 0.239818
vn 0.463584 -0.855981 -0.228880
vn 0.463584 -0.855981 -0.228880
vn 0.463584 -0.855981 -0.228880
vn -0.985559 -0.123115 -0.116256
vn -0.985559 -0.123115 -0.116256
vn -0.985559 -0.123115 -0.116256
vn -0.177747 -0.827631 -0.532385
vn -0.177747 -0.827631 -0.532385
vn -0.177747 -0.827631 -0.532385
vn -0.745778 -0.439802 -0.500389
vn -0.745778 -0.439802 -0.500389
vn -0.745778 -0.439802 -0.500389
vn 0.004270 -0.999991 -0.000423
vn 0.004270 -0.999991 -0.000423
vn 0.004270 -0.999991 -0.000423
vn 0.824057 -0.107301 0.556252
vn 0.824057 -0.107301 0.556252
vn 0.824057 -0.107301 0.556252
vn 0.108056 -0.811067 0.574886
vn 0.108056 -0.811067 0.574886
vn 0.108056 -0.811067 0.574886
vn 0.598896 -0.110476 0.793170
vn 0.598896 -0.110476 0.793170
vn 0.598896 -0.110476 0.793170
vn 0.159681 -0.961790 0.222401
vn 0.159681 -0.961790 0.222401
vn 0.159681 -0.961790 0.222401
vn -0.340503 -0.282223 -0.896888
vn -0.340503 -0.282223 -0.896888
vn -0.340503 -0.282223 -0.896888
vn -0.456080 0.316371 -0.831805
vn -0.456080 0.316371 -0.831805
vn -0.456080 0.316371 -0.831805
vn -0.613437 0.147368 0.775873
vn -0.613437 0.147368 0.775873
vn -0.613437 0.147368 0.775873
vn -0.611452 0.102217 0.784652
vn -0.611452 0.102217 0.784652
vn -0.611452 0.102217 0.784652
vn 0.965303 0.245661 0.088547
vn 0.965303 0.245661 0.088547
vn 0.965303 0.245661 0.088547
vn 0.977816 0.105607 -0.180895
vn 0.977816 0.105607 -0.180895
vn 0.977816 0.105607 -0.180895
vn 0.820795 0.445010 -0.358137
vn 0.820795 0.445010 -0.358137
vn 0.820795 0.445010 -0.358137
vn -0.907375 0.232143 -0.350400
vn -0.907375 0.232143 -0.350400
vn -0.907375 0.232143 -0.350400
vn -0.380288 0.914556 -0.137725
vn -0.380288 0.914556 -0.137725
vn -0.380288 0.914556 -0.137725
vn 0.762773 0.239878 0.600530
vn 0.762773 0.239878 0.600530
vn 0.762773 0.239878 0.600530
vn 0.327652 0.652837 -0.682970
vn 0.327652 0.652837 -0.682970
vn 0.327652 0.652837 -0.682970
vn -0.221829 0.129065 -0.966506
vn -0.221829 0.129065 -0.966506
vn -0.221829 0.129065 -0.966506
vn -0.375725 0.218605 -0.900579
vn -0.375725 0.218605 -0.900579
vn -0.375725 0.218605 -0.900579
vn -0.612070 0.108989 0.783257
vn -0.612070 0.108989 0.783257
vn -0.612070 0.108989 0.783257
vn -0.613209 0.132371 0.778750
vn -0.613209 0.132371 0.778750
vn -0.613209 0.132371 0.778750
vn 0.920170 0.348283 0.178847
vn 0.920170 0.348283 0.178847
vn 0.920170 0.348283 0.178847
vn 0.973625 0.119743 -0.194204
vn 0.973625 0.119743 -0.194204
vn 0.973625 0.119743 -0.194204
vn 0.862580 0.374547 -0.340104
vn 0.862580 0.374547 -0.340104
vn 0.862580 0.374547 -0.340104
vn -0.913382 0.202671 -0.353070
vn -0.913382 0.202671 -0.353070
vn -0.913382 0.202671 -0.353070
vn -0.375075 0.917011 -0.135683
vn -0.375075 0.917011 -0.135683
vn -0.375075 0.917011 -0.135683
vn 0.769623 0.215056 0.601192
vn 0.769623 0.215056 0.601192
vn 0.769623 0.215056 0.601192
vn 0.303227 0.590313 -0.748053
vn 0.303227 0.590313 -0.748053
vn 0.303227 0.590313 -0.748053
vn -0.201395 0.139702 -0.969496
vn -0.201395 0.139702 -0.969496
vn -0.201395 0.139702 -0.969496
vn 0.221829 -0.129065 -0.966506
vn 0.221829 -0.129065 -0.966506
vn 0.221829 -0.129065 -0.966506
vn -0.327652 -0.652837 -0.682970
vn -0.327652 -0.652837 -0.682970
vn -0.327652 -0.652837 -0.682970
vn -0.762773 -0.239878 0.600530
vn -0.762773 -0.239878 0.600530
vn -0.762773 -0.239878 0.600530
vn 0.380288 -0.914556 -0.137725
vn 0.380288 -0.914556 -0.137725
vn 0.380288 -0.914556 -0.137725
vn 0.907375 -0.232143 -0.350400
vn 0.907375 -0.232143 -0.350400
vn 0.907375 -0.232143 -0.350400
vn -0.820795 -0.445010 -0.358137
vn -0.820795 -0.445010 -0.358137
vn -0.820795 -0.445010 -0.358137
vn -0.977816 -0.105607 -0.180895
vn -0.977816 -0.105607 -0.180895
vn -0.977816 -0.105607 -0.180895
vn -0.965303 -0.245661 0.088547
vn -0.965303 -0.245661 0.088547
vn -0.965303 -0.245661 0.088547
vn 0.611452 -0.102217 0.784652
vn 0.611452 -0.102217 0.784652
vn 0.611452 -0.102217 0.784652
vn 0.613437 -0.147368 0.775873
vn 0.613437 -0.147368 0.775873
vn 0.613437 -0.147368 0.775873
vn 0.456080 -0.316371 -0.831805
vn 0.456080 -0.316371 -0.831805
vn 0.456080 -0.316371 -0.831805
vn 0.201395 -0.139702 -0.969496
vn 0.201395 -0.139702 -0.969496
vn 0.201395 -0.139702 -0.969496
vn -0.303227 -0.590313 -0.748053
vn -0.303227 -0.590313 -0.748053
vn -0.303227 -0.590313 -0.748053
vn -0.769623 -0.215056 0.601192
vn -0.769623 -0.215056 0.601192
vn -0.769623 -0.215056 0.601192
vn 0.375075 -0.917011 -0.135683
vn 0.375075 -0.917011 -0.135683
vn 0.375075 -0.917011 -0.135683
vn 0.913382 -0.202671 -0.353070
vn 0.913382 -0.202671 -0.353070
vn 0.913382 -0.202671 -0.353070
vn -0.862580 -0.374547 -0.340104
vn -0.862580 -0.374547 -0.340104
vn -0.862580 -0.374547 -0.340104
vn -0.973625 -0.119743 -0.194204
vn -0.973625 -0.119743 -0.194204
vn -0.973625 -0.119743 -0.194204
vn -0.920170 -0.348283 0.178847
vn -0.920170 -0.348283 0.178847
vn -0.920170 -0.348283 0.178847
vn 0.613209 -0.132371 0.778750
vn 0.613209 -0.132371 0.778750
vn 0.613209 -0.132371 0.778750
vn 0.612070 -0.108989 0.783257
vn 0.612070 -0.108989 0.783257
vn 0.612070 -0.108989 0.783257
vn 0.375725 -0.218605 -0.900579
vn 0.375725 -0.218605 -0.900579
vn 0.375725 -0.218605 -0.900579
vt 0.000000 0.978115
vt 0.007614 0.977911
vt 0.051726 0.849936
vt 0.000000 0.978115
vt 0.051726 0.849936
vt 0.000000 0.839300
vt 0.007614 0.977911
vt 0.012886 0.982920
vt 0.089833 0.880926
vt 0.007614 0.977911
vt 0.089833 0.880926
vt 0.051726 0.849936
vt 0.012886 0.982920
vt 0.015365 0.988659
vt 0.125538 0.907336
vt 0.012886 0.982920
vt 0.125538 0.907336
vt 0.089833 0.880926
vt 0.015365 0.988659
vt 0.019307 0.992489
vt 0.159909 0.937791
vt 0.015365 0.988659
vt 0.159909 0.937791
vt 0.125538 0.907336
vt 0.019307 0.992489
vt 0.024294 0.997025
vt 0.166881 0.979561
vt 0.019307 0.992489
vt 0.166881 0.979561
vt 0.159909 0.937791
vt 0.615043 0.975706
vt 0.626807 0.974942
vt 0.551931 0.850041
vt 0.615043 0.975706
vt 0.551931 0.850041
vt 0.586995 0.833119
vt 0.025058 1.003069
vt 0.021471 1.008353
vt 0.142644 1.055492
vt 0.025058 1.003069
vt 0.142644 1.055492
vt 0.149959 1.018367
vt 0.600740 0.978529
vt 0.598210 0.982286
vt 0.620002 0.860421
vt 0.600740 0.978529
vt 0.620002 0.860421
vt 0.562829 0.857356
vt 0.017714 1.013075
vt 0.013596 1.018021
vt 0.106218 1.140792
vt 0.017714 1.013075
vt 0.106218 1.140792
vt 0.139579 1.103028
vt 0.013596 1.018021
vt 0.006978 1.020243
vt 0.049210 1.142764
vt 0.013596 1.018021
vt 0.049210 1.142764
vt 0.106218 1.140792
vt -0.020243 0.381561
vt -0.018356 0.430570
vt -0.128714 0.448892
vt -0.020243 0.381561
vt -0.128714 0.448892
vt -0.142764 0.400554
vt 0.000000 1.018356
vt -0.005695 1.016523
vt -0.043992 1.127626
vt 0.000000 1.018356
vt -0.043992 1.127626
vt 0.000000 1.128714
vt -0.005695 1.016523
vt -0.012654 1.016774
vt -0.093848 1.124396
vt -0.005695 1.016523
vt -0.093848 1.124396
vt -0.043992 1.127626
vt -0.012654 1.016774
vt -0.020337 1.015011
vt -0.131226 1.096862
vt -0.012654 1.016774
vt -0.131226 1.096862
vt -0.093848 1.124396
vt -0.020337 1.015011
vt -0.023664 1.009206
vt -0.149136 1.058018
vt -0.020337 1.015011
vt -0.149136 1.058018
vt -0.131226 1.096862
vt -0.023664 1.009206
vt -0.022466 1.002752
vt -0.169408 1.020749
vt -0.023664 1.009206
vt -0.169408 1.020749
vt -0.149136 1.058018
vt -0.022466 1.002752
vt -0.021701 0.997342
vt -0.186330 0.977179
vt -0.022466 1.002752
vt -0.186330 0.977179
vt -0.169408 1.020749
vt -0.021701 0.997342
vt -0.021500 0.991636
vt -0.166401 0.935265
vt -0.021701 0.997342
vt -0.166401 0.935265
vt -0.186330 0.977179
vt 0.601219 1.021500
vt 0.603749 1.017988
vt 0.559225 1.117184
vt 0.601219 1.021500
vt 0.559225 1.117184
vt 0.616397 1.166401
vt -0.017988 0.986722
vt -0.011944 0.984168
vt -0.077463 0.897322
vt -0.017988 0.986722
vt -0.077463 0.897322
vt -0.117184 0.913502
vt 0.015832 0.422289
vt 0.018369 0.416480
vt 0.134927 0.420220
vt 0.015832 0.422289
vt 0.134927 0.420220
vt 0.102678 0.464929
vt -0.006332 0.981631
vt 0.000000 0.978115
vt 0.000000 0.839300
vt -0.006332 0.981631
vt 0.000000 0.839300
vt -0.046508 0.865073
vt 0.000000 0.839300
vt 0.051726 0.849936
vt 0.080064 0.767722
vt 0.000000 0.839300
vt 0.080064 0.767722
vt 0.000000 0.743845
vt 0.617766 0.948274
vt 0.581997 0.910167
vt 0.563415 0.832519
vt 0.617766 0.948274
vt 0.563415 0.832519
vt 0.536791 0.919936
vt 0.089833 0.880926
vt 0.125538 0.907336
vt 0.264370 0.804859
vt 0.089833 0.880926
vt 0.264370 0.804859
vt 0.167481 0.778003
vt 0.125538 0.907336
vt 0.159909 0.937791
vt 0.309040 0.879775
vt 0.125538 0.907336
vt 0.309040 0.879775
vt 0.264370 0.804859
vt 0.159909 0.937791
vt 0.166881 0.979561
vt 0.283119 0.965324
vt 0.159909 0.937791
vt 0.283119 0.965324
vt 0.309040 0.879775
vt 0.166881 0.979561
vt 0.149959 1.018367
vt 0.259846 1.031825
vt 0.166881 0.979561
vt 0.259846 1.031825
vt 0.283119 0.965324
vt 0.149959 1.018367
vt 0.142644 1.055492
vt 0.269603 1.104883
vt 0.149959 1.018367
vt 0.269603 1.104883
vt 0.259846 1.031825
vt 0.142644 1.055492
vt 0.139579 1.103028
vt 0.249863 1.184432
vt 0.142644 1.055492
vt 0.249863 1.184432
vt 0.269603 1.104883
vt 0.139579 1.103028
vt 0.106218 1.140792
vt 0.173570 1.230069
vt 0.139579 1.103028
vt 0.173570 1.230069
vt 0.249863 1.184432
vt 0.106218 1.140792
vt 0.049210 1.142764
vt 0.085107 1.246906
vt 0.106218 1.140792
vt 0.085107 1.246906
vt 0.173570 1.230069
vt 0.049210 1.142764
vt 0.000000 1.128714
vt 0.000000 1.268556
vt 0.049210 1.142764
vt 0.000000 1.268556
vt 0.085107 1.246906
vt 0.000000 1.128714
vt -0.043992 1.127626
vt -0.093473 1.271178
vt 0.000000 1.128714
vt -0.093473 1.271178
vt 0.000000 1.268556
vt -0.043992 1.127626
vt -0.093848 1.124396
vt -0.165535 1.219418
vt -0.043992 1.127626
vt -0.165535 1.219418
vt -0.093473 1.271178
vt -0.093848 1.124396
vt -0.131226 1.096862
vt -0.201145 1.148472
vt -0.093848 1.124396
vt -0.201145 1.148472
vt -0.165535 1.219418
vt -0.131226 1.096862
vt -0.149136 1.058018
vt -0.251261 1.097748
vt -0.131226 1.096862
vt -0.251261 1.097748
vt -0.201145 1.148472
vt 0.577468 1.149136
vt 0.592231 1.169408
vt 0.584375 1.326575
vt 0.577468 1.149136
vt 0.584375 1.326575
vt 0.528509 1.251261
vt -0.169408 1.020749
vt -0.186330 0.977179
vt -0.349849 0.957151
vt -0.169408 1.020749
vt -0.349849 0.957151
vt -0.326575 1.039998
vt -0.186330 0.977179
vt -0.166401 0.935265
vt -0.290698 0.886911
vt -0.186330 0.977179
vt -0.290698 0.886911
vt -0.349849 0.957151
vt -0.166401 0.935265
vt -0.117184 0.913502
vt -0.215652 0.840820
vt -0.166401 0.935265
vt -0.215652 0.840820
vt -0.290698 0.886911
vt -0.117184 0.913502
vt -0.077463 0.897322
vt -0.159445 0.788654
vt -0.117184 0.913502
vt -0.159445 0.788654
vt -0.215652 0.840820
vt -0.077463 0.897322
vt -0.046508 0.865073
vt -0.088431 0.743450
vt -0.077463 0.897322
vt -0.088431 0.743450
vt -0.159445 0.788654
vt -0.046508 0.865073
vt 0.000000 0.839300
vt 0.000000 0.743845
vt -0.046508 0.865073
vt 0.000000 0.743845
vt -0.088431 0.743450
vt 0.553972 1.000000
vt 0.536791 0.919936
vt 0.485434 0.892823
vt 0.553972 1.000000
vt 0.485434 0.892823
vt 0.478536 1.000000
vt 0.080064 0.767722
vt 0.167481 0.778003
vt 0.244271 0.676217
vt 0.080064 0.767722
vt 0.244271 0.676217
vt 0.107177 0.689063
vt 0.167481 0.778003
vt 0.264370 0.804859
vt 0.364628 0.730856
vt 0.167481 0.778003
vt 0.364628 0.730856
vt 0.244271 0.676217
vt 0.264370 0.804859
vt 0.309040 0.879775
vt 0.404547 0.842620
vt 0.264370 0.804859
vt 0.404547 0.842620
vt 0.364628 0.730856
vt 0.309040 0.879775
vt 0.283119 0.965324
vt 0.410701 0.949698
vt 0.309040 0.879775
vt 0.410701 0.949698
vt 0.404547 0.842620
vt 0.283119 0.965324
vt 0.259846 1.031825
vt 0.429985 1.052664
vt 0.283119 0.965324
vt 0.429985 1.052664
vt 0.410701 0.949698
vt 0.259846 1.031825
vt 0.269603 1.104883
vt 0.405142 1.157611
vt 0.259846 1.031825
vt 0.405142 1.157611
vt 0.429985 1.052664
vt 0.269603 1.104883
vt 0.249863 1.184432
vt 0.307499 1.226975
vt 0.269603 1.104883
vt 0.307499 1.226975
vt 0.405142 1.157611
vt 0.585085 0.750137
vt 0.575131 0.826430
vt 0.485349 0.794400
vt 0.585085 0.750137
vt 0.485349 0.794400
vt 0.502420 0.692501
vt -0.230069 0.424869
vt -0.246906 0.444593
vt -0.349256 0.484467
vt -0.230069 0.424869
vt -0.349256 0.484467
vt -0.272524 0.514651
vt 0.085107 1.246906
vt 0.000000 1.268556
vt 0.000000 1.419940
vt 0.085107 1.246906
vt 0.000000 1.419940
vt 0.120386 1.349256
vt 0.000000 1.268556
vt -0.093473 1.271178
vt -0.135859 1.394147
vt 0.000000 1.268556
vt -0.135859 1.394147
vt 0.000000 1.419940
vt -0.093473 1.271178
vt -0.165535 1.219418
vt -0.222113 1.294413
vt -0.093473 1.271178
vt -0.222113 1.294413
vt -0.135859 1.394147
vt -0.165535 1.219418
vt -0.201145 1.148472
vt -0.287321 1.212081
vt -0.165535 1.219418
vt -0.287321 1.212081
vt -0.222113 1.294413
vt -0.201145 1.148472
vt -0.251261 1.097748
vt -0.380148 1.147888
vt -0.201145 1.148472
vt -0.380148 1.147888
vt -0.287321 1.212081
vt -0.251261 1.097748
vt -0.326575 1.039998
vt -0.443170 1.054278
vt -0.251261 1.097748
vt -0.443170 1.054278
vt -0.380148 1.147888
vt -0.326575 1.039998
vt -0.349849 0.957151
vt -0.423886 0.948083
vt -0.326575 1.039998
vt -0.423886 0.948083
vt -0.443170 1.054278
vt 0.042849 0.391168
vt 0.113089 0.426397
vt 0.147657 0.490916
vt 0.042849 0.391168
vt 0.147657 0.490916
vt 0.051917 0.483864
vt -0.290698 0.886911
vt -0.215652 0.840820
vt -0.344449 0.745751
vt -0.290698 0.886911
vt -0.344449 0.745751
vt -0.379553 0.852343
vt -0.215652 0.840820
vt -0.159445 0.788654
vt -0.260784 0.654328
vt -0.215652 0.840820
vt -0.260784 0.654328
vt -0.344449 0.745751
vt -0.159445 0.788654
vt -0.088431 0.743450
vt -0.122651 0.644172
vt -0.159445 0.788654
vt -0.122651 0.644172
vt -0.260784 0.654328
vt -0.088431 0.743450
vt 0.000000 0.743845
vt 0.000000 0.685089
vt -0.088431 0.743450
vt 0.000000 0.685089
vt -0.122651 0.644172
vt 0.000000 0.685089
vt 0.107177 0.689063
vt 0.149417 0.566520
vt 0.000000 0.685089
vt 0.149417 0.566520
vt 0.000000 0.579443
vt 0.107177 0.689063
vt 0.244271 0.676217
vt 0.292420 0.612396
vt 0.107177 0.689063
vt 0.292420 0.612396
vt 0.149417 0.566520
vt 0.244271 0.676217
vt 0.364628 0.730856
vt 0.380063 0.719463
vt 0.244271 0.676217
vt 0.380063 0.719463
vt 0.292420 0.612396
vt 0.269144 0.449050
vt 0.157380 0.473276
vt 0.177844 0.551549
vt 0.269144 0.449050
vt 0.177844 0.551549
vt 0.280537 0.551414
vt 0.526724 0.595453
vt 0.507584 0.589299
vt 0.477203 0.433538
vt 0.526724 0.595453
vt 0.477203 0.433538
vt 0.448451 0.542850
vt 0.410701 0.949698
vt 0.429985 1.052664
vt 0.606909 1.074333
vt 0.410701 0.949698
vt 0.606909 1.074333
vt 0.566462 0.930621
vt 0.429985 1.052664
vt 0.405142 1.157611
vt 0.500589 1.194743
vt 0.429985 1.052664
vt 0.500589 1.194743
vt 0.606909 1.074333
vt 0.527144 0.594858
vt 0.502420 0.692501
vt 0.432827 0.648818
vt 0.527144 0.594858
vt 0.432827 0.648818
vt 0.468144 0.499411
vt 0.307499 1.226975
vt 0.205600 1.272524
vt 0.255533 1.338711
vt 0.307499 1.226975
vt 0.255533 1.338711
vt 0.351182 1.259219
vt 0.205600 1.272524
vt 0.120386 1.349256
vt 0.154255 1.447515
vt 0.205600 1.272524
vt 0.154255 1.447515
vt 0.255533 1.338711
vt 0.120386 1.349256
vt 0.000000 1.419940
vt 0.000000 1.489203
vt 0.120386 1.349256
vt 0.000000 1.489203
vt 0.154255 1.447515
vt 0.557692 1.000000
vt 0.550794 1.135859
vt 0.462910 1.151467
vt 0.557692 1.000000
vt 0.462910 1.151467
vt 0.478025 1.000000
vt 0.550794 1.135859
vt 0.504958 1.222113
vt 0.458569 1.284973
vt 0.550794 1.135859
vt 0.458569 1.284973
vt 0.462910 1.151467
vt -0.222113 1.294413
vt -0.287321 1.212081
vt -0.427062 1.315229
vt -0.222113 1.294413
vt -0.427062 1.315229
vt -0.284973 1.377734
vt -0.287321 1.212081
vt -0.380148 1.147888
vt -0.514318 1.200084
vt -0.287321 1.212081
vt -0.514318 1.200084
vt -0.427062 1.315229
vt -0.380148 1.147888
vt -0.443170 1.054278
vt -0.490647 1.060093
vt -0.380148 1.147888
vt -0.490647 1.060093
vt -0.514318 1.200084
vt -0.054278 0.471356
vt 0.051917 0.483864
vt 0.055139 0.571235
vt -0.054278 0.471356
vt 0.055139 0.571235
vt -0.060093 0.554384
vt 0.051917 0.483864
vt 0.147657 0.490916
vt 0.183185 0.545325
vt 0.051917 0.483864
vt 0.183185 0.545325
vt 0.055139 0.571235
vt -0.379553 0.852343
vt -0.344449 0.745751
vt -0.455943 0.663453
vt -0.379553 0.852343
vt -0.455943 0.663453
vt -0.470879 0.816815
vt -0.344449 0.745751
vt -0.260784 0.654328
vt -0.321860 0.573372
vt -0.344449 0.745751
vt -0.321860 0.573372
vt -0.455943 0.663453
vt -0.260784 0.654328
vt -0.122651 0.644172
vt -0.146629 0.574607
vt -0.260784 0.654328
vt -0.146629 0.574607
vt -0.321860 0.573372
vt -0.122651 0.644172
vt 0.000000 0.685089
vt 0.000000 0.579443
vt -0.122651 0.644172
vt 0.000000 0.579443
vt -0.146629 0.574607
vt 0.000000 0.579443
vt 0.149417 0.566520
vt 0.187714 0.455416
vt 0.000000 0.579443
vt 0.187714 0.455416
vt 0.000000 0.427066
vt 0.149417 0.566520
vt 0.292420 0.612396
vt 0.307747 0.592079
vt 0.149417 0.566520
vt 0.307747 0.592079
vt 0.187714 0.455416
vt 0.387604 0.535751
vt 0.280537 0.551414
vt 0.286464 0.630266
vt 0.387604 0.535751
vt 0.286464 0.630266
vt 0.407921 0.616322
vt 0.448586 0.619937
vt 0.448451 0.542850
vt 0.386707 0.471204
vt 0.448586 0.619937
vt 0.386707 0.471204
vt 0.369734 0.611908
vt 0.457150 0.822156
vt 0.566462 0.930621
vt 0.666321 0.918390
vt 0.457150 0.822156
vt 0.666321 0.918390
vt 0.528796 0.794284
vt 0.566462 0.930621
vt 0.606909 1.074333
vt 0.660155 1.080854
vt 0.566462 0.930621
vt 0.660155 1.080854
vt 0.666321 0.918390
vt -0.074333 0.505946
vt -0.194743 0.531856
vt -0.213352 0.607891
vt -0.074333 0.505946
vt -0.213352 0.607891
vt -0.080854 0.591864
vt -0.194743 0.531856
vt -0.259219 0.567173
vt -0.331480 0.610067
vt -0.194743 0.531856
vt -0.331480 0.610067
vt -0.213352 0.607891
vt 0.351182 1.259219
vt 0.255533 1.338711
vt 0.340885 1.451846
vt 0.351182 1.259219
vt 0.340885 1.451846
vt 0.449078 1.331480
vt 0.255533 1.338711
vt 0.154255 1.447515
vt 0.172749 1.501170
vt 0.255533 1.338711
vt 0.172749 1.501170
vt 0.340885 1.451846
vt 0.466990 0.845745
vt 0.478025 1.000000
vt 0.378748 1.000000
vt 0.466990 0.845745
vt 0.378748 1.000000
vt 0.394676 0.827251
vt 0.478025 1.000000
vt 0.462910 1.151467
vt 0.380323 1.156593
vt 0.478025 1.000000
vt 0.380323 1.156593
vt 0.378748 1.000000
vt 0.462910 1.151467
vt 0.458569 1.284973
vt 0.404616 1.352973
vt 0.462910 1.151467
vt 0.404616 1.352973
vt 0.380323 1.156593
vt -0.284973 1.377734
vt -0.427062 1.315229
vt -0.535513 1.395280
vt -0.284973 1.377734
vt -0.535513 1.395280
vt -0.352973 1.467868
vt -0.427062 1.315229
vt -0.514318 1.200084
vt -0.582869 1.226752
vt -0.427062 1.315229
vt -0.582869 1.226752
vt -0.535513 1.395280
vt -0.200084 0.525632
vt -0.060093 0.554384
vt -0.066548 0.621402
vt -0.200084 0.525632
vt -0.066548 0.621402
vt -0.226752 0.598414
vt -0.060093 0.554384
vt 0.055139 0.571235
vt 0.067303 0.619843
vt -0.060093 0.554384
vt 0.067303 0.619843
vt -0.066548 0.621402
vt -0.450200 0.944861
vt -0.470879 0.816815
vt -0.563240 0.780884
vt -0.450200 0.944861
vt -0.563240 0.780884
vt -0.549511 0.932697
vt -0.470879 0.816815
vt -0.455943 0.663453
vt -0.474527 0.649736
vt -0.470879 0.816815
vt -0.474527 0.649736
vt -0.563240 0.780884
vt 0.489991 1.455943
vt 0.486706 1.321860
vt 0.389274 1.319834
vt 0.489991 1.455943
vt 0.389274 1.319834
vt 0.398361 1.474527
vt 0.486706 1.321860
vt 0.455828 1.146629
vt 0.393617 1.171557
vt 0.486706 1.321860
vt 0.393617 1.171557
vt 0.389274 1.319834
vt -0.146629 0.574607
vt 0.000000 0.579443
vt 0.000000 0.427066
vt -0.146629 0.574607
vt 0.000000 0.427066
vt -0.171557 0.502288
vt 0.409546 1.000000
vt 0.407971 0.812286
vt 0.323854 0.804198
vt 0.409546 1.000000
vt 0.323854 0.804198
vt 0.331257 1.000000
vt 0.407971 0.812286
vt 0.383678 0.692253
vt 0.314286 0.667754
vt 0.407971 0.812286
vt 0.314286 0.667754
vt 0.323854 0.804198
vt 0.383678 0.692253
vt 0.369734 0.611908
vt 0.315578 0.527349
vt 0.383678 0.692253
vt 0.315578 0.527349
vt 0.314286 0.667754
vt 0.388092 0.713536
vt 0.528796 0.794284
vt 0.609325 0.762956
vt 0.388092 0.713536
vt 0.609325 0.762956
vt 0.472651 0.651120
vt 0.528796 0.794284
vt 0.666321 0.918390
vt 0.642328 0.921329
vt 0.528796 0.794284
vt 0.642328 0.921329
vt 0.609325 0.762956
vt 0.081610 0.590304
vt -0.080854 0.591864
vt -0.073693 0.686508
vt 0.081610 0.590304
vt -0.073693 0.686508
vt 0.078671 0.681624
vt -0.080854 0.591864
vt -0.213352 0.607891
vt -0.230745 0.681252
vt -0.080854 0.591864
vt -0.230745 0.681252
vt -0.073693 0.686508
vt -0.213352 0.607891
vt -0.331480 0.610067
vt -0.413993 0.670540
vt -0.213352 0.607891
vt -0.413993 0.670540
vt -0.230745 0.681252
vt 0.449078 1.331480
vt 0.340885 1.451846
vt 0.398098 1.527681
vt 0.449078 1.331480
vt 0.398098 1.527681
vt 0.560865 1.413993
vt 0.399020 0.659115
vt 0.394676 0.827251
vt 0.315519 0.823942
vt 0.399020 0.659115
vt 0.315519 0.823942
vt 0.328771 0.601902
vt 0.394676 0.827251
vt 0.378748 1.000000
vt 0.307847 1.000000
vt 0.394676 0.827251
vt 0.307847 1.000000
vt 0.315519 0.823942
vt 0.378748 1.000000
vt 0.380323 1.156593
vt 0.315250 1.175420
vt 0.378748 1.000000
vt 0.315250 1.175420
vt 0.307847 1.000000
vt 0.380323 1.156593
vt 0.404616 1.352973
vt 0.324817 1.380123
vt 0.380323 1.156593
vt 0.324817 1.380123
vt 0.315250 1.175420
vt 0.404616 1.352973
vt 0.418559 1.535513
vt 0.323525 1.523153
vt 0.404616 1.352973
vt 0.323525 1.523153
vt 0.324817 1.380123
vt -0.395280 0.581441
vt -0.226752 0.598414
vt -0.229231 0.681761
vt -0.395280 0.581441
vt -0.229231 0.681761
vt -0.386157 0.676475
vt -0.226752 0.598414
vt -0.066548 0.621402
vt -0.081068 0.679273
vt -0.226752 0.598414
vt -0.081068 0.679273
vt -0.229231 0.681761
vt -0.543344 1.066548
vt -0.549511 0.932697
vt -0.702544 0.913954
vt -0.543344 1.066548
vt -0.702544 0.913954
vt -0.661899 1.081068
vt -0.549511 0.932697
vt -0.563240 0.780884
vt -0.605433 0.764470
vt -0.549511 0.932697
vt -0.605433 0.764470
vt -0.702544 0.913954
vt 0.396185 1.563240
vt 0.398361 1.474527
vt 0.309644 1.434940
vt 0.396185 1.563240
vt 0.309644 1.434940
vt 0.320356 1.605433
vt 0.398361 1.474527
vt 0.389274 1.319834
vt 0.310332 1.314271
vt 0.398361 1.474527
vt 0.310332 1.314271
vt 0.309644 1.434940
vt 0.423943 0.610726
vt 0.497712 0.606383
vt 0.566198 0.676416
vt 0.423943 0.610726
vt 0.566198 0.676416
vt 0.416569 0.689668
vt -0.171557 0.502288
vt 0.000000 0.427066
vt 0.000000 0.354942
vt -0.171557 0.502288
vt 0.000000 0.354942
vt -0.195164 0.433802
vt 0.331257 1.000000
vt 0.323854 0.804198
vt 0.241200 0.816711
vt 0.331257 1.000000
vt 0.241200 0.816711
vt 0.241200 1.000000
vt 0.323854 0.804198
vt 0.314286 0.667754
vt 0.241200 0.619035
vt 0.323854 0.804198
vt 0.241200 0.619035
vt 0.241200 0.816711
vt 0.332246 0.559605
vt 0.472651 0.651120
vt 0.571200 0.578378
vt 0.332246 0.559605
vt 0.571200 0.578378
vt 0.380965 0.495029
vt 0.472651 0.651120
vt 0.609325 0.762956
vt 0.631769 0.754225
vt 0.472651 0.651120
vt 0.631769 0.754225
vt 0.571200 0.578378
vt 0.237044 0.679135
vt 0.078671 0.681624
vt 0.071055 0.758800
vt 0.237044 0.679135
vt 0.071055 0.758800
vt 0.245775 0.758800
vt 0.078671 0.681624
vt -0.073693 0.686508
vt -0.071055 0.758800
vt 0.078671 0.681624
vt -0.071055 0.758800
vt 0.071055 0.758800
vt -0.073693 0.686508
vt -0.230745 0.681252
vt -0.245775 0.758800
vt -0.073693 0.686508
vt -0.245775 0.758800
vt -0.071055 0.758800
vt -0.230745 0.681252
vt -0.413993 0.670540
vt -0.421622 0.758800
vt -0.230745 0.681252
vt -0.421622 0.758800
vt -0.245775 0.758800
vt 0.329460 0.439135
vt 0.328771 0.601902
vt 0.241200 0.619035
vt 0.329460 0.439135
vt 0.241200 0.619035
vt 0.241200 0.428800
vt 0.328771 0.601902
vt 0.315519 0.823942
vt 0.241200 0.816711
vt 0.328771 0.601902
vt 0.241200 0.816711
vt 0.241200 0.619035
vt 0.315519 0.823942
vt 0.307847 1.000000
vt 0.241200 1.000000
vt 0.315519 0.823942
vt 0.241200 1.000000
vt 0.241200 0.816711
vt 0.000000 1.477375
vt -0.175420 1.508918
vt -0.197050 1.571670
vt 0.000000 1.477375
vt -0.197050 1.571670
vt 0.000000 1.575000
vt -0.175420 1.508918
vt -0.380123 1.503855
vt -0.348900 1.462470
vt -0.175420 1.508918
vt -0.348900 1.462470
vt -0.197050 1.571670
vt -0.503855 0.675183
vt -0.386157 0.676475
vt -0.331468 0.758800
vt -0.503855 0.675183
vt -0.331468 0.758800
vt -0.462470 0.758800
vt -0.523153 1.386157
vt -0.589241 1.229231
vt -0.596235 1.231952
vt -0.523153 1.386157
vt -0.596235 1.231952
vt -0.449062 1.331468
vt 0.318239 1.589241
vt 0.320727 1.661899
vt 0.241200 1.756117
vt 0.318239 1.589241
vt 0.241200 1.756117
vt 0.241200 1.596235
vt -0.661899 1.081068
vt -0.702544 0.913954
vt -0.756117 0.907393
vt -0.661899 1.081068
vt -0.756117 0.907393
vt -0.756117 1.092607
vt 0.325611 1.702544
vt 0.320356 1.605433
vt 0.241200 1.596235
vt 0.325611 1.702544
vt 0.241200 1.596235
vt 0.241200 1.756117
vt 0.320356 1.605433
vt 0.309644 1.434940
vt 0.241200 1.449062
vt 0.320356 1.605433
vt 0.241200 1.449062
vt 0.241200 1.596235
vt 0.321044 0.690356
vt 0.416569 0.689668
vt 0.462470 0.758800
vt 0.321044 0.690356
vt 0.462470 0.758800
vt 0.331468 0.758800
vt -0.314271 0.583431
vt -0.195164 0.433802
vt -0.197050 0.428330
vt -0.314271 0.583431
vt -0.197050 0.428330
vt -0.348900 0.537530
vt 0.323584 1.195164
vt 0.331257 1.000000
vt 0.241200 1.000000
vt 0.323584 1.195164
vt 0.241200 1.000000
vt 0.241200 1.197050
vt 0.000000 0.425000
vt 0.183289 0.468253
vt 0.176058 0.489232
vt 0.000000 0.425000
vt 0.176058 0.489232
vt 0.000000 0.522625
vt 0.241200 0.816711
vt 0.241200 0.619035
vt 0.153629 0.601902
vt 0.241200 0.816711
vt 0.153629 0.601902
vt 0.166881 0.823942
vt 0.241200 0.619035
vt 0.241200 0.428800
vt 0.152940 0.439135
vt 0.241200 0.619035
vt 0.152940 0.439135
vt 0.153629 0.601902
vt 0.421622 0.758800
vt 0.245775 0.758800
vt 0.230745 0.836348
vt 0.421622 0.758800
vt 0.230745 0.836348
vt 0.413993 0.847060
vt 0.245775 0.758800
vt 0.071055 0.758800
vt 0.073693 0.831092
vt 0.245775 0.758800
vt 0.073693 0.831092
vt 0.230745 0.836348
vt 0.071055 0.758800
vt -0.071055 0.758800
vt -0.078671 0.835976
vt 0.071055 0.758800
vt -0.078671 0.835976
vt 0.073693 0.831092
vt -0.071055 0.758800
vt -0.245775 0.758800
vt -0.237044 0.838465
vt -0.071055 0.758800
vt -0.237044 0.838465
vt -0.078671 0.835976
vt 0.241200 0.368231
vt 0.241200 0.428800
vt 0.166822 0.527349
vt 0.241200 0.368231
vt 0.166822 0.527349
vt 0.161535 0.390675
vt 0.571200 1.421622
vt 0.380965 1.504971
vt 0.332246 1.440395
vt 0.571200 1.421622
vt 0.332246 1.440395
vt 0.472651 1.348880
vt 0.380965 1.504971
vt 0.183289 1.531747
vt 0.195802 1.568049
vt 0.380965 1.504971
vt 0.195802 1.568049
vt 0.332246 1.440395
vt 0.241200 0.816711
vt 0.241200 1.000000
vt 0.151143 1.000000
vt 0.241200 0.816711
vt 0.151143 1.000000
vt 0.158546 0.804198
vt 0.241200 1.000000
vt 0.241200 1.197050
vt 0.158816 1.195164
vt 0.241200 1.000000
vt 0.158816 1.195164
vt 0.151143 1.000000
vt -0.571670 0.758800
vt -0.462470 0.758800
vt -0.416569 0.827932
vt -0.571670 0.758800
vt -0.416569 0.827932
vt -0.566198 0.841184
vt -0.348900 1.462470
vt -0.449062 1.331468
vt -0.434940 1.321044
vt -0.348900 1.462470
vt -0.434940 1.321044
vt -0.314271 1.416569
vt 0.241200 1.449062
vt 0.241200 1.596235
vt 0.162044 1.605433
vt 0.241200 1.449062
vt 0.162044 1.605433
vt 0.172756 1.434940
vt -0.231952 0.758800
vt -0.092607 0.758800
vt -0.086046 0.843211
vt -0.231952 0.758800
vt -0.086046 0.843211
vt -0.235530 0.837956
vt -0.092607 0.758800
vt 0.092607 0.758800
vt 0.081068 0.838327
vt -0.092607 0.758800
vt 0.081068 0.838327
vt -0.086046 0.843211
vt -0.756117 0.907393
vt -0.596235 0.768048
vt -0.589241 0.770769
vt -0.756117 0.907393
vt -0.589241 0.770769
vt -0.661899 0.918932
vt 0.231952 0.758800
vt 0.331468 0.758800
vt 0.386157 0.841125
vt 0.231952 0.758800
vt 0.386157 0.841125
vt 0.229231 0.835839
vt -0.449062 0.668532
vt -0.348900 0.537530
vt -0.380123 0.496145
vt -0.449062 0.668532
vt -0.380123 0.496145
vt -0.523153 0.613843
vt 0.241200 1.348900
vt 0.241200 1.197050
vt 0.167150 1.175420
vt 0.241200 1.348900
vt 0.167150 1.175420
vt 0.157583 1.380123
vt 0.241200 1.197050
vt 0.241200 1.000000
vt 0.174553 1.000000
vt 0.241200 1.197050
vt 0.174553 1.000000
vt 0.167150 1.175420
vt 0.174553 1.000000
vt 0.166881 0.823942
vt 0.087724 0.827251
vt 0.174553 1.000000
vt 0.087724 0.827251
vt 0.103652 1.000000
vt 0.166881 0.823942
vt 0.153629 0.601902
vt 0.083380 0.659115
vt 0.166881 0.823942
vt 0.083380 0.659115
vt 0.087724 0.827251
vt 0.398098 0.472319
vt 0.560865 0.586007
vt 0.449078 0.668520
vt 0.398098 0.472319
vt 0.449078 0.668520
vt 0.340885 0.548154
vt 0.560865 0.586007
vt 0.593132 0.769255
vt 0.548425 0.786648
vt 0.560865 0.586007
vt 0.548425 0.786648
vt 0.449078 0.668520
vt 0.230745 0.836348
vt 0.073693 0.831092
vt 0.080854 0.925736
vt 0.230745 0.836348
vt 0.080854 0.925736
vt 0.213352 0.909709
vt 0.073693 0.831092
vt -0.078671 0.835976
vt -0.081610 0.927296
vt 0.073693 0.831092
vt -0.081610 0.927296
vt 0.080854 0.925736
vt 0.164024 0.357672
vt 0.161535 0.390675
vt 0.095693 0.471204
vt 0.164024 0.357672
vt 0.095693 0.471204
vt 0.072704 0.333679
vt 0.609325 1.237044
vt 0.472651 1.348880
vt 0.388092 1.286464
vt 0.609325 1.237044
vt 0.388092 1.286464
vt 0.528796 1.205716
vt 0.472651 1.348880
vt 0.332246 1.440395
vt 0.307747 1.407921
vt 0.472651 1.348880
vt 0.307747 1.407921
vt 0.388092 1.286464
vt -0.440395 0.831886
vt -0.568049 0.841454
vt -0.544584 0.925571
vt -0.440395 0.831886
vt -0.544584 0.925571
vt -0.407921 0.901278
vt 0.158546 0.804198
vt 0.151143 1.000000
vt 0.072854 1.000000
vt 0.158546 0.804198
vt 0.072854 1.000000
vt 0.074429 0.812286
vt 0.151143 1.000000
vt 0.158816 1.195164
vt 0.088783 1.171557
vt 0.151143 1.000000
vt 0.088783 1.171557
vt 0.072854 1.000000
vt -0.195164 1.566198
vt -0.314271 1.416569
vt -0.319834 1.423943
vt -0.195164 1.566198
vt -0.319834 1.423943
vt -0.171557 1.497712
vt 0.172068 1.314271
vt 0.172756 1.434940
vt 0.084039 1.474527
vt 0.172068 1.314271
vt 0.084039 1.474527
vt 0.093126 1.319834
vt -0.321044 0.827244
vt -0.235530 0.837956
vt -0.219116 0.913785
vt -0.321044 0.827244
vt -0.219116 0.913785
vt -0.350264 0.915961
vt -0.235530 0.837956
vt -0.086046 0.843211
vt -0.067303 0.897757
vt -0.235530 0.837956
vt -0.067303 0.897757
vt -0.219116 0.913785
vt -0.702544 1.086046
vt -0.661899 0.918932
vt -0.543344 0.933452
vt -0.702544 1.086046
vt -0.543344 0.933452
vt -0.549511 1.067303
vt -0.661899 0.918932
vt -0.589241 0.770769
vt -0.582869 0.773248
vt -0.661899 0.918932
vt -0.582869 0.773248
vt -0.543344 0.933452
vt 0.229231 0.835839
vt 0.386157 0.841125
vt 0.395280 0.936159
vt 0.229231 0.835839
vt 0.395280 0.936159
vt 0.226752 0.919186
vt 0.158875 1.523153
vt 0.157583 1.380123
vt 0.077784 1.352973
vt 0.158875 1.523153
vt 0.077784 1.352973
vt 0.063841 1.535513
vt 0.157583 1.380123
vt 0.167150 1.175420
vt 0.102077 1.156593
vt 0.157583 1.380123
vt 0.102077 1.156593
vt 0.077784 1.352973
vt 0.167150 1.175420
vt 0.174553 1.000000
vt 0.103652 1.000000
vt 0.167150 1.175420
vt 0.103652 1.000000
vt 0.102077 1.156593
vt 0.103652 1.000000
vt 0.087724 0.827251
vt 0.015410 0.845745
vt 0.103652 1.000000
vt 0.015410 0.845745
vt 0.004375 1.000000
vt 0.501170 0.912276
vt 0.451846 0.916620
vt 0.338711 0.953713
vt 0.501170 0.912276
vt 0.338711 0.953713
vt 0.447515 0.984590
vt 0.340885 0.548154
vt 0.449078 0.668520
vt 0.351182 0.740781
vt 0.340885 0.548154
vt 0.351182 0.740781
vt 0.255533 0.661289
vt 0.449078 0.668520
vt 0.548425 0.786648
vt 0.500589 0.805257
vt 0.449078 0.668520
vt 0.500589 0.805257
vt 0.351182 0.740781
vt 0.090291 0.451575
vt 0.074264 0.339845
vt -0.011654 0.393091
vt 0.090291 0.451575
vt -0.011654 0.393091
vt 0.014256 0.499411
vt 0.080854 0.925736
vt -0.081610 0.927296
vt -0.069379 0.994803
vt 0.080854 0.925736
vt -0.069379 0.994803
vt 0.074333 1.011654
vt 0.666321 1.081610
vt 0.528796 1.205716
vt 0.457150 1.177844
vt 0.666321 1.081610
vt 0.457150 1.177844
vt 0.566462 1.069379
vt 0.528796 1.205716
vt 0.388092 1.286464
vt 0.380063 1.280537
vt 0.528796 1.205716
vt 0.380063 1.280537
vt 0.457150 1.177844
vt -0.286464 0.887334
vt -0.407921 0.901278
vt -0.387604 0.981849
vt -0.286464 0.887334
vt -0.387604 0.981849
vt -0.280537 0.966186
vt 0.098722 0.692253
vt 0.074429 0.812286
vt 0.022491 0.850583
vt 0.098722 0.692253
vt 0.022491 0.850583
vt 0.018151 0.707580
vt 0.187714 1.544584
vt 0.000000 1.572934
vt 0.000000 1.420557
vt 0.187714 1.544584
vt 0.000000 1.420557
vt 0.149417 1.433480
vt 0.000000 1.572934
vt -0.171557 1.497712
vt -0.146629 1.425393
vt 0.000000 1.572934
vt -0.146629 1.425393
vt 0.000000 1.420557
vt -0.171557 1.497712
vt -0.319834 1.423943
vt -0.321860 1.426628
vt -0.171557 1.497712
vt -0.321860 1.426628
vt -0.146629 1.425393
vt 0.093126 1.319834
vt 0.084039 1.474527
vt -0.007591 1.455943
vt 0.093126 1.319834
vt -0.007591 1.455943
vt -0.004306 1.321860
vt -0.350264 0.915961
vt -0.219116 0.913785
vt -0.183185 0.972275
vt -0.350264 0.915961
vt -0.183185 0.972275
vt -0.336547 1.007591
vt -0.563240 1.219116
vt -0.549511 1.067303
vt -0.450200 1.055139
vt -0.563240 1.219116
vt -0.450200 1.055139
vt -0.470879 1.183185
vt -0.549511 1.067303
vt -0.543344 0.933452
vt -0.490647 0.939907
vt -0.549511 1.067303
vt -0.490647 0.939907
vt -0.450200 1.055139
vt 0.066548 0.896198
vt 0.226752 0.919186
vt 0.200084 0.991968
vt 0.066548 0.896198
vt 0.200084 0.991968
vt 0.060093 0.963216
vt -0.582869 0.773248
vt -0.535513 0.604720
vt -0.427062 0.684771
vt -0.582869 0.773248
vt -0.427062 0.684771
vt -0.514318 0.799916
vt -0.535513 0.604720
vt -0.352973 0.532132
vt -0.284973 0.622266
vt -0.535513 0.604720
vt -0.284973 0.622266
vt -0.427062 0.684771
vt -0.352973 0.532132
vt -0.156593 0.545702
vt -0.151467 0.560572
vt -0.352973 0.532132
vt -0.151467 0.560572
vt -0.284973 0.622266
vt 0.102077 1.156593
vt 0.103652 1.000000
vt 0.004375 1.000000
vt 0.102077 1.156593
vt 0.004375 1.000000
vt 0.019490 1.151467
vt 0.004375 1.000000
vt 0.015410 0.845745
vt -0.033133 0.879614
vt 0.004375 1.000000
vt -0.033133 0.879614
vt -0.075292 1.000000
vt 0.154255 0.552485
vt 0.255533 0.661289
vt 0.205600 0.727476
vt 0.154255 0.552485
vt 0.205600 0.727476
vt 0.120386 0.650744
vt 0.255533 0.661289
vt 0.351182 0.740781
vt 0.307499 0.773025
vt 0.255533 0.661289
vt 0.307499 0.773025
vt 0.205600 0.727476
vt 0.049573 0.648818
vt 0.014256 0.499411
vt -0.044744 0.594858
vt 0.049573 0.648818
vt -0.044744 0.594858
vt -0.020020 0.692501
vt 0.500589 0.805257
vt 0.606909 0.925667
vt 0.429985 0.947336
vt 0.500589 0.805257
vt 0.429985 0.947336
vt 0.405142 0.842389
vt 0.606909 0.925667
vt 0.566462 1.069379
vt 0.410701 1.050302
vt 0.606909 0.925667
vt 0.410701 1.050302
vt 0.429985 0.947336
vt 0.566462 1.069379
vt 0.457150 1.177844
vt 0.404547 1.157380
vt 0.566462 1.069379
vt 0.404547 1.157380
vt 0.410701 1.050302
vt -0.177844 0.966051
vt -0.280537 0.966186
vt -0.269144 1.068550
vt -0.177844 0.966051
vt -0.269144 1.068550
vt -0.157380 1.044324
vt 0.033814 0.619937
vt 0.018151 0.707580
vt -0.048870 0.755729
vt 0.033814 0.619937
vt -0.048870 0.755729
vt -0.068550 0.635372
vt 0.018151 0.707580
vt 0.022491 0.850583
vt -0.003034 0.892823
vt 0.018151 0.707580
vt -0.003034 0.892823
vt -0.048870 0.755729
vt 0.149417 1.433480
vt 0.000000 1.420557
vt 0.000000 1.314911
vt 0.149417 1.433480
vt 0.000000 1.314911
vt 0.107177 1.310937
vt 0.000000 1.420557
vt -0.146629 1.425393
vt -0.122651 1.355828
vt 0.000000 1.420557
vt -0.122651 1.355828
vt 0.000000 1.314911
vt -0.146629 1.425393
vt -0.321860 1.426628
vt -0.260784 1.345672
vt -0.146629 1.425393
vt -0.260784 1.345672
vt -0.122651 1.355828
vt -0.321860 1.426628
vt -0.455943 1.336547
vt -0.344449 1.254249
vt -0.321860 1.426628
vt -0.344449 1.254249
vt -0.260784 1.345672
vt -0.455943 1.336547
vt -0.470879 1.183185
vt -0.379553 1.147657
vt -0.455943 1.336547
vt -0.379553 1.147657
vt -0.344449 1.254249
vt -0.470879 1.183185
vt -0.450200 1.055139
vt -0.423886 1.051917
vt -0.470879 1.183185
vt -0.423886 1.051917
vt -0.379553 1.147657
vt -0.055139 0.946365
vt 0.060093 0.963216
vt 0.054278 1.046244
vt -0.055139 0.946365
vt 0.054278 1.046244
vt -0.051917 1.033736
vt 0.060093 0.963216
vt 0.200084 0.991968
vt 0.147888 1.027104
vt 0.060093 0.963216
vt 0.147888 1.027104
vt 0.054278 1.046244
vt -0.514318 0.799916
vt -0.427062 0.684771
vt -0.287321 0.787919
vt -0.514318 0.799916
vt -0.287321 0.787919
vt -0.380148 0.852112
vt -0.427062 0.684771
vt -0.284973 0.622266
vt -0.222113 0.705587
vt -0.427062 0.684771
vt -0.222113 0.705587
vt -0.287321 0.787919
vt -0.284973 0.622266
vt -0.151467 0.560572
vt -0.135859 0.605853
vt -0.284973 0.622266
vt -0.135859 0.605853
vt -0.222113 0.705587
vt 0.019490 1.151467
vt 0.004375 1.000000
vt -0.075292 1.000000
vt 0.019490 1.151467
vt -0.075292 1.000000
vt -0.068394 1.135859
vt 0.000000 0.580060
vt 0.120386 0.650744
vt 0.085107 0.753094
vt 0.000000 0.580060
vt 0.085107 0.753094
vt 0.000000 0.731444
vt 0.120386 0.650744
vt 0.205600 0.727476
vt 0.173570 0.769931
vt 0.120386 0.650744
vt 0.173570 0.769931
vt 0.085107 0.753094
vt -0.002949 0.794400
vt -0.020020 0.692501
vt -0.102685 0.750137
vt -0.002949 0.794400
vt -0.102685 0.750137
vt -0.092731 0.826430
vt 0.226975 1.020020
vt 0.157611 1.044744
vt 0.104883 1.067083
vt 0.226975 1.020020
vt 0.104883 1.067083
vt 0.184432 1.102685
vt 0.405142 0.842389
vt 0.429985 0.947336
vt 0.259846 0.968175
vt 0.405142 0.842389
vt 0.259846 0.968175
vt 0.269603 0.895117
vt 0.429985 0.947336
vt 0.410701 1.050302
vt 0.283119 1.034676
vt 0.429985 0.947336
vt 0.283119 1.034676
vt 0.259846 0.968175
vt 0.410701 1.050302
vt 0.404547 1.157380
vt 0.309040 1.120225
vt 0.410701 1.050302
vt 0.309040 1.120225
vt 0.283119 1.034676
vt 0.404547 1.157380
vt 0.364628 1.269144
vt 0.264370 1.195141
vt 0.404547 1.157380
vt 0.264370 1.195141
vt 0.309040 1.120225
vt 0.364628 1.269144
vt 0.244271 1.323783
vt 0.167481 1.221997
vt 0.364628 1.269144
vt 0.167481 1.221997
vt 0.264370 1.195141
vt 0.244271 1.323783
vt 0.107177 1.310937
vt 0.080064 1.232278
vt 0.244271 1.323783
vt 0.080064 1.232278
vt 0.167481 1.221997
vt 0.107177 1.310937
vt 0.000000 1.314911
vt 0.000000 1.256155
vt 0.107177 1.310937
vt 0.000000 1.256155
vt 0.080064 1.232278
vt 0.003864 1.000000
vt -0.038295 1.122651
vt -0.085279 1.088431
vt 0.003864 1.000000
vt -0.085279 1.088431
vt -0.071572 1.000000
vt -0.122651 1.355828
vt -0.260784 1.345672
vt -0.159445 1.211346
vt -0.122651 1.355828
vt -0.159445 1.211346
vt -0.088431 1.256550
vt -0.260784 1.345672
vt -0.344449 1.254249
vt -0.215652 1.159180
vt -0.260784 1.345672
vt -0.215652 1.159180
vt -0.159445 1.211346
vt -0.344449 1.254249
vt -0.379553 1.147657
vt -0.290698 1.113089
vt -0.344449 1.254249
vt -0.290698 1.113089
vt -0.215652 1.159180
vt -0.379553 1.147657
vt -0.423886 1.051917
vt -0.349849 1.042849
vt -0.379553 1.147657
vt -0.349849 1.042849
vt -0.290698 1.113089
vt -0.051917 1.033736
vt 0.054278 1.046244
vt 0.039998 1.101975
vt -0.051917 1.033736
vt 0.039998 1.101975
vt -0.042849 1.126432
vt -0.046244 1.443170
vt -0.027104 1.380148
vt -0.046109 1.251261
vt -0.046244 1.443170
vt -0.046109 1.251261
vt -0.101975 1.326575
vt -0.380148 0.852112
vt -0.287321 0.787919
vt -0.201145 0.851528
vt -0.380148 0.852112
vt -0.201145 0.851528
vt -0.251261 0.902252
vt -0.287321 0.787919
vt -0.222113 0.705587
vt -0.165535 0.780582
vt -0.287321 0.787919
vt -0.165535 0.780582
vt -0.201145 0.851528
vt -0.222113 0.705587
vt -0.135859 0.605853
vt -0.093473 0.728822
vt -0.222113 0.705587
vt -0.093473 0.728822
vt -0.165535 0.780582
vt -0.135859 0.605853
vt 0.000000 0.580060
vt 0.000000 0.731444
vt -0.135859 0.605853
vt 0.000000 0.731444
vt -0.093473 0.728822
vt 0.000000 0.731444
vt 0.085107 0.753094
vt 0.049210 0.857236
vt 0.000000 0.731444
vt 0.049210 0.857236
vt 0.000000 0.871286
vt 0.085107 0.753094
vt 0.173570 0.769931
vt 0.106218 0.859208
vt 0.085107 0.753094
vt 0.106218 0.859208
vt 0.049210 0.857236
vt 0.173570 0.769931
vt 0.249863 0.815568
vt 0.139579 0.896972
vt 0.173570 0.769931
vt 0.139579 0.896972
vt 0.106218 0.859208
vt 0.184432 1.102685
vt 0.104883 1.067083
vt 0.055492 1.080429
vt 0.184432 1.102685
vt 0.055492 1.080429
vt 0.103028 1.137602
vt 0.269603 0.895117
vt 0.259846 0.968175
vt 0.149959 0.981633
vt 0.269603 0.895117
vt 0.149959 0.981633
vt 0.142644 0.944508
vt 0.259846 0.968175
vt 0.283119 1.034676
vt 0.166881 1.020439
vt 0.259846 0.968175
vt 0.166881 1.020439
vt 0.149959 0.981633
vt 0.283119 1.034676
vt 0.309040 1.120225
vt 0.159909 1.062209
vt 0.283119 1.034676
vt 0.159909 1.062209
vt 0.166881 1.020439
vt 0.309040 1.120225
vt 0.264370 1.195141
vt 0.125538 1.092664
vt 0.309040 1.120225
vt 0.125538 1.092664
vt 0.159909 1.062209
vt 0.264370 1.195141
vt 0.167481 1.221997
vt 0.089833 1.119074
vt 0.264370 1.195141
vt 0.089833 1.119074
vt 0.125538 1.092664
vt 0.167481 1.221997
vt 0.080064 1.232278
vt 0.051726 1.150064
vt 0.167481 1.221997
vt 0.051726 1.150064
vt 0.089833 1.119074
vt 0.080064 1.232278
vt 0.000000 1.256155
vt 0.000000 1.160700
vt 0.080064 1.232278
vt 0.000000 1.160700
vt 0.051726 1.150064
vt -0.256155 1.071572
vt -0.256550 1.085279
vt -0.134927 1.097380
vt -0.256155 1.071572
vt -0.134927 1.097380
vt -0.160700 1.145719
vt -0.256550 1.085279
vt -0.211346 1.065555
vt -0.102678 1.052671
vt -0.256550 1.085279
vt -0.102678 1.052671
vt -0.134927 1.097380
vt -0.159445 1.211346
vt -0.215652 1.159180
vt -0.117184 1.086498
vt -0.159445 1.211346
vt -0.117184 1.086498
vt -0.077463 1.102678
vt -0.055600 1.215652
vt -0.091203 1.290698
vt -0.133997 1.166401
vt -0.055600 1.215652
vt -0.133997 1.166401
vt -0.076825 1.117184
vt -0.290698 1.113089
vt -0.349849 1.042849
vt -0.186330 1.022821
vt -0.290698 1.113089
vt -0.186330 1.022821
vt -0.166401 1.064735
vt -0.349849 1.042849
vt -0.326575 0.960002
vt -0.169408 0.979251
vt -0.349849 1.042849
vt -0.169408 0.979251
vt -0.186330 1.022821
vt -0.326575 0.960002
vt -0.251261 0.902252
vt -0.149136 0.941982
vt -0.326575 0.960002
vt -0.149136 0.941982
vt -0.169408 0.979251
vt -0.251261 0.902252
vt -0.201145 0.851528
vt -0.131226 0.903138
vt -0.251261 0.902252
vt -0.131226 0.903138
vt -0.149136 0.941982
vt -0.201145 0.851528
vt -0.165535 0.780582
vt -0.093848 0.875604
vt -0.201145 0.851528
vt -0.093848 0.875604
vt -0.131226 0.903138
vt -0.165535 0.780582
vt -0.093473 0.728822
vt -0.043992 0.872374
vt -0.165535 0.780582
vt -0.043992 0.872374
vt -0.093848 0.875604
vt -0.093473 0.728822
vt 0.000000 0.731444
vt 0.000000 0.871286
vt -0.093473 0.728822
vt 0.000000 0.871286
vt -0.043992 0.872374
vt 0.128714 1.068708
vt 0.142764 1.117046
vt 0.020243 1.136039
vt 0.128714 1.068708
vt 0.020243 1.136039
vt 0.018356 1.087030
vt 0.049210 0.857236
vt 0.106218 0.859208
vt 0.013596 0.981979
vt 0.049210 0.857236
vt 0.013596 0.981979
vt 0.006978 0.979757
vt 0.140792 1.161755
vt 0.103028 1.137602
vt 0.013075 1.115810
vt 0.140792 1.161755
vt 0.013075 1.115810
vt 0.018021 1.141848
vt 0.139579 0.896972
vt 0.142644 0.944508
vt 0.021471 0.991647
vt 0.139579 0.896972
vt 0.021471 0.991647
vt 0.017714 0.986925
vt -0.080429 0.857356
vt -0.069531 0.850041
vt -0.144407 0.974942
vt -0.080429 0.857356
vt -0.144407 0.974942
vt -0.118340 0.978529
vt -0.069531 0.850041
vt -0.104595 0.833119
vt -0.132643 0.975706
vt -0.069531 0.850041
vt -0.132643 0.975706
vt -0.144407 0.974942
vt -0.104595 0.833119
vt -0.119359 0.840091
vt -0.082106 0.980693
vt -0.104595 0.833119
vt -0.082106 0.980693
vt -0.132643 0.975706
vt -0.119359 0.840091
vt -0.099496 0.874462
vt -0.068476 0.984635
vt -0.119359 0.840091
vt -0.068476 0.984635
vt -0.082106 0.980693
vt -0.099496 0.874462
vt -0.099597 0.910167
vt -0.121836 0.987114
vt -0.099496 0.874462
vt -0.121836 0.987114
vt -0.068476 0.984635
vt -0.119074 1.099597
vt -0.150064 1.135366
vt -0.022089 1.170441
vt -0.119074 1.099597
vt -0.022089 1.170441
vt -0.017080 1.121836
vt -0.150064 1.135366
vt -0.160700 1.145719
vt -0.021885 1.150129
vt -0.150064 1.135366
vt -0.021885 1.150129
vt -0.022089 1.170441
vt -0.160700 1.145719
vt -0.134927 1.097380
vt -0.018369 1.101120
vt -0.160700 1.145719
vt -0.018369 1.101120
vt -0.021885 1.150129
vt -0.046508 1.134927
vt -0.077463 1.102678
vt -0.011944 1.015832
vt -0.046508 1.134927
vt -0.011944 1.015832
vt -0.006332 1.018369
vt -0.102678 1.052671
vt -0.086498 1.076825
vt -0.013278 1.121349
vt -0.102678 1.052671
vt -0.013278 1.121349
vt -0.015832 1.095311
vt -0.117184 1.086498
vt -0.166401 1.064735
vt -0.021500 1.008364
vt -0.117184 1.086498
vt -0.021500 1.008364
vt -0.017988 1.013278
vt -0.133997 1.166401
vt -0.144895 1.186330
vt -0.092752 1.021701
vt -0.133997 1.166401
vt -0.092752 1.021701
vt -0.118819 1.021500
vt -0.144895 1.186330
vt -0.109831 1.169408
vt -0.104516 1.022466
vt -0.144895 1.186330
vt -0.104516 1.022466
vt -0.092752 1.021701
vt -0.109831 1.169408
vt -0.095068 1.149136
vt -0.155053 1.023664
vt -0.109831 1.169408
vt -0.155053 1.023664
vt -0.104516 1.022466
vt -0.095068 1.149136
vt -0.114931 1.131226
vt -0.168683 1.020337
vt -0.095068 1.149136
vt -0.168683 1.020337
vt -0.155053 1.023664
vt -0.114931 1.131226
vt -0.114829 1.093848
vt -0.115323 1.012654
vt -0.114931 1.131226
vt -0.115323 1.012654
vt -0.168683 1.020337
vt 0.124396 1.114829
vt 0.127626 1.079061
vt 0.016523 1.066718
vt 0.124396 1.114829
vt 0.016523 1.066718
vt 0.016774 1.115323
vt 0.127626 1.079061
vt 0.128714 1.068708
vt 0.018356 1.087030
vt 0.127626 1.079061
vt 0.018356 1.087030
vt 0.016523 1.066718
vt -0.000000 1.000000
vt 0.044177 0.984772
vt 0.043771 1.000000
vt -0.000000 1.000000
vt 0.034160 0.974229
vt 0.044177 0.984772
vt -0.000000 1.000000
vt 0.022683 0.969270
vt 0.034160 0.974229
vt -0.000000 1.000000
vt 0.015022 0.961385
vt 0.022683 0.969270
vt -0.000000 1.000000
vt 0.005951 0.951413
vt 0.015022 0.961385
vt -0.000000 1.000000
vt -0.006138 0.949884
vt 0.005951 0.951413
vt -0.000000 1.000000
vt -0.016706 0.957057
vt -0.006138 0.949884
vt -0.000000 1.000000
vt -0.026150 0.964573
vt -0.016706 0.957057
vt -0.000000 1.000000
vt -0.036043 0.972808
vt -0.026150 0.964573
vt -0.000000 1.000000
vt -0.040485 0.986045
vt -0.036043 0.972808
vt -0.000000 1.000000
vt -0.036713 1.000000
vt -0.040485 0.986045
vt -0.000000 1.000000
vt -0.033046 1.011391
vt -0.036713 1.000000
vt -0.000000 1.000000
vt -0.033547 1.025309
vt -0.033046 1.011391
vt -0.000000 1.000000
vt -0.030023 1.040674
vt -0.033547 1.025309
vt -0.000000 1.000000
vt -0.018412 1.047328
vt -0.030023 1.040674
vt -0.000000 1.000000
vt -0.005503 1.044932
vt -0.018412 1.047328
vt -0.000000 1.000000
vt 0.005316 1.043403
vt -0.005503 1.044932
vt -0.000000 1.000000
vt 0.016728 1.043000
vt 0.005316 1.043403
vt -0.000000 1.000000
vt 0.026556 1.035977
vt 0.016728 1.043000
vt -0.000000 1.000000
vt 0.031664 1.023888
vt 0.026556 1.035977
vt -0.000000 1.000000
vt 0.036738 1.012663
vt 0.031664 1.023888
vt -0.000000 1.000000
vt 0.043771 1.000000
vt 0.036738 1.012663
vt -0.000000 1.000000
vt 0.036713 1.000000
vt 0.040485 0.986045
vt -0.000000 1.000000
vt 0.040485 0.986045
vt 0.036043 0.972808
vt -0.000000 1.000000
vt 0.036043 0.972808
vt 0.026150 0.964573
vt -0.000000 1.000000
vt 0.026150 0.964573
vt 0.016706 0.957057
vt -0.000000 1.000000
vt 0.016706 0.957057
vt 0.006138 0.949884
vt -0.000000 1.000000
vt 0.006138 0.949884
vt -0.005951 0.951413
vt -0.000000 1.000000
vt -0.005951 0.951413
vt -0.015022 0.961385
vt -0.000000 1.000000
vt -0.015022 0.961385
vt -0.022683 0.969270
vt -0.000000 1.000000
vt -0.022683 0.969270
vt -0.034160 0.974229
vt -0.000000 1.000000
vt -0.034160 0.974229
vt -0.044177 0.984772
vt -0.000000 1.000000
vt -0.044177 0.984772
vt -0.043771 1.000000
vt -0.000000 1.000000
vt -0.043771 1.000000
vt -0.036738 1.012663
vt -0.000000 1.000000
vt -0.036738 1.012663
vt -0.031664 1.023888
vt -0.000000 1.000000
vt -0.031664 1.023888
vt -0.026556 1.035977
vt -0.000000 1.000000
vt -0.026556 1.035977
vt -0.016728 1.043000
vt -0.000000 1.000000
vt -0.016728 1.043000
vt -0.005316 1.043403
vt -0.000000 1.000000
vt -0.005316 1.043403
vt 0.005503 1.044932
vt -0.000000 1.000000
vt 0.005503 1.044932
vt 0.018412 1.047328
vt -0.000000 1.000000
vt 0.018412 1.047328
vt 0.030023 1.040674
vt -0.000000 1.000000
vt 0.030023 1.040674
vt 0.033547 1.025309
vt -0.000000 1.000000
vt 0.033547 1.025309
vt 0.033046 1.011391
vt -0.000000 1.000000
vt 0.033046 1.011391
vt 0.036713 1.000000
f 1/1/1 2/2/2 3/3/3
f 4/4/4 5/5/5 6/6/6
f 7/7/7 8/8/8 9/9/9
f 10/10/10 11/11/11 12/12/12
f 13/13/13 14/14/14 15/15/15
f 16/16/16 17/17/17 18/18/18
f 19/19/19 20/20/20 21/21/21
f 22/22/22 23/23/23 24/24/24
f 25/25/25 26/26/26 27/27/27
f 28/28/28 29/29/29 30/30/30
f 31/31/31 32/32/32 33/33/33
f 34/34/34 35/35/35 36/36/36
f 37/37/37 38/38/38 39/39/39
f 40/40/40 41/41/41 42/42/42
f 43/43/43 44/44/44 45/45/45
f 46/46/46 47/47/47 48/48/48
f 49/49/49 50/50/50 51/51/51
f 52/52/52 53/53/53 54/54/54
f 55/55/55 56/56/56 57/57/57
f 58/58/58 59/59/59 60/60/60
f 61/61/61 62/62/62 63/63/63
f 64/64/64 65/65/65 66/66/66
f 67/67/67 68/68/68 69/69/69
f 70/70/70 71/71/71 72/72/72
f 73/73/73 74/74/74 75/75/75
f 76/76/76 77/77/77 78/78/78
f 79/79/79 80/80/80 81/81/81
f 82/82/82 83/83/83 84/84/84
f 85/85/85 86/86/86 87/87/87
f 88/88/88 89/89/89 90/90/90
f 91/91/91 92/92/92 93/93/93
f 94/94/94 95/95/95 96/96/96
f 97/97/97 98/98/98 99/99/99
f 100/100/100 101/101/101 102/102/102
f 103/103/103 104/104/104 105/105/105
f 106/106/106 107/107/107 108/108/108
f 109/109/109 110/110/110 111/111/111
f 112/112/112 113/113/113 114/114/114
f 115/115/115 116/116/116 117/117/117
f 118/118/118 119/119/119 120/120/120
f 121/121/121 122/122/122 123/123/123
f 124/124/124 125/125/125 126/126/126
f 127/127/127 128/128/128 129/129/129
f 130/130/130 131/131/131 132/132/132
f 133/133/133 134/134/134 135/135/135
f 136/136/136 137/137/137 138/138/138
f 139/139/139 140/140/140 141/141/141
f 142/142/142 143/143/143 144/144/144
f 145/145/145 146/146/146 147/147/147
f 148/148/148 149/149/149 150/150/150
f 151/151/151 152/152/152 153/153/153
f 154/154/154 155/155/155 156/156/156
f 157/157/157 158/158/158 159/159/159
f 160/160/160 161/161/161 162/162/162
f 163/163/163 164/164/164 165/165/165
f 166/166/166 167/167/167 168/168/168
f 169/169/169 170/170/170 171/171/171
f 172/172/172 173/173/173 174/174/174
f 175/175/175 176/176/176 177/177/177
f 178/178/178 179/179/179 180/180/180
f 181/181/181 182/182/182 183/183/183
f 184/184/184 185/185/185 186/186/186
f 187/187/187 188/188/188 189/189/189
f 190/190/190 191/191/191 192/192/192
f 193/193/193 194/194/194 195/195/195
f 196/196/196 197/197/197 198/198/198
f 199/199/199 200/200/200 201/201/201
f 202/202/202 203/203/203 204/204/204
f 205/205/205 206/206/206 207/207/207
f 208/208/208 209/209/209 210/210/210
f 211/211/211 212/212/212 213/213/213
f 214/214/214 215/215/215 216/216/216
f 217/217/217 218/218/218 219/219/219
f 220/220/220 221/221/221 222/222/222
f 223/223/223 224/224/224 225/225/225
f 226/226/226 227/227/227 228/228/228
f 229/229/229 230/230/230 231/231/231
f 232/232/232 233/233/233 234/234/234
f 235/235/235 236/236/236 237/237/237
f 238/238/238 239/239/239 240/240/240
f 241/241/241 242/242/242 243/243/243
f 244/244/244 245/245/245 246/246/246
f 247/247/247 248/248/248 249/249/249
f 250/250/250 251/251/251 252/252/252
f 253/253/253 254/254/254 255/255/255
f 256/256/256 257/257/257 258/258/258
f 259/259/259 260/260/260 261/261/261
f 262/262/262 263/263/263 264/264/264
f 265/265/265 266/266/266 267/267/267
f 268/268/268 269/269/269 270/270/270
f 271/271/271 272/272/272 273/273/273
f 274/274/274 275/275/275 276/276/276
f 277/277/277 278/278/278 279/279/279
f 280/280/280 281/281/281 282/282/282
f 283/283/283 284/284/284 285/285/285
f 286/286/286 287/287/287 288/288/288
f 289/289/289 290/290/290 291/291/291
f 292/292/292 293/293/293 294/294/294
f 295/295/295 296/296/296 297/297/297
f 298/298/298 299/299/299 300/300/300
f 301/301/301 302/302/302 303/303/303
f 304/304/304 305/305/305 306/306/306
f 307/307/307 308/308/308 309/309/309
f 310/310/310 311/311/311 312/312/312
f 313/313/313 314/314/314 315/315/315
f 316/316/316 317/317/317 318/318/318
f 319/319/319 320/320/320 321/321/321
f 322/322/322 323/323/323 324/324/324
f 325/325/325 326/326/326 327/327/327
f 328/328/328 329/329/329 330/330/330
f 331/331/331 332/332/332 333/333/333
f 334/334/334 335/335/335 336/336/336
f 337/337/337 338/338/338 339/339/339
f 340/340/340 341/341/341 342/342/342
f 343/343/343 344/344/344 345/345/345
f 346/346/346 347/347/347 348/348/348
f 349/349/349 350/350/350 351/351/351
f 352/352/352 353/353/353 354/354/354
f 355/355/355 356/356/356 357/357/357
f 358/358/358 359/359/359 360/360/360
f 361/361/361 362/362/362 363/363/363
f 364/364/364 365/365/365 366/366/366
f 367/367/367 368/368/368 369/369/369
f 370/370/370 371/371/371 372/372/372
f 373/373/373 374/374/374 375/375/375
f 376/376/376 377/377/377 378/378/378
f 379/379/379 380/380/380 381/381/381
f 382/382/382 383/383/383 384/384/384
f 385/385/385 386/386/386 387/387/387
f 388/388/388 389/389/389 390/390/390
f 391/391/391 392/392/392 393/393/393
f 394/394/394 395/395/395 396/396/396
f 397/397/397 398/398/398 399/399/399
f 400/400/400 401/401/401 402/402/402
f 403/403/403 404/404/404 405/405/405
f 406/406/406 407/407/407 408/408/408
f 409/409/409 410/410/410 411/411/411
f 412/412/412 413/413/413 414/414/414
f 415/415/415 416/416/416 417/417/417
f 418/418/418 419/419/419 420/420/420
f 421/421/421 422/422/422 423/423/423
f 424/424/424 425/425/425 426/426/426
f 427/427/427 428/428/428 429/429/429
f 430/430/430 431/431/431 432/432/432
f 433/433/433 434/434/434 435/435/435
f 436/436/436 437/437/437 438/438/438
f 439/439/439 440/440/440 441/441/441
f 442/442/442 443/443/443 444/444/444
f 445/445/445 446/446/446 447/447/447
f 448/448/448 449/449/449 450/450/450
f 451/451/451 452/452/452 453/453/453
f 454/454/454 455/455/455 456/456/456
f 457/457/457 458/458/458 459/459/459
f 460/460/460 461/461/461 462/462/462
f 463/463/463 464/464/464 465/465/465
f 466/466/466 467/467/467 468/468/468
f 469/469/469 470/470/470 471/471/471
f 472/472/472 473/473/473 474/474/474
f 475/475/475 476/476/476 477/477/477
f 478/478/478 479/479/479 480/480/480
f 481/481/481 482/482/482 483/483/483
f 484/484/484 485/485/485 486/486/486
f 487/487/487 488/488/488 489/489/489
f 490/490/490 491/491/491 492/492/492
f 493/493/493 494/494/494 495/495/495
f 496/496/496 497/497/497 498/498/498
f 499/499/499 500/500/500 501/501/501
f 502/502/502 503/503/503 504/504/504
f 505/505/505 506/506/506 507/507/507
f 508/508/508 509/509/509 510/510/510
f 511/511/511 512/512/512 513/513/513
f 514/514/514 515/515/515 516/516/516
f 517/517/517 518/518/518 519/519/519
f 520/520/520 521/521/521 522/522/522
f 523/523/523 524/524/524 525/525/525
f 526/526/526 527/527/527 528/528/528
f 529/529/529 530/530/530 531/531/531
f 532/532/532 533/533/533 534/534/534
f 535/535/535 536/536/536 537/537/537
f 538/538/538 539/539/539 540/540/540
f 541/541/541 542/542/542 543/543/543
f 544/544/544 545/545/545 546/546/546
f 547/547/547 548/548/548 549/549/549
f 550/550/550 551/551/551 552/552/552
f 553/553/553 554/554/554 555/555/555
f 556/556/556 557/557/557 558/558/558
f 559/559/559 560/560/560 561/561/561
f 562/562/562 563/563/563 564/564/564
f 565/565/565 566/566/566 567/567/567
f 568/568/568 569/569/569 570/570/570
f 571/571/571 572/572/572 573/573/573
f 574/574/574 575/575/575 576/576/576
f 577/577/577 578/578/578 579/579/579
f 580/580/580 581/581/581 582/582/582
f 583/583/583 584/584/584 585/585/585
f 586/586/586 587/587/587 588/588/588
f 589/589/589 590/590/590 591/591/591
f 592/592/592 593/593/593 594/594/594
f 595/595/595 596/596/596 597/597/597
f 598/598/598 599/599/599 600/600/600
f 601/601/601 602/602/602 603/603/603
f 604/604/604 605/605/605 606/606/606
f 607/607/607 608/608/608 609/609/609
f 610/610/610 611/611/611 612/612/612
f 613/613/613 614/614/614 615/615/615
f 616/616/616 617/617/617 618/618/618
f 619/619/619 620/620/620 621/621/621
f 622/622/622 623/623/623 624/624/624
f 625/625/625 626/626/626 627/627/627
f 628/628/628 629/629/629 630/630/630
f 631/631/631 632/632/632 633/633/633
f 634/634/634 635/635/635 636/636/636
f 637/637/637 638/638/638 639/639/639
f 640/640/640 641/641/641 642/642/642
f 643/643/643 644/644/644 645/645/645
f 646/646/646 647/647/647 648/648/648
f 649/649/649 650/650/650 651/651/651
f 652/652/652 653/653/653 654/654/654
f 655/655/655 656/656/656 657/657/657
f 658/658/658 659/659/659 660/660/660
f 661/661/661 662/662/662 663/663/663
f 664/664/664 665/665/665 666/666/666
f 667/667/667 668/668/668 669/669/669
f 670/670/670 671/671/671 672/672/672
f 673/673/673 674/674/674 675/675/675
f 676/676/676 677/677/677 678/678/678
f 679/679/679 680/680/680 681/681/681
f 682/682/682 683/683/683 684/684/684
f 685/685/685 686/686/686 687/687/687
f 688/688/688 689/689/689 690/690/690
f 691/691/691 692/692/692 693/693/693
f 694/694/694 695/695/695 696/696/696
f 697/697/697 698/698/698 699/699/699
f 700/700/700 701/701/701 702/702/702
f 703/703/703 704/704/704 705/705/705
f 706/706/706 707/707/707 708/708/708
f 709/709/709 710/710/710 711/711/711
f 712/712/712 713/713/713 714/714/714
f 715/715/715 716/716/716 717/717/717
f 718/718/718 719/719/719 720/720/720
f 721/721/721 722/722/722 723/723/723
f 724/724/724 725/725/725 726/726/726
f 727/727/727 728/728/728 729/729/729
f 730/730/730 731/731/731 732/732/732
f 733/733/733 734/734/734 735/735/735
f 736/736/736 737/737/737 738/738/738
f 739/739/739 740/740/740 741/741/741
f 742/742/742 743/743/743 744/744/744
f 745/745/745 746/746/746 747/747/747
f 748/748/748 749/749/749 750/750/750
f 751/751/751 752/752/752 753/753/753
f 754/754/754 755/755/755 756/756/756
f 757/757/757 758/758/758 759/759/759
f 760/760/760 761/761/761 762/762/762
f 763/763/763 764/764/764 765/765/765
f 766/766/766 767/767/767 768/768/768
f 769/769/769 770/770/770 771/771/771
f 772/772/772 773/773/773 774/774/774
f 775/775/775 776/776/776 777/777/777
f 778/778/778 779/779/779 780/780/780
f 781/781/781 782/782/782 783/783/783
f 784/784/784 785/785/785 786/786/786
f 787/787/787 788/788/788 789/789/789
f 790/790/790 791/791/791 792/792/792
f 793/793/793 794/794/794 795/795/795
f 796/796/796 797/797/797 798/798/798
f 799/799/799 800/800/800 801/801/801
f 802/802/802 803/803/803 804/804/804
f 805/805/805 806/806/806 807/807/807
f 808/808/808 809/809/809 810/810/810
f 811/811/811 812/812/812 813/813/813
f 814/814/814 815/815/815 816/816/816
f 817/817/817 818/818/818 819/819/819
f 820/820/820 821/821/821 822/822/822
f 823/823/823 824/824/824 825/825/825
f 826/826/826 827/827/827 828/828/828
f 829/829/829 830/830/830 831/831/831
f 832/832/832 833/833/833 834/834/834
f 835/835/835 836/836/836 837/837/837
f 838/838/838 839/839/839 840/840/840
f 841/841/841 842/842/842 843/843/843
f 844/844/844 845/845/845 846/846/846
f 847/847/847 848/848/848 849/849/849
f 850/850/850 851/851/851 852/852/852
f 853/853/853 854/854/854 855/855/855
f 856/856/856 857/857/857 858/858/858
f 859/859/859 860/860/860 861/861/861
f 862/862/862 863/863/863 864/864/864
f 865/865/865 866/866/866 867/867/867
f 868/868/868 869/869/869 870/870/870
f 871/871/871 872/872/872 873/873/873
f 874/874/874 875/875/875 876/876/876
f 877/877/877 878/878/878 879/879/879
f 880/880/880 881/881/881 882/882/882
f 883/883/883 884/884/884 885/885/885
f 886/886/886 887/887/887 888/888/888
f 889/889/889 890/890/890 891/891/891
f 892/892/892 893/893/893 894/894/894
f 895/895/895 896/896/896 897/897/897
f 898/898/898 899/899/899 900/900/900
f 901/901/901 902/902/902 903/903/903
f 904/904/904 905/905/905 906/906/906
f 907/907/907 908/908/908 909/909/909
f 910/910/910 911/911/911 912/912/912
f 913/913/913 914/914/914 915/915/915
f 916/916/916 917/917/917 918/918/918
f 919/919/919 920/920/920 921/921/921
f 922/922/922 923/923/923 924/924/924
f 925/925/925 926/926/926 927/927/927
f 928/928/928 929/929/929 930/930/930
f 931/931/931 932/932/932 933/933/933
f 934/934/934 935/935/935 936/936/936
f 937/937/937 938/938/938 939/939/939
f 940/940/940 941/941/941 942/942/942
f 943/943/943 944/944/944 945/945/945
f 946/946/946 947/947/947 948/948/948
f 949/949/949 950/950/950 951/951/951
f 952/952/952 953/953/953 954/954/954
f 955/955/955 956/956/956 957/957/957
f 958/958/958 959/959/959 960/960/960
f 961/961/961 962/962/962 963/963/963
f 964/964/964 965/965/965 966/966/966
f 967/967/967 968/968/968 969/969/969
f 970/970/970 971/971/971 972/972/972
f 973/973/973 974/974/974 975/975/975
f 976/976/976 977/977/977 978/978/978
f 979/979/979 980/980/980 981/981/981
f 982/982/982 983/983/983 984/984/984
f 985/985/985 986/986/986 987/987/987
f 988/988/988 989/989/989 990/990/990
f 991/991/991 992/992/992 993/993/993
f 994/994/994 995/995/995 996/996/996
f 997/997/997 998/998/998 999/999/999
f 1000/1000/1000 1001/1001/1001 1002/1002/1002
f 1003/1003/1003 1004/1004/1004 1005/1005/1005
f 1006/1006/1006 1007/1007/1007 1008/1008/1008
f 1009/1009/1009 1010/1010/1010 1011/1011/1011
f 1012/1012/1012 1013/1013/1013 1014/1014/1014
f 1015/1015/1015 1016/1016/1016 1017/1017/1017
f 1018/1018/1018 1019/1019/1019 1020/1020/1020
f 1021/1021/1021 1022/1022/1022 1023/1023/1023
f 1024/1024/1024 1025/1025/1025 1026/1026/1026
f 1027/1027/1027 1028/1028/1028 1029/1029/1029
f 1030/1030/1030 1031/1031/1031 1032/1032/1032
f 1033/1033/1033 1034/1034/1034 1035/1035/1035
f 1036/1036/1036 1037/1037/1037 1038/1038/1038
f 1039/1039/1039 1040/1040/1040 1041/1041/1041
f 1042/1042/1042 1043/1043/1043 1044/1044/1044
f 1045/1045/1045 1046/1046/1046 1047/1047/1047
f 1048/1048/1048 1049/1049/1049 1050/1050/1050
f 1051/1051/1051 1052/1052/1052 1053/1053/1053
f 1054/1054/1054 1055/1055/1055 1056/1056/1056
f 1057/1057/1057 1058/1058/1058 1059/1059/1059
f 1060/1060/1060 1061/1061/1061 1062/1062/1062
f 1063/1063/1063 1064/1064/1064 1065/1065/1065
f 1066/1066/1066 1067/1067/1067 1068/1068/1068
f 1069/1069/1069 1070/1070/1070 1071/1071/1071
f 1072/1072/1072 1073/1073/1073 1074/1074/1074
f 1075/1075/1075 1076/1076/1076 1077/1077/1077
f 1078/1078/1078 1079/1079/1079 1080/1080/1080
f 1081/1081/1081 1082/1082/1082 1083/1083/1083
f 1084/1084/1084 1085/1085/1085 1086/1086/1086
f 1087/1087/1087 1088/1088/1088 1089/1089/1089
f 1090/1090/1090 1091/1091/1091 1092/1092/1092
f 1093/1093/1093 1094/1094/1094 1095/1095/1095
f 1096/1096/1096 1097/1097/1097 1098/1098/1098
f 1099/1099/1099 1100/1100/1100 1101/1101/1101
f 1102/1102/1102 1103/1103/1103 1104/1104/1104
f 1105/1105/1105 1106/1106/1106 1107/1107/1107
f 1108/1108/1108 1109/1109/1109 1110/1110/1110
f 1111/1111/1111 1112/1112/1112 1113/1113/1113
f 1114/1114/1114 1115/1115/1115 1116/1116/1116
f 1117/1117/1117 1118/1118/1118 1119/1119/1119
f 1120/1120/1120 1121/1121/1121 1122/1122/1122
f 1123/1123/1123 1124/1124/1124 1125/1125/1125
f 1126/1126/1126 1127/1127/1127 1128/1128/1128
f 1129/1129/1129 1130/1130/1130 1131/1131/1131
f 1132/1132/1132 1133/1133/1133 1134/1134/1134
f 1135/1135/1135 1136/1136/1136 1137/1137/1137
f 1138/1138/1138 1139/1139/1139 1140/1140/1140
f 1141/1141/1141 1142/1142/1142 1143/1143/1143
f 1144/1144/1144 1145/1145/1145 1146/1146/1146
f 1147/1147/1147 1148/1148/1148 1149/1149/1149
f 1150/1150/1150 1151/1151/1151 1152/1152/1152
f 1153/1153/1153 1154/1154/1154 1155/1155/1155
f 1156/1156/1156 1157/1157/1157 1158/1158/1158
f 1159/1159/1159 1160/1160/1160 1161/1161/1161
f 1162/1162/1162 1163/1163/1163 1164/1164/1164
f 1165/1165/1165 1166/1166/1166 1167/1167/1167
f 1168/1168/1168 1169/1169/1169 1170/1170/1170
f 1171/1171/1171 1172/1172/1172 1173/1173/1173
f 1174/1174/1174 1175/1175/1175 1176/1176/1176
f 1177/1177/1177 1178/1178/1178 1179/1179/1179
f 1180/1180/1180 1181/1181/1181 1182/1182/1182
f 1183/1183/1183 1184/1184/1184 1185/1185/1185
f 1186/1186/1186 1187/1187/1187 1188/1188/1188
f 1189/1189/1189 1190/1190/1190 1191/1191/1191
f 1192/1192/1192 1193/1193/1193 1194/1194/1194
f 1195/1195/1195 1196/1196/1196 1197/1197/1197
f 1198/1198/1198 1199/1199/1199 1200/1200/1200
f 1201/1201/1201 1202/1202/1202 1203/1203/1203
f 1204/1204/1204 1205/1205/1205 1206/1206/1206
f 1207/1207/1207 1208/1208/1208 1209/1209/1209
f 1210/1210/1210 1211/1211/1211 1212/1212/1212
f 1213/1213/1213 1214/1214/1214 1215/1215/1215
f 1216/1216/1216 1217/1217/1217 1218/1218/1218
f 1219/1219/1219 1220/1220/1220 1221/1221/1221
f 1222/1222/1222 1223/1223/1223 1224/1224/1224
f 1225/1225/1225 1226/1226/1226 1227/1227/1227
f 1228/1228/1228 1229/1229/1229 1230/1230/1230
f 1231/1231/1231 1232/1232/1232 1233/1233/1233
f 1234/1234/1234 1235/1235/1235 1236/1236/1236
f 1237/1237/1237 1238/1238/1238 1239/1239/1239
f 1240/1240/1240 1241/1241/1241 1242/1242/1242
f 1243/1243/1243 1244/1244/1244 1245/1245/1245
f 1246/1246/1246 1247/1247/1247 1248/1248/1248
f 1249/1249/1249 1250/1250/1250 1251/1251/1251
f 1252/1252/1252 1253/1253/1253 1254/1254/1254
f 1255/1255/1255 1256/1256/1256 1257/1257/1257
f 1258/1258/1258 1259/1259/1259 1260/1260/1260
f 1261/1261/1261 1262/1262/1262 1263/1263/1263
f 1264/1264/1264 1265/1265/1265 1266/1266/1266
f 1267/1267/1267 1268/1268/1268 1269/1269/1269
f 1270/1270/1270 1271/1271/1271 1272/1272/1272
f 1273/1273/1273 1274/1274/1274 1275/1275/1275
f 1276/1276/1276 1277/1277/1277 1278/1278/1278
f 1279/1279/1279 1280/1280/1280 1281/1281/1281
f 1282/1282/1282 1283/1283/1283 1284/1284/1284
f 1285/1285/1285 1286/1286/1286 1287/1287/1287
f 1288/1288/1288 1289/1289/1289 1290/1290/1290
f 1291/1291/1291 1292/1292/1292 1293/1293/1293
f 1294/1294/1294 1295/1295/1295 1296/1296/1296
f 1297/1297/1297 1298/1298/1298 1299/1299/1299
f 1300/1300/1300 1301/1301/1301 1302/1302/1302
f 1303/1303/1303 1304/1304/1304 1305/1305/1305
f 1306/1306/1306 1307/1307/1307 1308/1308/1308
f 1309/1309/1309 1310/1310/1310 1311/1311/1311
f 1312/1312/1312 1313/1313/1313 1314/1314/1314
f 1315/1315/1315 1316/1316/1316 1317/1317/1317
f 1318/1318/1318 1319/1319/1319 1320/1320/1320
f 1321/1321/1321 1322/1322/1322 1323/1323/1323
f 1324/1324/1324 1325/1325/1325 1326/1326/1326
f 1327/1327/1327 1328/1328/1328 1329/1329/1329
f 1330/1330/1330 1331/1331/1331 1332/1332/1332
f 1333/1333/1333 1334/1334/1334 1335/1335/1335
f 1336/1336/1336 1337/1337/1337 1338/1338/1338
f 1339/1339/1339 1340/1340/1340 1341/1341/1341
f 1342/1342/1342 1343/1343/1343 1344/1344/1344
f 1345/1345/1345 1346/1346/1346 1347/1347/1347
f 1348/1348/1348 1349/1349/1349 1350/1350/1350
f 1351/1351/1351 1352/1352/1352 1353/1353/1353
f 1354/1354/1354 1355/1355/1355 1356/1356/1356
f 1357/1357/1357 1358/1358/1358 1359/1359/1359
f 1360/1360/1360 1361/1361/1361 1362/1362/1362
f 1363/1363/1363 1364/1364/1364 1365/1365/1365
f 1366/1366/1366 1367/1367/1367 1368/1368/1368
f 1369/1369/1369 1370/1370/1370 1371/1371/1371
f 1372/1372/1372 1373/1373/1373 1374/1374/1374
f 1375/1375/1375 1376/1376/1376 1377/1377/1377
f 1378/1378/1378 1379/1379/1379 1380/1380/1380
f 1381/1381/1381 1382/1382/1382 1383/1383/1383
f 1384/1384/1384 1385/1385/1385 1386/1386/1386
f 1387/1387/1387 1388/1388/1388 1389/1389/1389
f 1390/1390/1390 1391/1391/1391 1392/1392/1392
f 1393/1393/1393 1394/1394/1394 1395/1395/1395
f 1396/1396/1396 1397/1397/1397 1398/1398/1398
f 1399/1399/1399 1400/1400/1400 1401/1401/1401
f 1402/1402/1402 1403/1403/1403 1404/1404/1404
f 1405/1405/1405 1406/1406/1406 1407/1407/1407
f 1408/1408/1408 1409/1409/1409 1410/1410/1410
f 1411/1411/1411 1412/1412/1412 1413/1413/1413
f 1414/1414/1414 1415/1415/1415 1416/1416/1416
f 1417/1417/1417 1418/1418/1418 1419/1419/1419
f 1420/1420/1420 1421/1421/1421 1422/1422/1422
f 1423/1423/1423 1424/1424/1424 1425/1425/1425
f 1426/1426/1426 1427/1427/1427 1428/1428/1428
f 1429/1429/1429 1430/1430/1430 1431/1431/1431
f 1432/1432/1432 1433/1433/1433 1434/1434/1434
f 1435/1435/1435 1436/1436/1436 1437/1437/1437
f 1438/1438/1438 1439/1439/1439 1440/1440/1440
f 1441/1441/1441 1442/1442/1442 1443/1443/1443
f 1444/1444/1444 1445/1445/1445 1446/1446/1446
f 1447/1447/1447 1448/1448/1448 1449/1449/1449
f 1450/1450/1450 1451/1451/1451 1452/1452/1452
f 1453/1453/1453 1454/1454/1454 1455/1455/1455
f 1456/1456/1456 1457/1457/1457 1458/1458/1458
f 1459/1459/1459 1460/1460/1460 1461/1461/1461
f 1462/1462/1462 1463/1463/1463 1464/1464/1464
f 1465/1465/1465 1466/1466/1466 1467/1467/1467
f 1468/1468/1468 1469/1469/1469 1470/1470/1470
f 1471/1471/1471 1472/1472/1472 1473/1473/1473
f 1474/1474/1474 1475/1475/1475 1476/1476/1476
f 1477/1477/1477 1478/1478/1478 1479/1479/1479
f 1480/1480/1480 1481/1481/1481 1482/1482/1482
f 1483/1483/1483 1484/1484/1484 1485/1485/1485
f 1486/1486/1486 1487/1487/1487 1488/1488/1488
f 1489/1489/1489 1490/1490/1490 1491/1491/1491
f 1492/1492/1492 1493/1493/1493 1494/1494/1494
f 1495/1495/1495 1496/1496/1496 1497/1497/1497
f 1498/1498/1498 1499/1499/1499 1500/1500/1500
f 1501/1501/1501 1502/1502/1502 1503/1503/1503
f 1504/1504/1504 1505/1505/1505 1506/1506/1506
f 1507/1507/1507 1508/1508/1508 1509/1509/1509
f 1510/1510/1510 1511/1511/1511 1512/1512/1512
f 1513/1513/1513 1514/1514/1514 1515/1515/1515
f 1516/1516/1516 1517/1517/1517 1518/1518/1518
f 1519/1519/1519 1520/1520/1520 1521/1521/1521
f 1522/1522/1522 1523/1523/1523 1524/1524/1524
f 1525/1525/1525 1526/1526/1526 1527/1527/1527
f 1528/1528/1528 1529/1529/1529 1530/1530/1530
f 1531/1531/1531 1532/1532/1532 1533/1533/1533
f 1534/1534/1534 1535/1535/1535 1536/1536/1536
f 1537/1537/1537 1538/1538/1538 1539/1539/1539
f 1540/1540/1540 1541/1541/1541 1542/1542/1542
f 1543/1543/1543 1544/1544/1544 1545/1545/1545
f 1546/1546/1546 1547/1547/1547 1548/1548/1548
f 1549/1549/1549 1550/1550/1550 1551/1551/1551
f 1552/1552/1552 1553/1553/1553 1554/1554/1554
f 1555/1555/1555 1556/1556/1556 1557/1557/1557
f 1558/1558/1558 1559/1559/1559 1560/1560/1560
f 1561/1561/1561 1562/1562/1562 1563/1563/1563
f 1564/1564/1564 1565/1565/1565 1566/1566/1566
f 1567/1567/1567 1568/1568/1568 1569/1569/1569
f 1570/1570/1570 1571/1571/1571 1572/1572/1572
f 1573/1573/1573 1574/1574/1574 1575/1575/1575
f 1576/1576/1576 1577/1577/1577 1578/1578/1578
f 1579/1579/1579 1580/1580/1580 1581/1581/1581
f 1582/1582/1582 1583/1583/1583 1584/1584/1584
f 1585/1585/1585 1586/1586/1586 1587/1587/1587
f 1588/1588/1588 1589/1589/1589 1590/1590/1590
f 1591/1591/1591 1592/1592/1592 1593/1593/1593
f 1594/1594/1594 1595/1595/1595 1596/1596/1596
f 1597/1597/1597 1598/1598/1598 1599/1599/1599
f 1600/1600/1600 1601/1601/1601 1602/1602/1602
f 1603/1603/1603 1604/1604/1604 1605/1605/1605
f 1606/1606/1606 1607/1607/1607 1608/1608/1608
f 1609/1609/1609 1610/1610/1610 1611/1611/1611
f 1612/1612/1612 1613/1613/1613 1614/1614/1614
f 1615/1615/1615 1616/1616/1616 1617/1617/1617
f 1618/1618/1618 1619/1619/1619 1620/1620/1620
f 1621/1621/1621 1622/1622/1622 1623/1623/1623
f 1624/1624/1624 1625/1625/1625 1626/1626/1626
f 1627/1627/1627 1628/1628/1628 1629/1629/1629
f 1630/1630/1630 1631/1631/1631 1632/1632/1632
f 1633/1633/1633 1634/1634/1634 1635/1635/1635
f 1636/1636/1636 1637/1637/1637 1638/1638/1638
f 1639/1639/1639 1640/1640/1640 1641/1641/1641
f 1642/1642/1642 1643/1643/1643 1644/1644/1644
f 1645/1645/1645 1646/1646/1646 1647/1647/1647
f 1648/1648/1648 1649/1649/1649 1650/1650/1650
f 1651/1651/1651 1652/1652/1652 1653/1653/1653
f 1654/1654/1654 1655/1655/1655 1656/1656/1656
f 1657/1657/1657 1658/1658/1658 1659/1659/1659
f 1660/1660/1660 1661/1661/1661 1662/1662/1662
f 1663/1663/1663 1664/1664/1664 1665/1665/1665
f 1666/1666/1666 1667/1667/1667 1668/1668/1668
f 1669/1669/1669 1670/1670/1670 1671/1671/1671
f 1672/1672/1672 1673/1673/1673 1674/1674/1674
f 1675/1675/1675 1676/1676/1676 1677/1677/1677
f 1678/1678/1678 1679/1679/1679 1680/1680/1680
f 1681/1681/1681 1682/1682/1682 1683/1683/1683
f 1684/1684/1684 1685/1685/1685 1686/1686/1686
f 1687/1687/1687 1688/1688/1688 1689/1689/1689
f 1690/1690/1690 1691/1691/1691 1692/1692/1692
f 1693/1693/1693 1694/1694/1694 1695/1695/1695
f 1696/1696/1696 1697/1697/1697 1698/1698/1698
f 1699/1699/1699 1700/1700/1700 1701/1701/1701
f 1702/1702/1702 1703/1703/1703 1704/1704/1704
f 1705/1705/1705 1706/1706/1706 1707/1707/1707
f 1708/1708/1708 1709/1709/1709 1710/1710/1710
f 1711/1711/1711 1712/1712/1712 1713/1713/1713
f 1714/1714/1714 1715/1715/1715 1716/1716/1716
f 1717/1717/1717 1718/1718/1718 1719/1719/1719
f 1720/1720/1720 1721/1721/1721 1722/1722/1722
f 1723/1723/1723 1724/1724/1724 1725/1725/1725
f 1726/1726/1726 1727/1727/1727 1728/1728/1728
f 1729/1729/1729 1730/1730/1730 1731/1731/1731
f 1732/1732/1732 1733/1733/1733 1734/1734/1734
f 1735/1735/1735 1736/1736/1736 1737/1737/1737
f 1738/1738/1738 1739/1739/1739 1740/1740/1740
f 1741/1741/1741 1742/1742/1742 1743/1743/1743
f 1744/1744/1744 1745/1745/1745 1746/1746/1746
f 1747/1747/1747 1748/1748/1748 1749/1749/1749
f 1750/1750/1750 1751/1751/1751 1752/1752/1752
f 1753/1753/1753 1754/1754/1754 1755/1755/1755
f 1756/1756/1756 1757/1757/1757 1758/1758/1758
f 1759/1759/1759 1760/1760/1760 1761/1761/1761
f 1762/1762/1762 1763/1763/1763 1764/1764/1764
f 1765/1765/1765 1766/1766/1766 1767/1767/1767
f 1768/1768/1768 1769/1769/1769 1770/1770/1770
f 1771/1771/1771 1772/1772/1772 1773/1773/1773
f 1774/1774/1774 1775/1775/1775 1776/1776/1776
f 1777/1777/1777 1778/1778/1778 1779/1779/1779
f 1780/1780/1780 1781/1781/1781 1782/1782/1782
f 1783/1783/1783 1784/1784/1784 1785/1785/1785
f 1786/1786/1786 1787/1787/1787 1788/1788/1788
f 1789/1789/1789 1790/1790/1790 1791/1791/1791
f 1792/1792/1792 1793/1793/1793 1794/1794/1794
f 1795/1795/1795 1796/1796/1796 1797/1797/1797
f 1798/1798/1798 1799/1799/1799 1800/1800/1800
f 1801/1801/1801 1802/1802/1802 1803/1803/1803
f 1804/1804/1804 1805/1805/1805 1806/1806/1806
f 1807/1807/1807 1808/1808/1808 1809/1809/1809
f 1810/1810/1810 1811/1811/1811 1812/1812/1812
f 1813/1813/1813 1814/1814/1814 1815/1815/1815
f 1816/1816/1816 1817/1817/1817 1818/1818/1818
f 1819/1819/1819 1820/1820/1820 1821/1821/1821
f 1822/1822/1822 1823/1823/1823 1824/1824/1824
f 1825/1825/1825 1826/1826/1826 1827/1827/1827
f 1828/1828/1828 1829/1829/1829 1830/1830/1830
f 1831/1831/1831 1832/1832/1832 1833/1833/1833
f 1834/1834/1834 1835/1835/1835 1836/1836/1836
f 1837/1837/1837 1838/1838/1838 1839/1839/1839
f 1840/1840/1840 1841/1841/1841 1842/1842/1842
f 1843/1843/1843 1844/1844/1844 1845/1845/1845
f 1846/1846/1846 1847/1847/1847 1848/1848/1848
f 1849/1849/1849 1850/1850/1850 1851/1851/1851
f 1852/1852/1852 1853/1853/1853 1854/1854/1854
f 1855/1855/1855 1856/1856/1856 1857/1857/1857
f 1858/1858/1858 1859/1859/1859 1860/1860/1860
f 1861/1861/1861 1862/1862/1862 1863/1863/1863
f 1864/1864/1864 1865/1865/1865 1866/1866/1866
f 1867/1867/1867 1868/1868/1868 1869/1869/1869
f 1870/1870/1870 1871/1871/1871 1872/1872/1872
f 1873/1873/1873 1874/1874/1874 1875/1875/1875
f 1876/1876/1876 1877/1877/1877 1878/1878/1878
f 1879/1879/1879 1880/1880/1880 1881/1881/1881
f 1882/1882/1882 1883/1883/1883 1884/1884/1884
f 1885/1885/1885 1886/1886/1886 1887/1887/1887
f 1888/1888/1888 1889/1889/1889 1890/1890/1890
f 1891/1891/1891 1892/1892/1892 1893/1893/1893
f 1894/1894/1894 1895/1895/1895 1896/1896/1896
f 1897/1897/1897 1898/1898/1898 1899/1899/1899
f 1900/1900/1900 1901/1901/1901 1902/1902/1902
f 1903/1903/1903 1904/1904/1904 1905/1905/1905
f 1906/1906/1906 1907/1907/1907 1908/1908/1908
f 1909/1909/1909 1910/1910/1910 1911/1911/1911
f 1912/1912/1912 1913/1913/1913 1914/1914/1914
f 1915/1915/1915 1916/1916/1916 1917/1917/1917
f 1918/1918/1918 1919/1919/1919 1920/1920/1920
f 1921/1921/1921 1922/1922/1922 1923/1923/1923
f 1924/1924/1924 1925/1925/1925 1926/1926/1926
f 1927/1927/1927 1928/1928/1928 1929/1929/1929
f 1930/1930/1930 1931/1931/1931 1932/1932/1932
f 1933/1933/1933 1934/1934/1934 1935/1935/1935
f 1936/1936/1936 1937/1937/1937 1938/1938/1938
f 1939/1939/1939 1940/1940/1940 1941/1941/1941
f 1942/1942/1942 1943/1943/1943 1944/1944/1944
f 1945/1945/1945 1946/1946/1946 1947/1947/1947
f 1948/1948/1948 1949/1949/1949 1950/1950/1950
f 1951/1951/1951 1952/1952/1952 1953/1953/1953
f 1954/1954/1954 1955/1955/1955 1956/1956/1956
f 1957/1957/1957 1958/1958/1958 1959/1959/1959
f 1960/1960/1960 1961/1961/1961 1962/1962/1962
f 1963/1963/1963 1964/1964/1964 1965/1965/1965
f 1966/1966/1966 1967/1967/1967 1968/1968/1968
f 1969/1969/1969 1970/1970/1970 1971/1971/1971
f 1972/1972/1972 1973/1973/1973 1974/1974/1974
f 1975/1975/1975 1976/1976/1976 1977/1977/1977
f 1978/1978/1978 1979/1979/1979 1980/1980/1980