mtllib nature_materials.mtl
g Grass_Green
usemtl Grass_Green
v -0.414848 0.000000 0.363446
v -0.395954 0.000000 0.324346
v -0.430670 0.101732 0.345917
v -0.414848 0.000000 0.363446
v -0.430670 0.101732 0.345917
v -0.443518 0.101732 0.372505
v -0.443518 0.101732 0.372505
v -0.430670 0.101732 0.345917
v -0.522364 0.198377 0.394781
v -0.443518 0.101732 0.372505
v -0.522364 0.198377 0.394781
v -0.529468 0.198377 0.409482
v -0.529468 0.198377 0.409482
v -0.522364 0.198377 0.394781
v -0.603486 0.254329 0.439615
v -0.294711 0.000000 -0.083731
v -0.260750 0.000000 -0.066429
v -0.250205 0.122010 -0.037833
v -0.294711 0.000000 -0.083731
v -0.250205 0.122010 -0.037833
v -0.273298 0.122010 -0.049598
v -0.273298 0.122010 -0.049598
v -0.250205 0.122010 -0.037833
v -0.210587 0.237919 0.047435
v -0.273298 0.122010 -0.049598
v -0.210587 0.237919 0.047435
v -0.223356 0.237919 0.040930
v -0.223356 0.237919 0.040930
v -0.210587 0.237919 0.047435
v -0.177863 0.305024 0.120947
v 0.023559 0.000000 -0.088261
v 0.064670 0.000000 -0.113488
v 0.039682 0.090053 -0.079450
v 0.023559 0.000000 -0.088261
v 0.039682 0.090053 -0.079450
v 0.011727 0.090053 -0.062296
v 0.011727 0.090053 -0.062296
v 0.039682 0.090053 -0.079450
v -0.018162 0.175603 0.008464
v 0.011727 0.090053 -0.062296
v -0.018162 0.175603 0.008464
v -0.033619 0.175603 0.017950
v -0.033619 0.175603 0.017950
v -0.018162 0.175603 0.008464
v -0.070950 0.225132 0.086636
v -0.340831 0.000000 0.191273
v -0.371962 0.000000 0.171492
v -0.385859 0.151337 0.144947
v -0.340831 0.000000 0.191273
v -0.385859 0.151337 0.144947
v -0.364690 0.151337 0.158398
v -0.364690 0.151337 0.158398
v -0.385859 0.151337 0.144947
v -0.434032 0.295107 0.064692
v -0.364690 0.151337 0.158398
v -0.434032 0.295107 0.064692
v -0.422327 0.295107 0.072129
v -0.422327 0.295107 0.072129
v -0.434032 0.295107 0.064692
v -0.474382 0.378343 -0.004304
v -0.357312 0.000000 -0.014005
v -0.304487 0.000000 -0.016146
v -0.314364 0.183695 0.019368
v -0.357312 0.000000 -0.014005
v -0.314364 0.183695 0.019368
v -0.350286 0.183695 0.020824
v -0.350286 0.183695 0.020824
v -0.314364 0.183695 0.019368
v -0.326389 0.358206 0.118260
v -0.350286 0.183695 0.020824
v -0.326389 0.358206 0.118260
v -0.346252 0.358206 0.119066
v -0.346252 0.358206 0.119066
v -0.326389 0.358206 0.118260
v -0.339809 0.459239 0.204744
v 0.295618 0.000000 -0.199746
v 0.329537 0.000000 -0.204271
v 0.319454 0.178026 -0.168656
v 0.295618 0.000000 -0.199746
v 0.319454 0.178026 -0.168656
v 0.296390 0.178026 -0.165579
v 0.296390 0.178026 -0.165579
v 0.319454 0.178026 -0.168656
v 0.301252 0.347151 -0.070187
v 0.296390 0.178026 -0.165579
v 0.301252 0.347151 -0.070187
v 0.288499 0.347151 -0.068485
v 0.288499 0.347151 -0.068485
v 0.301252 0.347151 -0.070187
v 0.283482 0.445066 0.016059
v 0.070204 0.000000 0.342440
v 0.028390 0.000000 0.355600
v 0.045648 0.174515 0.319918
v 0.070204 0.000000 0.342440
v 0.045648 0.174515 0.319918
v 0.074081 0.174515 0.310969
v 0.074081 0.174515 0.310969
v 0.045648 0.174515 0.319918
v 0.081619 0.340304 0.223820
v 0.074081 0.174515 0.310969
v 0.081619 0.340304 0.223820
v 0.097341 0.340304 0.218872
v 0.097341 0.340304 0.218872
v 0.081619 0.340304 0.223820
v 0.115344 0.436287 0.139168
v 0.142566 0.000000 0.248886
v 0.179775 0.000000 0.293978
v 0.200971 0.170740 0.309167
v 0.142566 0.000000 0.248886
v 0.200971 0.170740 0.309167
v 0.175669 0.170740 0.278505
v 0.175669 0.170740 0.278505
v 0.200971 0.170740 0.309167
v 0.271403 0.332944 0.365100
v 0.175669 0.170740 0.278505
v 0.271403 0.332944 0.365100
v 0.257412 0.332944 0.348145
v 0.257412 0.332944 0.348145
v 0.271403 0.332944 0.365100
v 0.330856 0.426851 0.411456
v 0.520714 0.000000 -0.008593
v 0.516015 0.000000 0.033982
v 0.551755 0.088883 0.023309
v 0.520714 0.000000 -0.008593
v 0.551755 0.088883 0.023309
v 0.554950 0.088883 -0.005643
v 0.554950 0.088883 -0.005643
v 0.551755 0.088883 0.023309
v 0.650521 0.173321 0.006016
v 0.554950 0.088883 -0.005643
v 0.650521 0.173321 0.006016
v 0.652288 0.173321 -0.009993
v 0.652288 0.173321 -0.009993
v 0.650521 0.173321 0.006016
v 0.737037 0.222206 -0.011439
v -0.225009 0.000000 0.012916
v -0.267397 0.000000 0.026348
v -0.249982 0.147771 -0.009356
v -0.225009 0.000000 0.012916
v -0.249982 0.147771 -0.009356
v -0.221158 0.147771 -0.018490
v -0.221158 0.147771 -0.018490
v -0.249982 0.147771 -0.009356
v -0.213741 0.288154 -0.105438
v -0.221158 0.147771 -0.018490
v -0.213741 0.288154 -0.105438
v -0.197802 0.288154 -0.110488
v -0.197802 0.288154 -0.110488
v -0.213741 0.288154 -0.105438
v -0.179747 0.369429 -0.190091
v 0.348233 0.000000 0.118333
v 0.400484 0.000000 0.098633
v 0.379706 0.123251 0.134722
v 0.348233 0.000000 0.118333
v 0.379706 0.123251 0.134722
v 0.344175 0.123251 0.148118
v 0.344175 0.123251 0.148118
v 0.379706 0.123251 0.134722
v 0.336962 0.240339 0.230021
v 0.344175 0.123251 0.148118
v 0.336962 0.240339 0.230021
v 0.317315 0.240339 0.237429
v 0.317315 0.240339 0.237429
v 0.336962 0.240339 0.230021
v 0.296745 0.308126 0.314338
v 0.246922 0.000000 0.169517
v 0.280280 0.000000 0.167675
v 0.273002 0.131161 0.203116
v 0.246922 0.000000 0.169517
v 0.273002 0.131161 0.203116
v 0.250318 0.131161 0.204368
v 0.250318 0.131161 0.204368
v 0.273002 0.131161 0.203116
v 0.262493 0.255764 0.301894
v 0.250318 0.131161 0.204368
v 0.262493 0.255764 0.301894
v 0.249950 0.255764 0.302586
v 0.249950 0.255764 0.302586
v 0.262493 0.255764 0.301894
v 0.251472 0.327903 0.388261
v 0.473268 0.000000 -0.246048
v 0.498004 0.000000 -0.225444
v 0.516575 0.186090 -0.201694
v 0.473268 0.000000 -0.246048
v 0.516575 0.186090 -0.201694
v 0.499754 0.186090 -0.215705
v 0.499754 0.186090 -0.215705
v 0.516575 0.186090 -0.201694
v 0.575950 0.362875 -0.129028
v 0.499754 0.186090 -0.215705
v 0.575950 0.362875 -0.129028
v 0.566649 0.362875 -0.136775
v 0.566649 0.362875 -0.136775
v 0.575950 0.362875 -0.129028
v 0.626438 0.465224 -0.066705
v 0.100966 0.000000 0.175111
v 0.133537 0.000000 0.142938
v 0.103589 0.144741 0.173128
v 0.100966 0.000000 0.175111
v 0.103589 0.144741 0.173128
v 0.081441 0.144741 0.195006
v 0.081441 0.144741 0.195006
v 0.103589 0.144741 0.173128
v 0.029312 0.282244 0.248200
v 0.081441 0.144741 0.195006
v 0.029312 0.282244 0.248200
v 0.017066 0.282244 0.260297
v 0.017066 0.282244 0.260297
v 0.029312 0.282244 0.248200
v -0.037355 0.361852 0.315539
v -0.142774 0.000000 0.435499
v -0.109776 0.000000 0.448819
v -0.101880 0.081519 0.479329
v -0.142774 0.000000 0.435499
v -0.101880 0.081519 0.479329
v -0.124319 0.081519 0.470271
v -0.124319 0.081519 0.470271
v -0.101880 0.081519 0.479329
v -0.069970 0.158961 0.568781
v -0.124319 0.081519 0.470271
v -0.069970 0.158961 0.568781
v -0.082378 0.158961 0.563773
v -0.082378 0.158961 0.563773
v -0.069970 0.158961 0.568781
v -0.043926 0.203797 0.646166
v 0.363370 0.000000 0.183343
v 0.390602 0.000000 0.191211
v 0.396015 0.096157 0.223769
v 0.363370 0.000000 0.183343
v 0.396015 0.096157 0.223769
v 0.377498 0.096157 0.218419
v 0.377498 0.096157 0.218419
v 0.396015 0.096157 0.223769
v 0.419258 0.187506 0.317345
v 0.377498 0.096157 0.218419
v 0.419258 0.187506 0.317345
v 0.409018 0.187506 0.314387
v 0.409018 0.187506 0.314387
v 0.419258 0.187506 0.317345
v 0.438051 0.240392 0.398633
v 0.065341 0.000000 0.079883
v 0.105491 0.000000 0.117761
v 0.123222 0.112002 0.137304
v 0.065341 0.000000 0.079883
v 0.123222 0.112002 0.137304
v 0.095921 0.112002 0.111547
v 0.095921 0.112002 0.111547
v 0.123222 0.112002 0.137304
v 0.184815 0.218404 0.203301
v 0.095921 0.112002 0.111547
v 0.184815 0.218404 0.203301
v 0.169719 0.218404 0.189059
v 0.169719 0.218404 0.189059
v 0.184815 0.218404 0.203301
v 0.236388 0.280006 0.258845
v 0.429758 0.000000 0.010312
v 0.468325 0.000000 0.028643
v 0.477265 0.112404 0.057502
v 0.429758 0.000000 0.010312
v 0.477265 0.112404 0.057502
v 0.451040 0.112404 0.045036
v 0.451040 0.112404 0.045036
v 0.477265 0.112404 0.057502
v 0.513752 0.219188 0.143810
v 0.451040 0.112404 0.045036
v 0.513752 0.219188 0.143810
v 0.499251 0.219188 0.136918
v 0.499251 0.219188 0.136918
v 0.513752 0.219188 0.143810
v 0.543487 0.281011 0.218173
v -0.356485 0.000000 -0.072051
v -0.362883 0.000000 -0.107403
v -0.396497 0.148203 -0.108015
v -0.356485 0.000000 -0.072051
v -0.396497 0.148203 -0.108015
v -0.392146 0.148203 -0.083975
v -0.392146 0.148203 -0.083975
v -0.396497 0.148203 -0.108015
v -0.492595 0.288996 -0.120208
v -0.392146 0.148203 -0.083975
v -0.492595 0.288996 -0.120208
v -0.490190 0.288996 -0.106916
v -0.490190 0.288996 -0.106916
v -0.492595 0.288996 -0.120208
v -0.576168 0.370507 -0.128904
v 0.314928 0.000000 -0.008266
v 0.257825 0.000000 -0.016565
v 0.261899 0.181967 -0.050071
v 0.314928 0.000000 -0.008266
v 0.261899 0.181967 -0.050071
v 0.300729 0.181967 -0.044428
v 0.300729 0.181967 -0.044428
v 0.261899 0.181967 -0.050071
v 0.256392 0.354836 -0.146432
v 0.300729 0.181967 -0.044428
v 0.256392 0.354836 -0.146432
v 0.277863 0.354836 -0.143312
v 0.277863 0.354836 -0.143312
v 0.256392 0.354836 -0.146432
v 0.254738 0.454918 -0.230129
v -0.345890 0.000000 -0.336116
v -0.348052 0.000000 -0.370647
v -0.382837 0.106776 -0.367321
v -0.345890 0.000000 -0.336116
v -0.382837 0.106776 -0.367321
v -0.381368 0.106776 -0.343840
v -0.381368 0.106776 -0.343840
v -0.382837 0.106776 -0.367321
v -0.480964 0.208213 -0.368234
v -0.381368 0.106776 -0.343840
v -0.480964 0.208213 -0.368234
v -0.480151 0.208213 -0.355251
v -0.480151 0.208213 -0.355251
v -0.480964 0.208213 -0.368234
v -0.566541 0.266940 -0.367124
v 0.122893 0.000000 0.302980
v 0.136905 0.000000 0.333565
v 0.166664 0.085365 0.343333
v 0.122893 0.000000 0.302980
v 0.166664 0.085365 0.343333
v 0.157136 0.085365 0.322535
v 0.157136 0.085365 0.322535
v 0.166664 0.085365 0.343333
v 0.254218 0.166461 0.379773
v 0.157136 0.085365 0.322535
v 0.254218 0.166461 0.379773
v 0.248949 0.166461 0.368274
v 0.248949 0.166461 0.368274
v 0.254218 0.166461 0.379773
v 0.329906 0.213412 0.409908
v 0.048402 0.000000 0.078094
v 0.043685 0.000000 0.027661
v 0.009393 0.077852 0.032452
v 0.048402 0.000000 0.078094
v 0.009393 0.077852 0.032452
v 0.012601 0.077852 0.066747
v 0.012601 0.077852 0.066747
v 0.009393 0.077852 0.032452
v -0.088109 0.151811 0.030931
v 0.012601 0.077852 0.066747
v -0.088109 0.151811 0.030931
v -0.086336 0.151811 0.049894
v -0.086336 0.151811 0.049894
v -0.088109 0.151811 0.030931
v -0.173000 0.194629 0.032389
v 0.258496 0.000000 0.396986
v 0.200955 0.000000 0.405271
v 0.215178 0.144291 0.369105
v 0.258496 0.000000 0.396986
v 0.215178 0.144291 0.369105
v 0.254306 0.144291 0.363471
v 0.254306 0.144291 0.363471
v 0.215178 0.144291 0.369105
v 0.237983 0.281367 0.270204
v 0.254306 0.144291 0.363471
v 0.237983 0.281367 0.270204
v 0.259618 0.281367 0.267089
v 0.259618 0.281367 0.267089
v 0.237983 0.281367 0.270204
v 0.261079 0.360727 0.183374
v 0.266862 0.000000 0.318588
v 0.297289 0.000000 0.329736
v 0.304531 0.092957 0.361004
v 0.266862 0.000000 0.318588
v 0.304531 0.092957 0.361004
v 0.283840 0.092957 0.353423
v 0.283840 0.092957 0.353423
v 0.304531 0.092957 0.361004
v 0.333844 0.181267 0.451935
v 0.283840 0.092957 0.353423
v 0.333844 0.181267 0.451935
v 0.322403 0.181267 0.447744
v 0.322403 0.181267 0.447744
v 0.333844 0.181267 0.451935
v 0.357763 0.232393 0.530732
v 0.260469 0.000000 -0.426284
v 0.304844 0.000000 -0.390646
v 0.319785 0.164673 -0.368903
v 0.260469 0.000000 -0.426284
v 0.319785 0.164673 -0.368903
v 0.289611 0.164673 -0.393137
v 0.289611 0.164673 -0.393137
v 0.319785 0.164673 -0.368903
v 0.374812 0.321113 -0.297406
v 0.289611 0.164673 -0.393137
v 0.374812 0.321113 -0.297406
v 0.358127 0.321113 -0.310806
v 0.358127 0.321113 -0.310806
v 0.374812 0.321113 -0.297406
v 0.420416 0.411683 -0.236936
v -0.261571 0.000000 -0.030095
v -0.256105 0.000000 0.022097
v -0.221971 0.122888 0.017413
v -0.261571 0.000000 -0.030095
v -0.221971 0.122888 0.017413
v -0.225688 0.122888 -0.018078
v -0.225688 0.122888 -0.018078
v -0.221971 0.122888 0.017413
v -0.124691 0.239632 0.019754
v -0.225688 0.122888 -0.018078
v -0.124691 0.239632 0.019754
v -0.126746 0.239632 0.000130
v -0.126746 0.239632 0.000130
v -0.124691 0.239632 0.019754
v -0.040035 0.307220 0.018915
v -0.226589 0.000000 0.016341
v -0.267149 0.000000 -0.026188
v -0.286132 0.176207 -0.043677
v -0.226589 0.000000 0.016341
v -0.286132 0.176207 -0.043677
v -0.258551 0.176207 -0.014757
v -0.258551 0.176207 -0.014757
v -0.286132 0.176207 -0.043677
v -0.351354 0.343603 -0.105295
v -0.258551 0.176207 -0.014757
v -0.351354 0.343603 -0.105295
v -0.336104 0.343603 -0.089304
v -0.336104 0.343603 -0.089304
v -0.351354 0.343603 -0.105295
v -0.406074 0.440517 -0.156759
v -0.410898 0.000000 0.279333
v -0.442819 0.000000 0.324819
v -0.408899 0.181074 0.297321
v -0.410898 0.000000 0.279333
v -0.408899 0.181074 0.297321
v -0.387193 0.181074 0.266391
v -0.387193 0.181074 0.266391
v -0.408899 0.181074 0.297321
v -0.323299 0.353095 0.233740
v -0.387193 0.181074 0.266391
v -0.323299 0.353095 0.233740
v -0.311297 0.353095 0.216637
v -0.311297 0.353095 0.216637
v -0.323299 0.353095 0.233740
v -0.246779 0.452686 0.175699
v -0.397550 0.000000 -0.310064
v -0.364897 0.000000 -0.319400
v -0.379799 0.087887 -0.284063
v -0.397550 0.000000 -0.310064
v -0.379799 0.087887 -0.284063
v -0.402002 0.087887 -0.277714
v -0.402002 0.087887 -0.277714
v -0.379799 0.087887 -0.284063
v -0.411880 0.171379 -0.187797
v -0.402002 0.087887 -0.277714
v -0.411880 0.171379 -0.187797
v -0.424158 0.171379 -0.184286
v -0.424158 0.171379 -0.184286
v -0.411880 0.171379 -0.187797
v -0.441703 0.219716 -0.103209
v -0.054457 0.000000 0.492061
v -0.086773 0.000000 0.456947
v -0.107503 0.141745 0.438729
v -0.054457 0.000000 0.492061
v -0.107503 0.141745 0.438729
v -0.085529 0.141745 0.462606
v -0.085529 0.141745 0.462606
v -0.107503 0.141745 0.438729
v -0.175178 0.276402 0.377264
v -0.085529 0.141745 0.462606
v -0.175178 0.276402 0.377264
v -0.163028 0.276402 0.390467
v -0.163028 0.276402 0.390467
v -0.175178 0.276402 0.377264
v -0.232496 0.354361 0.325526
v 0.293022 0.000000 -0.056858
v 0.257720 0.000000 -0.071416
v 0.249949 0.072411 -0.101628
v 0.293022 0.000000 -0.056858
v 0.249949 0.072411 -0.101628
v 0.273954 0.072411 -0.091729
v 0.273954 0.072411 -0.091729
v 0.249949 0.072411 -0.101628
v 0.217707 0.141201 -0.190614
v 0.273954 0.072411 -0.091729
v 0.217707 0.141201 -0.190614
v 0.230981 0.141201 -0.185140
v 0.230981 0.141201 -0.185140
v 0.217707 0.141201 -0.190614
v 0.191501 0.181026 -0.267523
v 0.279623 0.000000 -0.282636
v 0.250106 0.000000 -0.307350
v 0.232232 0.185776 -0.330385
v 0.279623 0.000000 -0.282636
v 0.232232 0.185776 -0.330385
v 0.252303 0.185776 -0.313580
v 0.252303 0.185776 -0.313580
v 0.232232 0.185776 -0.330385
v 0.173390 0.362262 -0.402265
v 0.252303 0.185776 -0.313580
v 0.173390 0.362262 -0.402265
v 0.184488 0.362262 -0.392973
v 0.184488 0.362262 -0.392973
v 0.173390 0.362262 -0.402265
v 0.123632 0.464439 -0.463675
v -0.146673 0.000000 0.054549
v -0.099221 0.000000 0.026297
v -0.124821 0.136839 0.061062
v -0.146673 0.000000 0.054549
v -0.124821 0.136839 0.061062
v -0.157088 0.136839 0.080273
v -0.157088 0.136839 0.080273
v -0.124821 0.136839 0.061062
v -0.182499 0.266836 0.150118
v -0.157088 0.136839 0.080273
v -0.182499 0.266836 0.150118
v -0.200341 0.266836 0.160741
v -0.200341 0.266836 0.160741
v -0.182499 0.266836 0.150118
v -0.235494 0.342098 0.229455
v 0.426077 0.000000 -0.300441
v 0.379802 0.000000 -0.300291
v 0.387319 0.074893 -0.335515
v 0.426077 0.000000 -0.300441
v 0.387319 0.074893 -0.335515
v 0.418787 0.074893 -0.335617
v 0.418787 0.074893 -0.335617
v 0.387319 0.074893 -0.335515
v 0.394672 0.146042 -0.434185
v 0.418787 0.074893 -0.335617
v 0.394672 0.146042 -0.434185
v 0.412072 0.146042 -0.434241
v 0.412072 0.146042 -0.434241
v 0.394672 0.146042 -0.434185
v 0.403650 0.187233 -0.520365
v -0.124837 0.000000 0.099301
v -0.120447 0.000000 0.142346
v -0.086131 0.115283 0.139031
v -0.124837 0.000000 0.099301
v -0.086131 0.115283 0.139031
v -0.089116 0.115283 0.109760
v -0.089116 0.115283 0.109760
v -0.086131 0.115283 0.139031
v 0.011341 0.224801 0.142498
v -0.089116 0.115283 0.109760
v 0.011341 0.224801 0.142498
v 0.009690 0.224801 0.126313
v 0.009690 0.224801 0.126313
v 0.011341 0.224801 0.142498
v 0.096223 0.288207 0.143148
v 0.428281 0.000000 -0.111286
v 0.447555 0.000000 -0.138100
v 0.415889 0.170468 -0.113265
v 0.428281 0.000000 -0.111286
v 0.415889 0.170468 -0.113265
v 0.402783 0.170468 -0.095031
v 0.402783 0.170468 -0.095031
v 0.415889 0.170468 -0.113265
v 0.332858 0.332412 -0.051612
v 0.402783 0.170468 -0.095031
v 0.332858 0.332412 -0.051612
v 0.325611 0.332412 -0.041530
v 0.325611 0.332412 -0.041530
v 0.332858 0.332412 -0.051612
v 0.259280 0.426170 0.003713
v -0.288986 0.000000 0.274280
v -0.328480 0.000000 0.290305
v -0.308926 0.082341 0.255124
v -0.288986 0.000000 0.274280
v -0.308926 0.082341 0.255124
v -0.282070 0.082341 0.244227
v -0.282070 0.082341 0.244227
v -0.308926 0.082341 0.255124
v -0.265832 0.160564 0.161279
v -0.282070 0.082341 0.244227
v -0.265832 0.160564 0.161279
v -0.250983 0.160564 0.155253
v -0.250983 0.160564 0.155253
v -0.265832 0.160564 0.161279
v -0.226015 0.205852 0.078436
v 0.372892 0.000000 -0.352234
v 0.398768 0.000000 -0.400734
v 0.363571 0.083582 -0.376405
v 0.372892 0.000000 -0.352234
v 0.363571 0.083582 -0.376405
v 0.345976 0.083582 -0.343425
v 0.345976 0.083582 -0.343425
v 0.363571 0.083582 -0.376405
v 0.272602 0.162984 -0.322598
v 0.345976 0.083582 -0.343425
v 0.272602 0.162984 -0.322598
v 0.262873 0.162984 -0.304362
v 0.262873 0.162984 -0.304362
v 0.272602 0.162984 -0.322598
v 0.191727 0.208954 -0.272927
v -0.174402 0.000000 0.291517
v -0.210605 0.000000 0.292050
v -0.204295 0.110611 0.256768
v -0.174402 0.000000 0.291517
v -0.204295 0.110611 0.256768
v -0.179676 0.110611 0.256406
v -0.179676 0.110611 0.256406
v -0.204295 0.110611 0.256768
v -0.197340 0.215692 0.158050
v -0.179676 0.110611 0.256406
v -0.197340 0.215692 0.158050
v -0.183728 0.215692 0.157850
v -0.183728 0.215692 0.157850
v -0.197340 0.215692 0.158050
v -0.189266 0.276529 0.071807
v -0.432346 0.000000 -0.274237
v -0.461633 0.000000 -0.266554
v -0.448014 0.135616 -0.301831
v -0.432346 0.000000 -0.274237
v -0.448014 0.135616 -0.301831
v -0.428100 0.135616 -0.307056
v -0.428100 0.135616 -0.307056
v -0.448014 0.135616 -0.301831
v -0.418529 0.264451 -0.398417
v -0.428100 0.135616 -0.307056
v -0.418529 0.264451 -0.398417
v -0.407517 0.264451 -0.401306
v -0.407517 0.264451 -0.401306
v -0.418529 0.264451 -0.398417
v -0.391160 0.339040 -0.483194
v 0.173268 0.000000 0.023362
v 0.155344 0.000000 0.046461
v 0.186021 0.177350 0.021185
v 0.173268 0.000000 0.023362
v 0.186021 0.177350 0.021185
v 0.198210 0.177350 0.005478
v 0.198210 0.177350 0.005478
v 0.186021 0.177350 0.021185
v 0.266681 0.345832 -0.042802
v 0.198210 0.177350 0.005478
v 0.266681 0.345832 -0.042802
v 0.273421 0.345832 -0.051487
v 0.273421 0.345832 -0.051487
v 0.266681 0.345832 -0.042802
v 0.338115 0.443374 -0.099961
v 0.203507 0.000000 -0.234983
v 0.221559 0.000000 -0.181127
v 0.252046 0.132847 -0.178557
v 0.203507 0.000000 -0.234983
v 0.252046 0.132847 -0.178557
v 0.239771 0.132847 -0.215179
v 0.239771 0.132847 -0.215179
v 0.252046 0.132847 -0.178557
v 0.342836 0.259053 -0.155392
v 0.239771 0.132847 -0.215179
v 0.342836 0.259053 -0.155392
v 0.336048 0.259053 -0.175641
v 0.336048 0.259053 -0.175641
v 0.342836 0.259053 -0.155392
v 0.421127 0.332119 -0.138137
v -0.368580 0.000000 0.282324
v -0.380958 0.000000 0.318814
v -0.345643 0.104900 0.301668
v -0.368580 0.000000 0.282324
v -0.345643 0.104900 0.301668
v -0.337226 0.104900 0.276855
v -0.337226 0.104900 0.276855
v -0.345643 0.104900 0.301668
v -0.250342 0.204555 0.264431
v -0.337226 0.104900 0.276855
v -0.250342 0.204555 0.264431
v -0.245688 0.204555 0.250711
v -0.245688 0.204555 0.250711
v -0.250342 0.204555 0.264431
v -0.166429 0.262249 0.229896
v -0.458743 0.000000 -0.272388
v -0.496360 0.000000 -0.257184
v -0.477151 0.184272 -0.292252
v -0.458743 0.000000 -0.272388
v -0.477151 0.184272 -0.292252
v -0.451572 0.184272 -0.302591
v -0.451572 0.184272 -0.302591
v -0.477151 0.184272 -0.292252
v -0.434468 0.359330 -0.386023
v -0.451572 0.184272 -0.302591
v -0.434468 0.359330 -0.386023
v -0.420324 0.359330 -0.391740
v -0.420324 0.359330 -0.391740
v -0.434468 0.359330 -0.386023
v -0.395113 0.460679 -0.468756
v -0.275168 0.000000 -0.034344
v -0.253944 0.000000 -0.015984
v -0.234312 0.184872 0.007700
v -0.275168 0.000000 -0.034344
v -0.234312 0.184872 0.007700
v -0.248744 0.184872 -0.004784
v -0.248744 0.184872 -0.004784
v -0.234312 0.184872 0.007700
v -0.173000 0.360501 0.079517
v -0.248744 0.184872 -0.004784
v -0.173000 0.360501 0.079517
v -0.180980 0.360501 0.072614
v -0.180980 0.360501 0.072614
v -0.173000 0.360501 0.079517
v -0.120628 0.462181 0.141222
v 0.326644 0.000000 0.050573
v 0.333766 0.000000 0.082712
v 0.366993 0.176612 0.085186
v 0.326644 0.000000 0.050573
v 0.366993 0.176612 0.085186
v 0.362150 0.176612 0.063331
v 0.362150 0.176612 0.063331
v 0.366993 0.176612 0.085186
v 0.462222 0.344394 0.101644
v 0.362150 0.176612 0.063331
v 0.462222 0.344394 0.101644
v 0.459544 0.344394 0.089560
v 0.459544 0.344394 0.089560
v 0.462222 0.344394 0.101644
v 0.544994 0.441530 0.114242
v -0.276172 0.000000 -0.411803
v -0.248075 0.000000 -0.402504
v -0.241511 0.187343 -0.370575
v -0.276172 0.000000 -0.411803
v -0.241511 0.187343 -0.370575
v -0.260617 0.187343 -0.376898
v -0.260617 0.187343 -0.376898
v -0.241511 0.187343 -0.370575
v -0.214787 0.365318 -0.278336
v -0.260617 0.187343 -0.376898
v -0.214787 0.365318 -0.278336
v -0.225351 0.365318 -0.281832
v -0.225351 0.365318 -0.281832
v -0.214787 0.365318 -0.278336
v -0.193001 0.468356 -0.198295
v 0.496879 0.000000 -0.153630
v 0.463933 0.000000 -0.130677
v 0.489326 0.117517 -0.163231
v 0.496879 0.000000 -0.153630
v 0.489326 0.117517 -0.163231
v 0.511729 0.117517 -0.178839
v 0.511729 0.117517 -0.178839
v 0.489326 0.117517 -0.163231
v 0.550724 0.229159 -0.247662
v 0.511729 0.117517 -0.178839
v 0.550724 0.229159 -0.247662
v 0.563112 0.229159 -0.256292
v 0.563112 0.229159 -0.256292
v 0.550724 0.229159 -0.247662
v 0.606165 0.293793 -0.322666
v -0.323648 0.000000 -0.345263
v -0.306116 0.000000 -0.317338
v -0.279109 0.088127 -0.303090
v -0.323648 0.000000 -0.345263
v -0.279109 0.088127 -0.303090
v -0.291031 0.088127 -0.322079
v -0.291031 0.088127 -0.322079
v -0.279109 0.088127 -0.303090
v -0.198227 0.171849 -0.254881
v -0.291031 0.088127 -0.322079
v -0.198227 0.171849 -0.254881
v -0.204819 0.171849 -0.265381
v -0.204819 0.171849 -0.265381
v -0.198227 0.171849 -0.254881
v -0.128559 0.220319 -0.214322
v 0.154148 0.000000 0.087153
v 0.104480 0.000000 0.089227
v 0.113895 0.087755 0.053726
v 0.154148 0.000000 0.087153
v 0.113895 0.087755 0.053726
v 0.147670 0.087755 0.052315
v 0.147670 0.087755 0.052315
v 0.113895 0.087755 0.053726
v 0.125561 0.171122 -0.045152
v 0.147670 0.087755 0.052315
v 0.125561 0.171122 -0.045152
v 0.144236 0.171122 -0.045932
v 0.144236 0.171122 -0.045932
v 0.125561 0.171122 -0.045152
v 0.138494 0.219388 -0.131619
v 0.271231 0.000000 -0.105404
v 0.310096 0.000000 -0.088194
v 0.318130 0.146608 -0.058762
v 0.271231 0.000000 -0.105404
v 0.318130 0.146608 -0.058762
v 0.291702 0.146608 -0.070465
v 0.291702 0.146608 -0.070465
v 0.318130 0.146608 -0.058762
v 0.352165 0.285886 0.028822
v 0.291702 0.146608 -0.070465
v 0.352165 0.285886 0.028822
v 0.337552 0.285886 0.022351
v 0.337552 0.285886 0.022351
v 0.352165 0.285886 0.028822
v 0.379741 0.366520 0.104361
v 0.458377 0.000000 0.063810
v 0.475479 0.000000 0.103193
v 0.505030 0.184416 0.110912
v 0.458377 0.000000 0.063810
v 0.505030 0.184416 0.110912
v 0.493400 0.184416 0.084132
v 0.493400 0.184416 0.084132
v 0.505030 0.184416 0.110912
v 0.592915 0.359611 0.144220
v 0.493400 0.184416 0.084132
v 0.592915 0.359611 0.144220
v 0.586484 0.359611 0.129412
v 0.586484 0.359611 0.129412
v 0.592915 0.359611 0.144220
v 0.668722 0.461040 0.171132
v 0.303568 0.000000 0.180755
v 0.262411 0.000000 0.156261
v 0.250994 0.188246 0.129932
v 0.303568 0.000000 0.180755
v 0.250994 0.188246 0.129932
v 0.278981 0.188246 0.146588
v 0.278981 0.188246 0.146588
v 0.250994 0.188246 0.129932
v 0.206800 0.367080 0.048883
v 0.278981 0.188246 0.146588
v 0.206800 0.367080 0.048883
v 0.222275 0.367080 0.058093
v 0.222275 0.367080 0.058093
v 0.206800 0.367080 0.048883
v 0.170479 0.470615 -0.020545
v -0.373948 0.000000 -0.409784
v -0.328337 0.000000 -0.404907
v -0.331892 0.146145 -0.370687
v -0.373948 0.000000 -0.409784
v -0.331892 0.146145 -0.370687
v -0.362908 0.146145 -0.374003
v -0.362908 0.146145 -0.374003
v -0.331892 0.146145 -0.370687
v -0.328338 0.284983 -0.273339
v -0.362908 0.146145 -0.374003
v -0.328338 0.284983 -0.273339
v -0.345488 0.284983 -0.275173
v -0.345488 0.284983 -0.275173
v -0.328338 0.284983 -0.273339
v -0.327754 0.365363 -0.188592
v 0.152178 0.000000 -0.505129
v 0.140215 0.000000 -0.545426
v 0.108385 0.088161 -0.548996
v 0.152178 0.000000 -0.505129
v 0.108385 0.088161 -0.548996
v 0.116520 0.088161 -0.521594
v 0.116520 0.088161 -0.521594
v 0.108385 0.088161 -0.548996
v 0.015635 0.171915 -0.570945
v 0.116520 0.088161 -0.521594
v 0.015635 0.171915 -0.570945
v 0.020133 0.171915 -0.555793
v 0.020133 0.171915 -0.555793
v 0.015635 0.171915 -0.570945
v -0.064706 0.220403 -0.587887
v -0.444697 0.000000 -0.105961
v -0.483682 0.000000 -0.128455
v -0.495036 0.082039 -0.155345
v -0.444697 0.000000 -0.105961
v -0.495036 0.082039 -0.155345
v -0.468526 0.082039 -0.140049
v -0.468526 0.082039 -0.140049
v -0.495036 0.082039 -0.155345
v -0.538412 0.159977 -0.237370
v -0.468526 0.082039 -0.140049
v -0.538412 0.159977 -0.237370
v -0.523754 0.159977 -0.228912
v -0.523754 0.159977 -0.228912
v -0.538412 0.159977 -0.237370
v -0.574139 0.205098 -0.307762
v 0.164384 0.000000 0.039672
v 0.160371 0.000000 0.005347
v 0.126051 0.121274 0.006752
v 0.164384 0.000000 0.039672
v 0.126051 0.121274 0.006752
v 0.128780 0.121274 0.030093
v 0.128780 0.121274 0.030093
v 0.126051 0.121274 0.006752
v 0.028681 0.236485 0.000514
v 0.128780 0.121274 0.030093
v 0.028681 0.236485 0.000514
v 0.030190 0.236485 0.013420
v 0.030190 0.236485 0.013420
v 0.028681 0.236485 0.000514
v -0.056134 0.303185 -0.003037
v 0.348304 0.000000 0.198825
v 0.311173 0.000000 0.160167
v 0.291727 0.187966 0.141968
v 0.348304 0.000000 0.198825
v 0.291727 0.187966 0.141968
v 0.316976 0.187966 0.168256
v 0.316976 0.187966 0.168256
v 0.291727 0.187966 0.141968
v 0.226225 0.366533 0.079509
v 0.316976 0.187966 0.168256
v 0.226225 0.366533 0.079509
v 0.240186 0.366533 0.094045
v 0.240186 0.366533 0.094045
v 0.226225 0.366533 0.079509
v 0.171072 0.469915 0.027098
v -0.247117 0.000000 -0.455124
v -0.216620 0.000000 -0.463553
v -0.230878 0.122457 -0.428277
v -0.247117 0.000000 -0.455124
v -0.230878 0.122457 -0.428277
v -0.251615 0.122457 -0.422545
v -0.251615 0.122457 -0.422545
v -0.230878 0.122457 -0.428277
v -0.261795 0.238791 -0.331913
v -0.251615 0.122457 -0.422545
v -0.261795 0.238791 -0.331913
v -0.273262 0.238791 -0.328744
v -0.273262 0.238791 -0.328744
v -0.261795 0.238791 -0.331913
v -0.290481 0.306142 -0.247290
v 0.228152 0.000000 -0.001555
v 0.236907 0.000000 0.030493
v 0.269462 0.085817 0.034641
v 0.228152 0.000000 -0.001555
v 0.269462 0.085817 0.034641
v 0.263509 0.085817 0.012849
v 0.263509 0.085817 0.012849
v 0.269462 0.085817 0.034641
v 0.363292 0.167343 0.055766
v 0.263509 0.085817 0.012849
v 0.363292 0.167343 0.055766
v 0.360000 0.167343 0.043716
v 0.360000 0.167343 0.043716
v 0.363292 0.167343 0.055766
v 0.444753 0.214542 0.072444
v -0.326148 0.000000 0.314958
v -0.352267 0.000000 0.360524
v -0.317549 0.086238 0.335729
v -0.326148 0.000000 0.314958
v -0.317549 0.086238 0.335729
v -0.299789 0.086238 0.304744
v -0.299789 0.086238 0.304744
v -0.317549 0.086238 0.335729
v -0.227994 0.168164 0.279745
v -0.299789 0.086238 0.304744
v -0.227994 0.168164 0.279745
v -0.218174 0.168164 0.262612
v -0.218174 0.168164 0.262612
v -0.227994 0.168164 0.279745
v -0.148340 0.215595 0.228336
v 0.191150 0.000000 -0.194513
v 0.235209 0.000000 -0.162716
v 0.248758 0.073537 -0.139260
v 0.191150 0.000000 -0.194513
v 0.248758 0.073537 -0.139260
v 0.218798 0.073537 -0.160882
v 0.218798 0.073537 -0.160882
v 0.248758 0.073537 -0.139260
v 0.299790 0.143397 -0.064101
v 0.218798 0.073537 -0.160882
v 0.299790 0.143397 -0.064101
v 0.283224 0.143397 -0.076056
v 0.283224 0.143397 -0.076056
v 0.299790 0.143397 -0.064101
v 0.341923 0.183843 -0.000219
v 0.229602 0.000000 -0.293836
v 0.219342 0.000000 -0.328675
v 0.187217 0.156661 -0.333045
v 0.229602 0.000000 -0.293836
v 0.187217 0.156661 -0.333045
v 0.194194 0.156661 -0.309354
v 0.194194 0.156661 -0.309354
v 0.187217 0.156661 -0.333045
v 0.094146 0.305489 -0.355615
v 0.194194 0.156661 -0.309354
v 0.094146 0.305489 -0.355615
v 0.098004 0.305489 -0.342516
v 0.098004 0.305489 -0.342516
v 0.094146 0.305489 -0.355615
v 0.013432 0.391652 -0.373402
v 0.334129 0.000000 0.280314
v 0.374999 0.000000 0.254658
v 0.349746 0.174759 0.288576
v 0.334129 0.000000 0.280314
v 0.349746 0.174759 0.288576
v 0.321954 0.174759 0.306022
v 0.321954 0.174759 0.306022
v 0.349746 0.174759 0.288576
v 0.291086 0.340781 0.376026
v 0.321954 0.174759 0.306022
v 0.291086 0.340781 0.376026
v 0.275719 0.340781 0.385673
v 0.275719 0.340781 0.385673
v 0.291086 0.340781 0.376026
v 0.237599 0.436899 0.453817
v 0.068209 0.000000 0.174987
v 0.011447 0.000000 0.190810
v 0.029981 0.087375 0.154371
v 0.068209 0.000000 0.174987
v 0.029981 0.087375 0.154371
v 0.068579 0.087375 0.143611
v 0.068579 0.087375 0.143611
v 0.029981 0.087375 0.154371
v 0.065099 0.170382 0.056941
v 0.068579 0.087375 0.143611
v 0.065099 0.170382 0.056941
v 0.086441 0.170382 0.050992
v 0.086441 0.170382 0.050992
v 0.065099 0.170382 0.056941
v 0.098905 0.218438 -0.029021
v -0.528187 0.000000 0.024766
v -0.524232 0.000000 0.084366
v -0.489742 0.132841 0.077160
v -0.528187 0.000000 0.024766
v -0.489742 0.132841 0.077160
v -0.492431 0.132841 0.036633
v -0.492431 0.132841 0.036633
v -0.489742 0.132841 0.077160
v -0.391912 0.259039 0.074632
v -0.492431 0.132841 0.036633
v -0.391912 0.259039 0.074632
v -0.393399 0.259039 0.052222
v -0.393399 0.259039 0.052222
v -0.391912 0.259039 0.074632
v -0.306692 0.332101 0.069130
v -0.000353 0.000000 -0.373268
v -0.036467 0.000000 -0.362529
v -0.020656 0.087975 -0.397987
v -0.000353 0.000000 -0.373268
v -0.020656 0.087975 -0.397987
v 0.003902 0.087975 -0.405290
v 0.003902 0.087975 -0.405290
v -0.020656 0.087975 -0.397987
v 0.012952 0.171552 -0.494175
v 0.003902 0.087975 -0.405290
v 0.012952 0.171552 -0.494175
v 0.026531 0.171552 -0.498213
v 0.026531 0.171552 -0.498213
v 0.012952 0.171552 -0.494175
v 0.044297 0.219938 -0.578772
v -0.132483 0.000000 -0.339345
v -0.155820 0.000000 -0.319291
v -0.129144 0.098689 -0.349196
v -0.132483 0.000000 -0.339345
v -0.129144 0.098689 -0.349196
v -0.113275 0.098689 -0.362833
v -0.113275 0.098689 -0.362833
v -0.129144 0.098689 -0.349196
v -0.061302 0.192444 -0.427062
v -0.113275 0.098689 -0.362833
v -0.061302 0.192444 -0.427062
v -0.052528 0.192444 -0.434602
v -0.052528 0.192444 -0.434602
v -0.061302 0.192444 -0.427062
v -0.000765 0.246723 -0.496172
v 0.312243 0.000000 -0.452766
v 0.275268 0.000000 -0.434570
v 0.296726 0.162165 -0.469065
v 0.312243 0.000000 -0.452766
v 0.296726 0.162165 -0.469065
v 0.321869 0.162165 -0.481438
v 0.321869 0.162165 -0.481438
v 0.296726 0.162165 -0.469065
v 0.345902 0.316222 -0.560342
v 0.321869 0.162165 -0.481438
v 0.345902 0.316222 -0.560342
v 0.359805 0.316222 -0.567183
v 0.359805 0.316222 -0.567183
v 0.345902 0.316222 -0.560342
v 0.390892 0.405413 -0.641062
v 0.273242 0.000000 0.150864
v 0.233619 0.000000 0.110102
v 0.214718 0.072879 0.092089
v 0.273242 0.000000 0.150864
v 0.214718 0.072879 0.092089
v 0.241662 0.072879 0.119807
v 0.241662 0.072879 0.119807
v 0.214718 0.072879 0.092089
v 0.150004 0.142115 0.029526
v 0.241662 0.072879 0.119807
v 0.150004 0.142115 0.029526
v 0.164902 0.142115 0.044852
v 0.164902 0.142115 0.044852
v 0.150004 0.142115 0.029526
v 0.095677 0.182199 -0.022860
v 0.205637 0.000000 -0.109348
v 0.178833 0.000000 -0.088342
v 0.204834 0.153202 -0.119409
v 0.205637 0.000000 -0.109348
v 0.204834 0.153202 -0.119409
v 0.223061 0.153202 -0.133693
v 0.223061 0.153202 -0.133693
v 0.204834 0.153202 -0.119409
v 0.269758 0.298745 -0.200247
v 0.223061 0.153202 -0.133693
v 0.269758 0.298745 -0.200247
v 0.279837 0.298745 -0.208145
v 0.279837 0.298745 -0.208145
v 0.269758 0.298745 -0.200247
v 0.327939 0.383006 -0.272005
vn 0.880271 0.210205 0.425366
vn 0.880271 0.210205 0.425366
vn 0.880271 0.210205 0.425366
vn 0.880271 0.210205 0.425366
vn 0.880271 0.210205 0.425366
vn 0.880271 0.210205 0.425366
vn 0.760341 0.535621 0.367413
vn 0.760341 0.535621 0.367413
vn 0.760341 0.535621 0.367413
vn 0.760341 0.535621 0.367413
vn 0.760341 0.535621 0.367413
vn 0.760341 0.535621 0.367413
vn 0.650571 0.691324 0.314370
vn 0.650571 0.691324 0.314370
vn 0.650571 0.691324 0.314370
vn -0.447552 -0.167214 0.878485
vn -0.447552 -0.167214 0.878485
vn -0.447552 -0.167214 0.878485
vn -0.447552 -0.167214 0.878485
vn -0.447552 -0.167214 0.878485
vn -0.447552 -0.167214 0.878485
vn -0.405967 -0.447446 0.796858
vn -0.405967 -0.447446 0.796858
vn -0.405967 -0.447446 0.796858
vn -0.405967 -0.447446 0.796858
vn -0.405967 -0.447446 0.796858
vn -0.405967 -0.447446 0.796858
vn -0.362331 -0.602413 0.711207
vn -0.362331 -0.602413 0.711207
vn -0.362331 -0.602413 0.711207
vn 0.515011 -0.174320 0.839271
vn 0.515011 -0.174320 0.839271
vn 0.515011 -0.174320 0.839271
vn 0.515011 -0.174320 0.839271
vn 0.515011 -0.174320 0.839271
vn 0.515011 -0.174320 0.839271
vn 0.463605 -0.462916 0.755499
vn 0.463605 -0.462916 0.755499
vn 0.463605 -0.462916 0.755499
vn 0.463605 -0.462916 0.755499
vn 0.463605 -0.462916 0.755499
vn 0.463605 -0.462916 0.755499
vn 0.410845 -0.618828 0.669521
vn 0.410845 -0.618828 0.669521
vn 0.410845 -0.618828 0.669521
vn 0.533700 -0.098319 -0.839939
vn 0.533700 -0.098319 -0.839939
vn 0.533700 -0.098319 -0.839939
vn 0.533700 -0.098319 -0.839939
vn 0.533700 -0.098319 -0.839939
vn 0.533700 -0.098319 -0.839939
vn 0.514876 -0.279812 -0.810313
vn 0.514876 -0.279812 -0.810313
vn 0.514876 -0.279812 -0.810313
vn 0.514876 -0.279812 -0.810313
vn 0.514876 -0.279812 -0.810313
vn 0.514876 -0.279812 -0.810313
vn 0.490945 -0.402471 -0.772651
vn 0.490945 -0.402471 -0.772651
vn 0.490945 -0.402471 -0.772651
vn 0.039780 -0.187602 0.981439
vn 0.039780 -0.187602 0.981439
vn 0.039780 -0.187602 0.981439
vn 0.039780 -0.187602 0.981439
vn 0.039780 -0.187602 0.981439
vn 0.039780 -0.187602 0.981439
vn 0.035284 -0.490876 0.870515
vn 0.035284 -0.490876 0.870515
vn 0.035284 -0.490876 0.870515
vn 0.035284 -0.490876 0.870515
vn 0.035284 -0.490876 0.870515
vn 0.035284 -0.490876 0.870515
vn 0.030859 -0.647612 0.761345
vn 0.030859 -0.647612 0.761345
vn 0.030859 -0.647612 0.761345
vn 0.129909 -0.187426 0.973651
vn 0.129909 -0.187426 0.973651
vn 0.129909 -0.187426 0.973651
vn 0.129909 -0.187426 0.973651
vn 0.129909 -0.187426 0.973651
vn 0.129909 -0.187426 0.973651
vn 0.115249 -0.490513 0.863779
vn 0.115249 -0.490513 0.863779
vn 0.115249 -0.490513 0.863779
vn 0.115249 -0.490513 0.863779
vn 0.115249 -0.490513 0.863779
vn 0.115249 -0.490513 0.863779
vn 0.100813 -0.647246 0.755585
vn 0.100813 -0.647246 0.755585
vn 0.100813 -0.647246 0.755585
vn -0.296193 -0.163129 -0.941094
vn -0.296193 -0.163129 -0.941094
vn -0.296193 -0.163129 -0.941094
vn -0.296193 -0.163129 -0.941094
vn -0.296193 -0.163129 -0.941094
vn -0.296193 -0.163129 -0.941094
vn -0.269828 -0.438394 -0.857323
vn -0.269828 -0.438394 -0.857323
vn -0.269828 -0.438394 -0.857323
vn -0.269828 -0.438394 -0.857323
vn -0.269828 -0.438394 -0.857323
vn -0.269828 -0.438394 -0.857323
vn -0.241812 -0.592644 -0.768310
vn -0.241812 -0.592644 -0.768310
vn -0.241812 -0.592644 -0.768310
vn -0.770709 0.039100 0.635987
vn -0.770709 0.039100 0.635987
vn -0.770709 0.039100 0.635987
vn -0.770709 0.039100 0.635987
vn -0.770709 0.039100 0.635987
vn -0.770709 0.039100 0.635987
vn -0.766210 0.114672 0.632275
vn -0.766210 0.114672 0.632275
vn -0.766210 0.114672 0.632275
vn -0.766210 0.114672 0.632275
vn -0.766210 0.114672 0.632275
vn -0.766210 0.114672 0.632275
vn -0.759865 0.171546 0.627039
vn -0.759865 0.171546 0.627039
vn -0.759865 0.171546 0.627039
vn -0.927127 0.360507 -0.102323
vn -0.927127 0.360507 -0.102323
vn -0.927127 0.360507 -0.102323
vn -0.927127 0.360507 -0.102323
vn -0.927127 0.360507 -0.102323
vn -0.927127 0.360507 -0.102323
vn -0.655405 0.751806 -0.072334
vn -0.655405 0.751806 -0.072334
vn -0.655405 0.751806 -0.072334
vn -0.655405 0.751806 -0.072334
vn -0.655405 0.751806 -0.072334
vn -0.655405 0.751806 -0.072334
vn -0.499607 0.864496 -0.055140
vn -0.499607 0.864496 -0.055140
vn -0.499607 0.864496 -0.055140
vn -0.296501 -0.191144 -0.935709
vn -0.296501 -0.191144 -0.935709
vn -0.296501 -0.191144 -0.935709
vn -0.296501 -0.191144 -0.935709
vn -0.296501 -0.191144 -0.935709
vn -0.296501 -0.191144 -0.935709
vn -0.261927 -0.498124 -0.826599
vn -0.261927 -0.498124 -0.826599
vn -0.261927 -0.498124 -0.826599
vn -0.261927 -0.498124 -0.826599
vn -0.261927 -0.498124 -0.826599
vn -0.261927 -0.498124 -0.826599
vn -0.228282 -0.654889 -0.720422
vn -0.228282 -0.654889 -0.720422
vn -0.228282 -0.654889 -0.720422
vn 0.344943 -0.209735 0.914891
vn 0.344943 -0.209735 0.914891
vn 0.344943 -0.209735 0.914891
vn 0.344943 -0.209735 0.914891
vn 0.344943 -0.209735 0.914891
vn 0.344943 -0.209735 0.914891
vn 0.298116 -0.534726 0.790693
vn 0.298116 -0.534726 0.790693
vn 0.298116 -0.534726 0.790693
vn 0.298116 -0.534726 0.790693
vn 0.298116 -0.534726 0.790693
vn 0.298116 -0.534726 0.790693
vn 0.255191 -0.690478 0.676844
vn 0.255191 -0.690478 0.676844
vn 0.255191 -0.690478 0.676844
vn 0.053267 -0.257730 0.964748
vn 0.053267 -0.257730 0.964748
vn 0.053267 -0.257730 0.964748
vn 0.053267 -0.257730 0.964748
vn 0.053267 -0.257730 0.964748
vn 0.053267 -0.257730 0.964748
vn 0.043325 -0.618390 0.784676
vn 0.043325 -0.618390 0.784676
vn 0.043325 -0.618390 0.784676
vn 0.043325 -0.618390 0.784676
vn 0.043325 -0.618390 0.784676
vn 0.043325 -0.618390 0.784676
vn 0.035520 -0.764777 0.643316
vn 0.035520 -0.764777 0.643316
vn 0.035520 -0.764777 0.643316
vn -0.639633 -0.034176 0.767920
vn -0.639633 -0.034176 0.767920
vn -0.639633 -0.034176 0.767920
vn -0.639633 -0.034176 0.767920
vn -0.639633 -0.034176 0.767920
vn -0.639633 -0.034176 0.767920
vn -0.636775 -0.100368 0.764489
vn -0.636775 -0.100368 0.764489
vn -0.636775 -0.100368 0.764489
vn -0.636775 -0.100368 0.764489
vn -0.636775 -0.100368 0.764489
vn -0.636775 -0.100368 0.764489
vn -0.632723 -0.150440 0.759624
vn -0.632723 -0.150440 0.759624
vn -0.632723 -0.150440 0.759624
vn 0.702754 -0.002983 0.711427
vn 0.702754 -0.002983 0.711427
vn 0.702754 -0.002983 0.711427
vn 0.702754 -0.002983 0.711427
vn 0.702754 -0.002983 0.711427
vn 0.702754 -0.002983 0.711427
vn 0.702730 -0.008799 0.711402
vn 0.702730 -0.008799 0.711402
vn 0.702730 -0.008799 0.711402
vn 0.702730 -0.008799 0.711402
vn 0.702730 -0.008799 0.711402
vn 0.702730 -0.008799 0.711402
vn 0.702695 -0.013272 0.711367
vn 0.702695 -0.013272 0.711367
vn 0.702695 -0.013272 0.711367
vn -0.357447 -0.296798 0.885518
vn -0.357447 -0.296798 0.885518
vn -0.357447 -0.296798 0.885518
vn -0.357447 -0.296798 0.885518
vn -0.357447 -0.296798 0.885518
vn -0.357447 -0.296798 0.885518
vn -0.275899 -0.675805 0.683496
vn -0.275899 -0.675805 0.683496
vn -0.275899 -0.675805 0.683496
vn -0.275899 -0.675805 0.683496
vn -0.275899 -0.675805 0.683496
vn -0.275899 -0.675805 0.683496
vn -0.219318 -0.810369 0.543325
vn -0.219318 -0.810369 0.543325
vn -0.219318 -0.810369 0.543325
vn -0.265147 -0.295804 0.917713
vn -0.265147 -0.295804 0.917713
vn -0.265147 -0.295804 0.917713
vn -0.265147 -0.295804 0.917713
vn -0.265147 -0.295804 0.917713
vn -0.265147 -0.295804 0.917713
vn -0.204933 -0.674454 0.709305
vn -0.204933 -0.674454 0.709305
vn -0.204933 -0.674454 0.709305
vn -0.204933 -0.674454 0.709305
vn -0.204933 -0.674454 0.709305
vn -0.204933 -0.674454 0.709305
vn -0.163026 -0.809344 0.564256
vn -0.163026 -0.809344 0.564256
vn -0.163026 -0.809344 0.564256
vn -0.686122 -0.018275 0.727256
vn -0.686122 -0.018275 0.727256
vn -0.686122 -0.018275 0.727256
vn -0.686122 -0.018275 0.727256
vn -0.686122 -0.018275 0.727256
vn -0.686122 -0.018275 0.727256
vn -0.685242 -0.053841 0.726323
vn -0.685242 -0.053841 0.726323
vn -0.685242 -0.053841 0.726323
vn -0.685242 -0.053841 0.726323
vn -0.685242 -0.053841 0.726323
vn -0.685242 -0.053841 0.726323
vn -0.683978 -0.081068 0.724984
vn -0.683978 -0.081068 0.724984
vn -0.683978 -0.081068 0.724984
vn -0.421144 -0.193973 0.886009
vn -0.421144 -0.193973 0.886009
vn -0.421144 -0.193973 0.886009
vn -0.421144 -0.193973 0.886009
vn -0.421144 -0.193973 0.886009
vn -0.421144 -0.193973 0.886009
vn -0.370824 -0.503849 0.780145
vn -0.370824 -0.503849 0.780145
vn -0.370824 -0.503849 0.780145
vn -0.370824 -0.503849 0.780145
vn -0.370824 -0.503849 0.780145
vn -0.370824 -0.503849 0.780145
vn -0.322297 -0.660582 0.678053
vn -0.322297 -0.660582 0.678053
vn -0.322297 -0.660582 0.678053
vn 0.960538 0.217141 -0.173830
vn 0.960538 0.217141 -0.173830
vn 0.960538 0.217141 -0.173830
vn 0.960538 0.217141 -0.173830
vn 0.960538 0.217141 -0.173830
vn 0.960538 0.217141 -0.173830
vn 0.822695 0.548640 -0.148884
vn 0.822695 0.548640 -0.148884
vn 0.822695 0.548640 -0.148884
vn 0.822695 0.548640 -0.148884
vn 0.822695 0.548640 -0.148884
vn 0.822695 0.548640 -0.148884
vn 0.699329 0.703507 -0.126558
vn 0.699329 0.703507 -0.126558
vn 0.699329 0.703507 -0.126558
vn 0.141402 -0.182331 -0.973016
vn 0.141402 -0.182331 -0.973016
vn 0.141402 -0.182331 -0.973016
vn 0.141402 -0.182331 -0.973016
vn 0.141402 -0.182331 -0.973016
vn 0.141402 -0.182331 -0.973016
vn 0.126168 -0.479929 -0.868188
vn 0.126168 -0.479929 -0.868188
vn 0.126168 -0.479929 -0.868188
vn 0.126168 -0.479929 -0.868188
vn 0.126168 -0.479929 -0.868188
vn 0.126168 -0.479929 -0.868188
vn 0.110922 -0.636478 -0.763277
vn 0.110922 -0.636478 -0.763277
vn 0.110922 -0.636478 -0.763277
vn 0.948592 0.310882 -0.059372
vn 0.948592 0.310882 -0.059372
vn 0.948592 0.310882 -0.059372
vn 0.948592 0.310882 -0.059372
vn 0.948592 0.310882 -0.059372
vn 0.948592 0.310882 -0.059372
vn 0.718213 0.694370 -0.044953
vn 0.718213 0.694370 -0.044953
vn 0.718213 0.694370 -0.044953
vn 0.718213 0.694370 -0.044953
vn 0.718213 0.694370 -0.044953
vn 0.718213 0.694370 -0.044953
vn 0.565157 0.824224 -0.035373
vn 0.565157 0.824224 -0.035373
vn 0.565157 0.824224 -0.035373
vn -0.877856 0.260007 0.402201
vn -0.877856 0.260007 0.402201
vn -0.877856 0.260007 0.402201
vn -0.877856 0.260007 0.402201
vn -0.877856 0.260007 0.402201
vn -0.877856 0.260007 0.402201
vn -0.711867 0.621990 0.326151
vn -0.711867 0.621990 0.326151
vn -0.711867 0.621990 0.326151
vn -0.711867 0.621990 0.326151
vn -0.711867 0.621990 0.326151
vn -0.711867 0.621990 0.326151
vn -0.582509 0.767760 0.266884
vn -0.582509 0.767760 0.266884
vn -0.582509 0.767760 0.266884
vn 0.909889 0.406027 -0.085110
vn 0.909889 0.406027 -0.085110
vn 0.909889 0.406027 -0.085110
vn 0.909889 0.406027 -0.085110
vn 0.909889 0.406027 -0.085110
vn 0.909889 0.406027 -0.085110
vn 0.603939 0.795026 -0.056492
vn 0.603939 0.795026 -0.056492
vn 0.603939 0.795026 -0.056492
vn 0.603939 0.795026 -0.056492
vn 0.603939 0.795026 -0.056492
vn 0.603939 0.795026 -0.056492
vn 0.449377 0.892353 -0.042034
vn 0.449377 0.892353 -0.042034
vn 0.449377 0.892353 -0.042034
vn -0.138766 -0.227884 -0.963749
vn -0.138766 -0.227884 -0.963749
vn -0.138766 -0.227884 -0.963749
vn -0.138766 -0.227884 -0.963749
vn -0.138766 -0.227884 -0.963749
vn -0.138766 -0.227884 -0.963749
vn -0.117279 -0.568162 -0.814517
vn -0.117279 -0.568162 -0.814517
vn -0.117279 -0.568162 -0.814517
vn -0.117279 -0.568162 -0.814517
vn -0.117279 -0.568162 -0.814517
vn -0.117279 -0.568162 -0.814517
vn -0.098706 -0.721328 -0.685524
vn -0.098706 -0.721328 -0.685524
vn -0.098706 -0.721328 -0.685524
vn -0.330507 -0.277665 0.902035
vn -0.330507 -0.277665 0.902035
vn -0.330507 -0.277665 0.902035
vn -0.330507 -0.277665 0.902035
vn -0.330507 -0.277665 0.902035
vn -0.330507 -0.277665 0.902035
vn -0.261793 -0.648813 0.714497
vn -0.261793 -0.648813 0.714497
vn -0.261793 -0.648813 0.714497
vn -0.261793 -0.648813 0.714497
vn -0.261793 -0.648813 0.714497
vn -0.261793 -0.648813 0.714497
vn -0.211169 -0.789461 0.576333
vn -0.211169 -0.789461 0.576333
vn -0.211169 -0.789461 0.576333
vn -0.625516 -0.046079 0.778850
vn -0.625516 -0.046079 0.778850
vn -0.625516 -0.046079 0.778850
vn -0.625516 -0.046079 0.778850
vn -0.625516 -0.046079 0.778850
vn -0.625516 -0.046079 0.778850
vn -0.620463 -0.134834 0.772558
vn -0.620463 -0.134834 0.772558
vn -0.620463 -0.134834 0.772558
vn -0.620463 -0.134834 0.772558
vn -0.620463 -0.134834 0.772558
vn -0.620463 -0.134834 0.772558
vn -0.613391 -0.201076 0.763754
vn -0.613391 -0.201076 0.763754
vn -0.613391 -0.201076 0.763754
vn -0.957671 0.269831 0.100293
vn -0.957671 0.269831 0.100293
vn -0.957671 0.269831 0.100293
vn -0.957671 0.269831 0.100293
vn -0.957671 0.269831 0.100293
vn -0.957671 0.269831 0.100293
vn -0.766552 0.637145 0.080278
vn -0.766552 0.637145 0.080278
vn -0.766552 0.637145 0.080278
vn -0.766552 0.637145 0.080278
vn -0.766552 0.637145 0.080278
vn -0.766552 0.637145 0.080278
vn -0.622207 0.780136 0.065161
vn -0.622207 0.780136 0.065161
vn -0.622207 0.780136 0.065161
vn 0.723623 0.009460 -0.690130
vn 0.723623 0.009460 -0.690130
vn 0.723623 0.009460 -0.690130
vn 0.723623 0.009460 -0.690130
vn 0.723623 0.009460 -0.690130
vn 0.723623 0.009460 -0.690130
vn 0.723374 0.027896 -0.689892
vn 0.723374 0.027896 -0.689892
vn 0.723374 0.027896 -0.689892
vn 0.723374 0.027896 -0.689892
vn 0.723374 0.027896 -0.689892
vn 0.723374 0.027896 -0.689892
vn 0.723015 0.042060 -0.689550
vn 0.723015 0.042060 -0.689550
vn 0.723015 0.042060 -0.689550
vn -0.816763 0.065957 -0.573190
vn -0.816763 0.065957 -0.573190
vn -0.816763 0.065957 -0.573190
vn -0.816763 0.065957 -0.573190
vn -0.816763 0.065957 -0.573190
vn -0.816763 0.065957 -0.573190
vn -0.803414 0.191393 -0.563822
vn -0.803414 0.191393 -0.563822
vn -0.803414 0.191393 -0.563822
vn -0.803414 0.191393 -0.563822
vn -0.803414 0.191393 -0.563822
vn -0.803414 0.191393 -0.563822
vn -0.785278 0.282195 -0.551094
vn -0.785278 0.282195 -0.551094
vn -0.785278 0.282195 -0.551094
vn 0.260273 -0.321886 0.910301
vn 0.260273 -0.321886 0.910301
vn 0.260273 -0.321886 0.910301
vn 0.260273 -0.321886 0.910301
vn 0.260273 -0.321886 0.910301
vn 0.260273 -0.321886 0.910301
vn 0.194101 -0.708145 0.678864
vn 0.194101 -0.708145 0.678864
vn 0.194101 -0.708145 0.678864
vn 0.194101 -0.708145 0.678864
vn 0.194101 -0.708145 0.678864
vn 0.194101 -0.708145 0.678864
vn 0.151585 -0.834235 0.530164
vn 0.151585 -0.834235 0.530164
vn 0.151585 -0.834235 0.530164
vn 0.735666 0.020574 -0.677032
vn 0.735666 0.020574 -0.677032
vn 0.735666 0.020574 -0.677032
vn 0.735666 0.020574 -0.677032
vn 0.735666 0.020574 -0.677032
vn 0.735666 0.020574 -0.677032
vn 0.734470 0.060596 -0.675931
vn 0.734470 0.060596 -0.675931
vn 0.734470 0.060596 -0.675931
vn 0.734470 0.060596 -0.675931
vn 0.734470 0.060596 -0.675931
vn 0.734470 0.060596 -0.675931
vn 0.732756 0.091194 -0.674354
vn 0.732756 0.091194 -0.674354
vn 0.732756 0.091194 -0.674354
vn 0.360405 -0.325982 -0.873982
vn 0.360405 -0.325982 -0.873982
vn 0.360405 -0.325982 -0.873982
vn 0.360405 -0.325982 -0.873982
vn 0.360405 -0.325982 -0.873982
vn 0.360405 -0.325982 -0.873982
vn 0.267260 -0.713113 -0.648106
vn 0.267260 -0.713113 -0.648106
vn 0.267260 -0.713113 -0.648106
vn 0.267260 -0.713113 -0.648106
vn 0.267260 -0.713113 -0.648106
vn 0.267260 -0.713113 -0.648106
vn 0.208148 -0.837790 -0.504759
vn 0.208148 -0.837790 -0.504759
vn 0.208148 -0.837790 -0.504759
vn 0.641610 -0.033284 -0.766308
vn 0.641610 -0.033284 -0.766308
vn 0.641610 -0.033284 -0.766308
vn 0.641610 -0.033284 -0.766308
vn 0.641610 -0.033284 -0.766308
vn 0.641610 -0.033284 -0.766308
vn 0.638890 -0.097771 -0.763060
vn 0.638890 -0.097771 -0.763060
vn 0.638890 -0.097771 -0.763060
vn 0.638890 -0.097771 -0.763060
vn 0.638890 -0.097771 -0.763060
vn 0.638890 -0.097771 -0.763060
vn 0.635031 -0.146594 -0.758450
vn 0.635031 -0.146594 -0.758450
vn 0.635031 -0.146594 -0.758450
vn 0.507775 -0.121683 0.852853
vn 0.507775 -0.121683 0.852853
vn 0.507775 -0.121683 0.852853
vn 0.507775 -0.121683 0.852853
vn 0.507775 -0.121683 0.852853
vn 0.507775 -0.121683 0.852853
vn 0.481082 -0.340094 0.808020
vn 0.481082 -0.340094 0.808020
vn 0.481082 -0.340094 0.808020
vn 0.481082 -0.340094 0.808020
vn 0.481082 -0.340094 0.808020
vn 0.481082 -0.340094 0.808020
vn 0.449094 -0.478911 0.754293
vn 0.449094 -0.478911 0.754293
vn 0.449094 -0.478911 0.754293
vn -0.002925 -0.425355 -0.905022
vn -0.002925 -0.425355 -0.905022
vn -0.002925 -0.425355 -0.905022
vn -0.002925 -0.425355 -0.905022
vn -0.002925 -0.425355 -0.905022
vn -0.002925 -0.425355 -0.905022
vn -0.001891 -0.811052 -0.584970
vn -0.001891 -0.811052 -0.584970
vn -0.001891 -0.811052 -0.584970
vn -0.001891 -0.811052 -0.584970
vn -0.001891 -0.811052 -0.584970
vn -0.001891 -0.811052 -0.584970
vn -0.001394 -0.902179 -0.431360
vn -0.001394 -0.902179 -0.431360
vn -0.001394 -0.902179 -0.431360
vn -0.953132 0.286511 0.097219
vn -0.953132 0.286511 0.097219
vn -0.953132 0.286511 0.097219
vn -0.953132 0.286511 0.097219
vn -0.953132 0.286511 0.097219
vn -0.953132 0.286511 0.097219
vn -0.746027 0.661554 0.076095
vn -0.746027 0.661554 0.076095
vn -0.746027 0.661554 0.076095
vn -0.746027 0.661554 0.076095
vn -0.746027 0.661554 0.076095
vn -0.746027 0.661554 0.076095
vn -0.597640 0.799444 0.060959
vn -0.597640 0.799444 0.060959
vn -0.597640 0.799444 0.060959
vn 0.810241 0.065660 0.582407
vn 0.810241 0.065660 0.582407
vn 0.810241 0.065660 0.582407
vn 0.810241 0.065660 0.582407
vn 0.810241 0.065660 0.582407
vn 0.810241 0.065660 0.582407
vn 0.797114 0.190558 0.572972
vn 0.797114 0.190558 0.572972
vn 0.797114 0.190558 0.572972
vn 0.797114 0.190558 0.572972
vn 0.797114 0.190558 0.572972
vn 0.797114 0.190558 0.572972
vn 0.779272 0.281017 0.560147
vn 0.779272 0.281017 0.560147
vn 0.779272 0.281017 0.560147
vn -0.359471 -0.293153 -0.885913
vn -0.359471 -0.293153 -0.885913
vn -0.359471 -0.293153 -0.885913
vn -0.359471 -0.293153 -0.885913
vn -0.359471 -0.293153 -0.885913
vn -0.359471 -0.293153 -0.885913
vn -0.278841 -0.670823 -0.687200
vn -0.278841 -0.670823 -0.687200
vn -0.278841 -0.670823 -0.687200
vn -0.278841 -0.670823 -0.687200
vn -0.278841 -0.670823 -0.687200
vn -0.278841 -0.670823 -0.687200
vn -0.222258 -0.806579 -0.547752
vn -0.222258 -0.806579 -0.547752
vn -0.222258 -0.806579 -0.547752
vn 0.858981 0.228324 0.458279
vn 0.858981 0.228324 0.458279
vn 0.858981 0.228324 0.458279
vn 0.858981 0.228324 0.458279
vn 0.858981 0.228324 0.458279
vn 0.858981 0.228324 0.458279
vn 0.725572 0.568944 0.387103
vn 0.725572 0.568944 0.387103
vn 0.725572 0.568944 0.387103
vn 0.725572 0.568944 0.387103
vn 0.725572 0.568944 0.387103
vn 0.725572 0.568944 0.387103
vn 0.610420 0.722031 0.325668
vn 0.610420 0.722031 0.325668
vn 0.610420 0.722031 0.325668
vn -0.014021 -0.303127 -0.952847
vn -0.014021 -0.303127 -0.952847
vn -0.014021 -0.303127 -0.952847
vn -0.014021 -0.303127 -0.952847
vn -0.014021 -0.303127 -0.952847
vn -0.014021 -0.303127 -0.952847
vn -0.010729 -0.684281 -0.729140
vn -0.010729 -0.684281 -0.729140
vn -0.010729 -0.684281 -0.729140
vn -0.010729 -0.684281 -0.729140
vn -0.010729 -0.684281 -0.729140
vn -0.010729 -0.684281 -0.729140
vn -0.008489 -0.816747 -0.576934
vn -0.008489 -0.816747 -0.576934
vn -0.008489 -0.816747 -0.576934
vn -0.247522 -0.220557 -0.943445
vn -0.247522 -0.220557 -0.943445
vn -0.247522 -0.220557 -0.943445
vn -0.247522 -0.220557 -0.943445
vn -0.247522 -0.220557 -0.943445
vn -0.247522 -0.220557 -0.943445
vn -0.211111 -0.554933 -0.804663
vn -0.211111 -0.554933 -0.804663
vn -0.211111 -0.554933 -0.804663
vn -0.211111 -0.554933 -0.804663
vn -0.211111 -0.554933 -0.804663
vn -0.211111 -0.554933 -0.804663
vn -0.178882 -0.709309 -0.681822
vn -0.178882 -0.709309 -0.681822
vn -0.178882 -0.709309 -0.681822
vn -0.789081 0.049227 -0.612313
vn -0.789081 0.049227 -0.612313
vn -0.789081 0.049227 -0.612313
vn -0.789081 0.049227 -0.612313
vn -0.789081 0.049227 -0.612313
vn -0.789081 0.049227 -0.612313
vn -0.781819 0.143883 -0.606677
vn -0.781819 0.143883 -0.606677
vn -0.781819 0.143883 -0.606677
vn -0.781819 0.143883 -0.606677
vn -0.781819 0.143883 -0.606677
vn -0.781819 0.143883 -0.606677
vn -0.771696 0.214234 -0.598823
vn -0.771696 0.214234 -0.598823
vn -0.771696 0.214234 -0.598823
vn -0.927645 0.206867 0.310935
vn -0.927645 0.206867 0.310935
vn -0.927645 0.206867 0.310935
vn -0.927645 0.206867 0.310935
vn -0.927645 0.206867 0.310935
vn -0.927645 0.206867 0.310935
vn -0.804485 0.529236 0.269654
vn -0.804485 0.529236 0.269654
vn -0.804485 0.529236 0.269654
vn -0.804485 0.529236 0.269654
vn -0.804485 0.529236 0.269654
vn -0.804485 0.529236 0.269654
vn -0.690537 0.685263 0.231460
vn -0.690537 0.685263 0.231460
vn -0.690537 0.685263 0.231460
vn -0.915105 0.257333 -0.310425
vn -0.915105 0.257333 -0.310425
vn -0.915105 0.257333 -0.310425
vn -0.915105 0.257333 -0.310425
vn -0.915105 0.257333 -0.310425
vn -0.915105 0.257333 -0.310425
vn -0.744687 0.617760 -0.252615
vn -0.744687 0.617760 -0.252615
vn -0.744687 0.617760 -0.252615
vn -0.744687 0.617760 -0.252615
vn -0.744687 0.617760 -0.252615
vn -0.744687 0.617760 -0.252615
vn -0.610735 0.764252 -0.207175
vn -0.610735 0.764252 -0.207175
vn -0.610735 0.764252 -0.207175
vn -0.371235 -0.136099 -0.918511
vn -0.371235 -0.136099 -0.918511
vn -0.371235 -0.136099 -0.918511
vn -0.371235 -0.136099 -0.918511
vn -0.371235 -0.136099 -0.918511
vn -0.371235 -0.136099 -0.918511
vn -0.347287 -0.375591 -0.859257
vn -0.347287 -0.375591 -0.859257
vn -0.347287 -0.375591 -0.859257
vn -0.347287 -0.375591 -0.859257
vn -0.347287 -0.375591 -0.859257
vn -0.347287 -0.375591 -0.859257
vn -0.319713 -0.521584 -0.791033
vn -0.319713 -0.521584 -0.791033
vn -0.319713 -0.521584 -0.791033
vn -0.653977 -0.027405 0.756018
vn -0.653977 -0.027405 0.756018
vn -0.653977 -0.027405 0.756018
vn -0.653977 -0.027405 0.756018
vn -0.653977 -0.027405 0.756018
vn -0.653977 -0.027405 0.756018
vn -0.652093 -0.080612 0.753841
vn -0.652093 -0.080612 0.753841
vn -0.652093 -0.080612 0.753841
vn -0.652093 -0.080612 0.753841
vn -0.652093 -0.080612 0.753841
vn -0.652093 -0.080612 0.753841
vn -0.649407 -0.121100 0.750736
vn -0.649407 -0.121100 0.750736
vn -0.649407 -0.121100 0.750736
vn -0.960763 0.177770 0.212913
vn -0.960763 0.177770 0.212913
vn -0.960763 0.177770 0.212913
vn -0.960763 0.177770 0.212913
vn -0.960763 0.177770 0.212913
vn -0.960763 0.177770 0.212913
vn -0.861605 0.470297 0.190938
vn -0.861605 0.470297 0.190938
vn -0.861605 0.470297 0.190938
vn -0.861605 0.470297 0.190938
vn -0.861605 0.470297 0.190938
vn -0.861605 0.470297 0.190938
vn -0.760931 0.626537 0.168628
vn -0.760931 0.626537 0.168628
vn -0.760931 0.626537 0.168628
vn -0.310682 -0.149109 0.938746
vn -0.310682 -0.149109 0.938746
vn -0.310682 -0.149109 0.938746
vn -0.310682 -0.149109 0.938746
vn -0.310682 -0.149109 0.938746
vn -0.310682 -0.149109 0.938746
vn -0.287072 -0.406443 0.867406
vn -0.287072 -0.406443 0.867406
vn -0.287072 -0.406443 0.867406
vn -0.287072 -0.406443 0.867406
vn -0.287072 -0.406443 0.867406
vn -0.287072 -0.406443 0.867406
vn -0.260898 -0.557209 0.788321
vn -0.260898 -0.557209 0.788321
vn -0.260898 -0.557209 0.788321
vn -0.568577 -0.103226 -0.816128
vn -0.568577 -0.103226 -0.816128
vn -0.568577 -0.103226 -0.816128
vn -0.568577 -0.103226 -0.816128
vn -0.568577 -0.103226 -0.816128
vn -0.568577 -0.103226 -0.816128
vn -0.546589 -0.292740 -0.784566
vn -0.546589 -0.292740 -0.784566
vn -0.546589 -0.292740 -0.784566
vn -0.546589 -0.292740 -0.784566
vn -0.546589 -0.292740 -0.784566
vn -0.546589 -0.292740 -0.784566
vn -0.518961 -0.419271 -0.744910
vn -0.518961 -0.419271 -0.744910
vn -0.518961 -0.419271 -0.744910
vn -0.834444 0.171011 0.523887
vn -0.834444 0.171011 0.523887
vn -0.834444 0.171011 0.523887
vn -0.834444 0.171011 0.523887
vn -0.834444 0.171011 0.523887
vn -0.834444 0.171011 0.523887
vn -0.753848 0.455756 0.473286
vn -0.753848 0.455756 0.473286
vn -0.753848 0.455756 0.473286
vn -0.753848 0.455756 0.473286
vn -0.753848 0.455756 0.473286
vn -0.753848 0.455756 0.473286
vn -0.670269 0.611274 0.420813
vn -0.670269 0.611274 0.420813
vn -0.670269 0.611274 0.420813
vn -0.038747 -0.371166 -0.927758
vn -0.038747 -0.371166 -0.927758
vn -0.038747 -0.371166 -0.927758
vn -0.038747 -0.371166 -0.927758
vn -0.038747 -0.371166 -0.927758
vn -0.038747 -0.371166 -0.927758
vn -0.026989 -0.762672 -0.646222
vn -0.026989 -0.762672 -0.646222
vn -0.026989 -0.762672 -0.646222
vn -0.026989 -0.762672 -0.646222
vn -0.026989 -0.762672 -0.646222
vn -0.026989 -0.762672 -0.646222
vn -0.020449 -0.871690 -0.489630
vn -0.020449 -0.871690 -0.489630
vn -0.020449 -0.871690 -0.489630
vn -0.399726 -0.159311 0.902684
vn -0.399726 -0.159311 0.902684
vn -0.399726 -0.159311 0.902684
vn -0.399726 -0.159311 0.902684
vn -0.399726 -0.159311 0.902684
vn -0.399726 -0.159311 0.902684
vn -0.365586 -0.429829 0.825587
vn -0.365586 -0.429829 0.825587
vn -0.365586 -0.429829 0.825587
vn -0.365586 -0.429829 0.825587
vn -0.365586 -0.429829 0.825587
vn -0.365586 -0.429829 0.825587
vn -0.328883 -0.583291 0.742702
vn -0.328883 -0.583291 0.742702
vn -0.328883 -0.583291 0.742702
vn -0.909556 0.129212 0.394984
vn -0.909556 0.129212 0.394984
vn -0.909556 0.129212 0.394984
vn -0.909556 0.129212 0.394984
vn -0.909556 0.129212 0.394984
vn -0.909556 0.129212 0.394984
vn -0.856169 0.358803 0.371800
vn -0.856169 0.358803 0.371800
vn -0.856169 0.358803 0.371800
vn -0.856169 0.358803 0.371800
vn -0.856169 0.358803 0.371800
vn -0.856169 0.358803 0.371800
vn -0.793496 0.501625 0.344583
vn -0.793496 0.501625 0.344583
vn -0.793496 0.501625 0.344583
vn 0.509392 -0.088825 -0.855938
vn 0.509392 -0.088825 -0.855938
vn 0.509392 -0.088825 -0.855938
vn 0.509392 -0.088825 -0.855938
vn 0.509392 -0.088825 -0.855938
vn 0.509392 -0.088825 -0.855938
vn 0.494585 -0.254418 -0.831058
vn 0.494585 -0.254418 -0.831058
vn 0.494585 -0.254418 -0.831058
vn 0.494585 -0.254418 -0.831058
vn 0.494585 -0.254418 -0.831058
vn 0.494585 -0.254418 -0.831058
vn 0.475351 -0.368858 -0.798740
vn 0.475351 -0.368858 -0.798740
vn 0.475351 -0.368858 -0.798740
vn -0.103485 -0.229148 0.967875
vn -0.103485 -0.229148 0.967875
vn -0.103485 -0.229148 0.967875
vn -0.103485 -0.229148 0.967875
vn -0.103485 -0.229148 0.967875
vn -0.103485 -0.229148 0.967875
vn -0.087322 -0.570407 0.816707
vn -0.087322 -0.570407 0.816707
vn -0.087322 -0.570407 0.816707
vn -0.087322 -0.570407 0.816707
vn -0.087322 -0.570407 0.816707
vn -0.087322 -0.570407 0.816707
vn -0.073408 -0.723344 0.686575
vn -0.073408 -0.723344 0.686575
vn -0.073408 -0.723344 0.686575
vn 0.909110 0.317303 -0.269883
vn 0.909110 0.317303 -0.269883
vn 0.909110 0.317303 -0.269883
vn 0.909110 0.317303 -0.269883
vn 0.909110 0.317303 -0.269883
vn 0.909110 0.317303 -0.269883
vn 0.682270 0.702484 -0.202542
vn 0.682270 0.702484 -0.202542
vn 0.682270 0.702484 -0.202542
vn 0.682270 0.702484 -0.202542
vn 0.682270 0.702484 -0.202542
vn 0.682270 0.702484 -0.202542
vn 0.534488 0.830149 -0.158671
vn 0.534488 0.830149 -0.158671
vn 0.534488 0.830149 -0.158671
vn 0.488635 -0.209941 -0.846853
vn 0.488635 -0.209941 -0.846853
vn 0.488635 -0.209941 -0.846853
vn 0.488635 -0.209941 -0.846853
vn 0.488635 -0.209941 -0.846853
vn 0.488635 -0.209941 -0.846853
vn 0.422197 -0.535117 -0.731710
vn 0.422197 -0.535117 -0.731710
vn 0.422197 -0.535117 -0.731710
vn 0.422197 -0.535117 -0.731710
vn 0.422197 -0.535117 -0.731710
vn 0.422197 -0.535117 -0.731710
vn 0.361336 -0.690848 -0.626231
vn 0.361336 -0.690848 -0.626231
vn 0.361336 -0.690848 -0.626231
vn 0.955846 0.271793 -0.111748
vn 0.955846 0.271793 -0.111748
vn 0.955846 0.271793 -0.111748
vn 0.955846 0.271793 -0.111748
vn 0.955846 0.271793 -0.111748
vn 0.955846 0.271793 -0.111748
vn 0.763093 0.640102 -0.089213
vn 0.763093 0.640102 -0.089213
vn 0.763093 0.640102 -0.089213
vn 0.763093 0.640102 -0.089213
vn 0.763093 0.640102 -0.089213
vn 0.763093 0.640102 -0.089213
vn 0.618419 0.782515 -0.072299
vn 0.618419 0.782515 -0.072299
vn 0.618419 0.782515 -0.072299
vn 0.721189 0.007544 -0.692697
vn 0.721189 0.007544 -0.692697
vn 0.721189 0.007544 -0.692697
vn 0.721189 0.007544 -0.692697
vn 0.721189 0.007544 -0.692697
vn 0.721189 0.007544 -0.692697
vn 0.721031 0.022251 -0.692545
vn 0.721031 0.022251 -0.692545
vn 0.721031 0.022251 -0.692545
vn 0.721031 0.022251 -0.692545
vn 0.721031 0.022251 -0.692545
vn 0.721031 0.022251 -0.692545
vn 0.720804 0.033554 -0.692327
vn 0.720804 0.033554 -0.692327
vn 0.720804 0.033554 -0.692327
vn 0.258671 -0.239465 0.935813
vn 0.258671 -0.239465 0.935813
vn 0.258671 -0.239465 0.935813
vn 0.258671 -0.239465 0.935813
vn 0.258671 -0.239465 0.935813
vn 0.258671 -0.239465 0.935813
vn 0.215433 -0.588340 0.779387
vn 0.215433 -0.588340 0.779387
vn 0.215433 -0.588340 0.779387
vn 0.215433 -0.588340 0.779387
vn 0.215433 -0.588340 0.779387
vn 0.215433 -0.588340 0.779387
vn 0.179434 -0.739194 0.649150
vn 0.179434 -0.739194 0.649150
vn 0.179434 -0.739194 0.649150
vn -0.909583 0.333043 0.248480
vn -0.909583 0.333043 0.248480
vn -0.909583 0.333043 0.248480
vn -0.909583 0.333043 0.248480
vn -0.909583 0.333043 0.248480
vn -0.909583 0.333043 0.248480
vn -0.667955 0.721485 0.182472
vn -0.667955 0.721485 0.182472
vn -0.667955 0.721485 0.182472
vn -0.667955 0.721485 0.182472
vn -0.667955 0.721485 0.182472
vn -0.667955 0.721485 0.182472
vn -0.517819 0.843714 0.141458
vn -0.517819 0.843714 0.141458
vn -0.517819 0.843714 0.141458
vn -0.849689 0.202031 -0.487044
vn -0.849689 0.202031 -0.487044
vn -0.849689 0.202031 -0.487044
vn -0.849689 0.202031 -0.487044
vn -0.849689 0.202031 -0.487044
vn -0.849689 0.202031 -0.487044
vn -0.741136 0.519851 -0.424821
vn -0.741136 0.519851 -0.424821
vn -0.741136 0.519851 -0.424821
vn -0.741136 0.519851 -0.424821
vn -0.741136 0.519851 -0.424821
vn -0.741136 0.519851 -0.424821
vn -0.639125 0.676246 -0.366348
vn -0.639125 0.676246 -0.366348
vn -0.639125 0.676246 -0.366348
vn -0.578654 -0.149136 0.801822
vn -0.578654 -0.149136 0.801822
vn -0.578654 -0.149136 0.801822
vn -0.578654 -0.149136 0.801822
vn -0.578654 -0.149136 0.801822
vn -0.578654 -0.149136 0.801822
vn -0.534665 -0.406505 0.740869
vn -0.534665 -0.406505 0.740869
vn -0.534665 -0.406505 0.740869
vn -0.534665 -0.406505 0.740869
vn -0.534665 -0.406505 0.740869
vn -0.534665 -0.406505 0.740869
vn -0.485905 -0.557280 0.673302
vn -0.485905 -0.557280 0.673302
vn -0.485905 -0.557280 0.673302
vn 0.942614 0.185551 -0.277578
vn 0.942614 0.185551 -0.277578
vn 0.942614 0.185551 -0.277578
vn 0.942614 0.185551 -0.277578
vn 0.942614 0.185551 -0.277578
vn 0.942614 0.185551 -0.277578
vn 0.838023 0.486639 -0.246779
vn 0.838023 0.486639 -0.246779
vn 0.838023 0.486639 -0.246779
vn 0.838023 0.486639 -0.246779
vn 0.838023 0.486639 -0.246779
vn 0.838023 0.486639 -0.246779
vn 0.734413 0.643324 -0.216268
vn 0.734413 0.643324 -0.216268
vn 0.734413 0.643324 -0.216268
vn 0.529635 -0.087218 0.843730
vn 0.529635 -0.087218 0.843730
vn 0.529635 -0.087218 0.843730
vn 0.529635 -0.087218 0.843730
vn 0.529635 -0.087218 0.843730
vn 0.529635 -0.087218 0.843730
vn 0.514769 -0.250072 0.820047
vn 0.514769 -0.250072 0.820047
vn 0.514769 -0.250072 0.820047
vn 0.514769 -0.250072 0.820047
vn 0.514769 -0.250072 0.820047
vn 0.514769 -0.250072 0.820047
vn 0.495390 -0.363026 0.789177
vn 0.495390 -0.363026 0.789177
vn 0.495390 -0.363026 0.789177
vn -0.253865 -0.325935 -0.910669
vn -0.253865 -0.325935 -0.910669
vn -0.253865 -0.325935 -0.910669
vn -0.253865 -0.325935 -0.910669
vn -0.253865 -0.325935 -0.910669
vn -0.253865 -0.325935 -0.910669
vn -0.188267 -0.713057 -0.675355
vn -0.188267 -0.713057 -0.675355
vn -0.188267 -0.713057 -0.675355
vn -0.188267 -0.713057 -0.675355
vn -0.188267 -0.713057 -0.675355
vn -0.188267 -0.713057 -0.675355
vn -0.146631 -0.837750 -0.525998
vn -0.146631 -0.837750 -0.525998
vn -0.146631 -0.837750 -0.525998
vn -0.965072 0.254040 0.064029
vn -0.965072 0.254040 0.064029
vn -0.965072 0.254040 0.064029
vn -0.965072 0.254040 0.064029
vn -0.965072 0.254040 0.064029
vn -0.965072 0.254040 0.064029
vn -0.788743 0.612491 0.052330
vn -0.788743 0.612491 0.052330
vn -0.788743 0.612491 0.052330
vn -0.788743 0.612491 0.052330
vn -0.788743 0.612491 0.052330
vn -0.788743 0.612491 0.052330
vn -0.648673 0.759850 0.043037
vn -0.648673 0.759850 0.043037
vn -0.648673 0.759850 0.043037
vn -0.270263 -0.317734 -0.908847
vn -0.270263 -0.317734 -0.908847
vn -0.270263 -0.317734 -0.908847
vn -0.270263 -0.317734 -0.908847
vn -0.270263 -0.317734 -0.908847
vn -0.270263 -0.317734 -0.908847
vn -0.202707 -0.703021 -0.681668
vn -0.202707 -0.703021 -0.681668
vn -0.202707 -0.703021 -0.681668
vn -0.202707 -0.703021 -0.681668
vn -0.202707 -0.703021 -0.681668
vn -0.202707 -0.703021 -0.681668
vn -0.158753 -0.830537 -0.533859
vn -0.158753 -0.830537 -0.533859
vn -0.158753 -0.830537 -0.533859
vn -0.650820 -0.053576 -0.757339
vn -0.650820 -0.053576 -0.757339
vn -0.650820 -0.053576 -0.757339
vn -0.650820 -0.053576 -0.757339
vn -0.650820 -0.053576 -0.757339
vn -0.650820 -0.053576 -0.757339
vn -0.643743 -0.156332 -0.749103
vn -0.643743 -0.156332 -0.749103
vn -0.643743 -0.156332 -0.749103
vn -0.643743 -0.156332 -0.749103
vn -0.643743 -0.156332 -0.749103
vn -0.643743 -0.156332 -0.749103
vn -0.633938 -0.232231 -0.737693
vn -0.633938 -0.232231 -0.737693
vn -0.633938 -0.232231 -0.737693
vn -0.437708 -0.131284 -0.889481
vn -0.437708 -0.131284 -0.889481
vn -0.437708 -0.131284 -0.889481
vn -0.437708 -0.131284 -0.889481
vn -0.437708 -0.131284 -0.889481
vn -0.437708 -0.131284 -0.889481
vn -0.411260 -0.363887 -0.835734
vn -0.411260 -0.363887 -0.835734
vn -0.411260 -0.363887 -0.835734
vn -0.411260 -0.363887 -0.835734
vn -0.411260 -0.363887 -0.835734
vn -0.411260 -0.363887 -0.835734
vn -0.380390 -0.507712 -0.773002
vn -0.380390 -0.507712 -0.773002
vn -0.380390 -0.507712 -0.773002
vn 0.716992 0.013691 -0.696947
vn 0.716992 0.013691 -0.696947
vn 0.716992 0.013691 -0.696947
vn 0.716992 0.013691 -0.696947
vn 0.716992 0.013691 -0.696947
vn 0.716992 0.013691 -0.696947
vn 0.716475 0.040358 -0.696444
vn 0.716475 0.040358 -0.696444
vn 0.716475 0.040358 -0.696444
vn 0.716475 0.040358 -0.696444
vn 0.716475 0.040358 -0.696444
vn 0.716475 0.040358 -0.696444
vn 0.715732 0.060816 -0.695722
vn 0.715732 0.060816 -0.695722
vn 0.715732 0.060816 -0.695722
vn -0.615908 -0.054837 -0.785908
vn -0.615908 -0.054837 -0.785908
vn -0.615908 -0.054837 -0.785908
vn -0.615908 -0.054837 -0.785908
vn -0.615908 -0.054837 -0.785908
vn -0.615908 -0.054837 -0.785908
vn -0.608896 -0.159926 -0.776961
vn -0.608896 -0.159926 -0.776961
vn -0.608896 -0.159926 -0.776961
vn -0.608896 -0.159926 -0.776961
vn -0.608896 -0.159926 -0.776961
vn -0.608896 -0.159926 -0.776961
vn -0.599201 -0.237404 -0.764590
vn -0.599201 -0.237404 -0.764590
vn -0.599201 -0.237404 -0.764590
vt 0.000000 1.000000
vt 1.000000 1.000000
vt 1.000000 0.000000
vt 0.000000 1.000000
vt 1.000000 0.000000
vt 0.000000 0.000000
vt 0.000000 1.000000
vt 1.000000 1.000000
vt 1.000000 0.000000
vt 0.000000 1.000000
vt 1.000000 0.000000
vt 0.000000 0.000000
vt -0.529468 0.590518
vt -0.522364 0.605219
vt -0.603486 0.560385
vt 0.000000 1.000000
vt 1.000000 1.000000
vt 1.000000 0.000000
vt 0.000000 1.000000
vt 1.000000 0.000000
vt 0.000000 0.000000
vt 0.000000 1.000000
vt 1.000000 1.000000
vt 1.000000 0.000000
vt 0.000000 1.000000
vt 1.000000 0.000000
vt 0.000000 0.000000
vt -0.223356 0.959070
vt -0.210587 0.952565
vt -0.177863 0.879053
vt 0.000000 1.000000
vt 1.000000 1.000000
vt 1.000000 0.000000
vt 0.000000 1.000000
vt 1.000000 0.000000
vt 0.000000 0.000000
vt 0.000000 1.000000
vt 1.000000 1.000000
vt 1.000000 0.000000
vt 0.000000 1.000000
vt 1.000000 0.000000
vt 0.000000 0.000000
vt -0.033619 0.982050
vt -0.018162 0.991536
vt -0.070950 0.913364
vt 0.000000 1.000000
vt 1.000000 1.000000
vt 1.000000 0.000000
vt 0.000000 1.000000
vt 1.000000 0.000000
vt 0.000000 0.000000
vt 0.000000 1.000000
vt 1.000000 1.000000
vt 1.000000 0.000000
vt 0.000000 1.000000
vt 1.000000 0.000000
vt 0.000000 0.000000
vt -0.422327 0.927871
vt -0.434032 0.935308
vt -0.474382 1.004304
vt 0.000000 1.000000
vt 1.000000 1.000000
vt 1.000000 0.000000
vt 0.000000 1.000000
vt 1.000000 0.000000
vt 0.000000 0.000000
vt 0.000000 1.000000
vt 1.000000 1.000000
vt 1.000000 0.000000
vt 0.000000 1.000000
vt 1.000000 0.000000
vt 0.000000 0.000000
vt -0.346252 0.880934
vt -0.326389 0.881740
vt -0.339809 0.795256
vt 0.000000 1.000000
vt 1.000000 1.000000
vt 1.000000 0.000000
vt 0.000000 1.000000
vt 1.000000 0.000000
vt 0.000000 0.000000
vt 0.000000 1.000000
vt 1.000000 1.000000
vt 1.000000 0.000000
vt 0.000000 1.000000
vt 1.000000 0.000000
vt 0.000000 0.000000
vt 0.288499 1.068485
vt 0.301252 1.070187
vt 0.283482 0.983941
vt 0.000000 1.000000
vt 1.000000 1.000000
vt 1.000000 0.000000
vt 0.000000 1.000000
vt 1.000000 0.000000
vt 0.000000 0.000000
vt 0.000000 1.000000
vt 1.000000 1.000000
vt 1.000000 0.000000
vt 0.000000 1.000000
vt 1.000000 0.000000
vt 0.000000 0.000000
vt 0.097341 0.781128
vt 0.081619 0.776180
vt 0.115344 0.860832
vt 0.000000 1.000000
vt 1.000000 1.000000
vt 1.000000 0.000000
vt 0.000000 1.000000
vt 1.000000 0.000000
vt 0.000000 0.000000
vt 0.000000 1.000000
vt 1.000000 1.000000
vt 1.000000 0.000000
vt 0.000000 1.000000
vt 1.000000 0.000000
vt 0.000000 0.000000
vt 0.257412 0.651855
vt 0.271403 0.634900
vt 0.330856 0.588544
vt 0.000000 1.000000
vt 1.000000 1.000000
vt 1.000000 0.000000
vt 0.000000 1.000000
vt 1.000000 0.000000
vt 0.000000 0.000000
vt 0.000000 1.000000
vt 1.000000 1.000000
vt 1.000000 0.000000
vt 0.000000 1.000000
vt 1.000000 0.000000
vt 0.000000 0.000000
vt 0.652288 1.009993
vt 0.650521 0.993984
vt 0.737037 1.011439
vt 0.000000 1.000000
vt 1.000000 1.000000
vt 1.000000 0.000000
vt 0.000000 1.000000
vt 1.000000 0.000000
vt 0.000000 0.000000
vt 0.000000 1.000000
vt 1.000000 1.000000
vt 1.000000 0.000000
vt 0.000000 1.000000
vt 1.000000 0.000000
vt 0.000000 0.000000
vt -0.197802 1.110488
vt -0.213741 1.105438
vt -0.179747 1.190091
vt 0.000000 1.000000
vt 1.000000 1.000000
vt 1.000000 0.000000
vt 0.000000 1.000000
vt 1.000000 0.000000
vt 0.000000 0.000000
vt 0.000000 1.000000
vt 1.000000 1.000000
vt 1.000000 0.000000
vt 0.000000 1.000000
vt 1.000000 0.000000
vt 0.000000 0.000000
vt 0.317315 0.762571
vt 0.336962 0.769979
vt 0.296745 0.685662
vt 0.000000 1.000000
vt 1.000000 1.000000
vt 1.000000 0.000000
vt 0.000000 1.000000
vt 1.000000 0.000000
vt 0.000000 0.000000
vt 0.000000 1.000000
vt 1.000000 1.000000
vt 1.000000 0.000000
vt 0.000000 1.000000
vt 1.000000 0.000000
vt 0.000000 0.000000
vt 0.249950 0.697414
vt 0.262493 0.698106
vt 0.251472 0.611739
vt 0.000000 1.000000
vt 1.000000 1.000000
vt 1.000000 0.000000
vt 0.000000 1.000000
vt 1.000000 0.000000
vt 0.000000 0.000000
vt 0.000000 1.000000
vt 1.000000 1.000000
vt 1.000000 0.000000
vt 0.000000 1.000000
vt 1.000000 0.000000
vt 0.000000 0.000000
vt 0.566649 1.136775
vt 0.575950 1.129028
vt 0.626438 1.066705
vt 0.000000 1.000000
vt 1.000000 1.000000
vt 1.000000 0.000000
vt 0.000000 1.000000
vt 1.000000 0.000000
vt 0.000000 0.000000
vt 0.000000 1.000000
vt 1.000000 1.000000
vt 1.000000 0.000000
vt 0.000000 1.000000
vt 1.000000 0.000000
vt 0.000000 0.000000
vt 0.017066 0.739703
vt 0.029312 0.751800
vt -0.037355 0.684461
vt 0.000000 1.000000
vt 1.000000 1.000000
vt 1.000000 0.000000
vt 0.000000 1.000000
vt 1.000000 0.000000
vt 0.000000 0.000000
vt 0.000000 1.000000
vt 1.000000 1.000000
vt 1.000000 0.000000
vt 0.000000 1.000000
vt 1.000000 0.000000
vt 0.000000 0.000000
vt -0.082378 0.436227
vt -0.069970 0.431219
vt -0.043926 0.353834
vt 0.000000 1.000000
vt 1.000000 1.000000
vt 1.000000 0.000000
vt 0.000000 1.000000
vt 1.000000 0.000000
vt 0.000000 0.000000
vt 0.000000 1.000000
vt 1.000000 1.000000
vt 1.000000 0.000000
vt 0.000000 1.000000
vt 1.000000 0.000000
vt 0.000000 0.000000
vt 0.409018 0.685613
vt 0.419258 0.682655
vt 0.438051 0.601367
vt 0.000000 1.000000
vt 1.000000 1.000000
vt 1.000000 0.000000
vt 0.000000 1.000000
vt 1.000000 0.000000
vt 0.000000 0.000000
vt 0.000000 1.000000
vt 1.000000 1.000000
vt 1.000000 0.000000
vt 0.000000 1.000000
vt 1.000000 0.000000
vt 0.000000 0.000000
vt 0.169719 0.810941
vt 0.184815 0.796699
vt 0.236388 0.741155
vt 0.000000 1.000000
vt 1.000000 1.000000
vt 1.000000 0.000000
vt 0.000000 1.000000
vt 1.000000 0.000000
vt 0.000000 0.000000
vt 0.000000 1.000000
vt 1.000000 1.000000
vt 1.000000 0.000000
vt 0.000000 1.000000
vt 1.000000 0.000000
vt 0.000000 0.000000
vt 0.499251 0.863082
vt 0.513752 0.856190
vt 0.543487 0.781827
vt 0.000000 1.000000
vt 1.000000 1.000000
vt 1.000000 0.000000
vt 0.000000 1.000000
vt 1.000000 0.000000
vt 0.000000 0.000000
vt 0.000000 1.000000
vt 1.000000 1.000000
vt 1.000000 0.000000
vt 0.000000 1.000000
vt 1.000000 0.000000
vt 0.000000 0.000000
vt -0.490190 1.106916
vt -0.492595 1.120208
vt -0.576168 1.128904
vt 0.000000 1.000000
vt 1.000000 1.000000
vt 1.000000 0.000000
vt 0.000000 1.000000
vt 1.000000 0.000000
vt 0.000000 0.000000
vt 0.000000 1.000000
vt 1.000000 1.000000
vt 1.000000 0.000000
vt 0.000000 1.000000
vt 1.000000 0.000000
vt 0.000000 0.000000
vt 0.277863 1.143312
vt 0.256392 1.146432
vt 0.254738 1.230129
vt 0.000000 1.000000
vt 1.000000 1.000000
vt 1.000000 0.000000
vt 0.000000 1.000000
vt 1.000000 0.000000
vt 0.000000 0.000000
vt 0.000000 1.000000
vt 1.000000 1.000000
vt 1.000000 0.000000
vt 0.000000 1.000000
vt 1.000000 0.000000
vt 0.000000 0.000000
vt -0.480151 1.355251
vt -0.480964 1.368234
vt -0.566541 1.367124
vt 0.000000 1.000000
vt 1.000000 1.000000
vt 1.000000 0.000000
vt 0.000000 1.000000
vt 1.000000 0.000000
vt 0.000000 0.000000
vt 0.000000 1.000000
vt 1.000000 1.000000
vt 1.000000 0.000000
vt 0.000000 1.000000
vt 1.000000 0.000000
vt 0.000000 0.000000
vt 0.248949 0.631726
vt 0.254218 0.620227
vt 0.329906 0.590092
vt 0.000000 1.000000
vt 1.000000 1.000000
vt 1.000000 0.000000
vt 0.000000 1.000000
vt 1.000000 0.000000
vt 0.000000 0.000000
vt 0.000000 1.000000
vt 1.000000 1.000000
vt 1.000000 0.000000
vt 0.000000 1.000000
vt 1.000000 0.000000
vt 0.000000 0.000000
vt -0.086336 0.950106
vt -0.088109 0.969069
vt -0.173000 0.967611
vt 0.000000 1.000000
vt 1.000000 1.000000
vt 1.000000 0.000000
vt 0.000000 1.000000
vt 1.000000 0.000000
vt 0.000000 0.000000
vt 0.000000 1.000000
vt 1.000000 1.000000
vt 1.000000 0.000000
vt 0.000000 1.000000
vt 1.000000 0.000000
vt 0.000000 0.000000
vt 0.259618 0.732911
vt 0.237983 0.729796
vt 0.261079 0.816626
vt 0.000000 1.000000
vt 1.000000 1.000000
vt 1.000000 0.000000
vt 0.000000 1.000000
vt 1.000000 0.000000
vt 0.000000 0.000000
vt 0.000000 1.000000
vt 1.000000 1.000000
vt 1.000000 0.000000
vt 0.000000 1.000000
vt 1.000000 0.000000
vt 0.000000 0.000000
vt 0.322403 0.552256
vt 0.333844 0.548065
vt 0.357763 0.469268
vt 0.000000 1.000000
vt 1.000000 1.000000
vt 1.000000 0.000000
vt 0.000000 1.000000
vt 1.000000 0.000000
vt 0.000000 0.000000
vt 0.000000 1.000000
vt 1.000000 1.000000
vt 1.000000 0.000000
vt 0.000000 1.000000
vt 1.000000 0.000000
vt 0.000000 0.000000
vt 0.358127 1.310806
vt 0.374812 1.297406
vt 0.420416 1.236936
vt 0.000000 1.000000
vt 1.000000 1.000000
vt 1.000000 0.000000
vt 0.000000 1.000000
vt 1.000000 0.000000
vt 0.000000 0.000000
vt 0.000000 1.000000
vt 1.000000 1.000000
vt 1.000000 0.000000
vt 0.000000 1.000000
vt 1.000000 0.000000
vt 0.000000 0.000000
vt -0.126746 0.999870
vt -0.124691 0.980246
vt -0.040035 0.981085
vt 0.000000 1.000000
vt 1.000000 1.000000
vt 1.000000 0.000000
vt 0.000000 1.000000
vt 1.000000 0.000000
vt 0.000000 0.000000
vt 0.000000 1.000000
vt 1.000000 1.000000
vt 1.000000 0.000000
vt 0.000000 1.000000
vt 1.000000 0.000000
vt 0.000000 0.000000
vt -0.336104 1.089304
vt -0.351354 1.105295
vt -0.406074 1.156759
vt 0.000000 1.000000
vt 1.000000 1.000000
vt 1.000000 0.000000
vt 0.000000 1.000000
vt 1.000000 0.000000
vt 0.000000 0.000000
vt 0.000000 1.000000
vt 1.000000 1.000000
vt 1.000000 0.000000
vt 0.000000 1.000000
vt 1.000000 0.000000
vt 0.000000 0.000000
vt -0.311297 0.783363
vt -0.323299 0.766260
vt -0.246779 0.824301
vt 0.000000 1.000000
vt 1.000000 1.000000
vt 1.000000 0.000000
vt 0.000000 1.000000
vt 1.000000 0.000000
vt 0.000000 0.000000
vt 0.000000 1.000000
vt 1.000000 1.000000
vt 1.000000 0.000000
vt 0.000000 1.000000
vt 1.000000 0.000000
vt 0.000000 0.000000
vt -0.424158 1.184286
vt -0.411880 1.187797
vt -0.441703 1.103209
vt 0.000000 1.000000
vt 1.000000 1.000000
vt 1.000000 0.000000
vt 0.000000 1.000000
vt 1.000000 0.000000
vt 0.000000 0.000000
vt 0.000000 1.000000
vt 1.000000 1.000000
vt 1.000000 0.000000
vt 0.000000 1.000000
vt 1.000000 0.000000
vt 0.000000 0.000000
vt -0.163028 0.609533
vt -0.175178 0.622736
vt -0.232496 0.674474
vt 0.000000 1.000000
vt 1.000000 1.000000
vt 1.000000 0.000000
vt 0.000000 1.000000
vt 1.000000 0.000000
vt 0.000000 0.000000
vt 0.000000 1.000000
vt 1.000000 1.000000
vt 1.000000 0.000000
vt 0.000000 1.000000
vt 1.000000 0.000000
vt 0.000000 0.000000
vt 0.230981 1.185140
vt 0.217707 1.190614
vt 0.191501 1.267523
vt 0.000000 1.000000
vt 1.000000 1.000000
vt 1.000000 0.000000
vt 0.000000 1.000000
vt 1.000000 0.000000
vt 0.000000 0.000000
vt 0.000000 1.000000
vt 1.000000 1.000000
vt 1.000000 0.000000
vt 0.000000 1.000000
vt 1.000000 0.000000
vt 0.000000 0.000000
vt 0.184488 1.392973
vt 0.173390 1.402265
vt 0.123632 1.463675
vt 0.000000 1.000000
vt 1.000000 1.000000
vt 1.000000 0.000000
vt 0.000000 1.000000
vt 1.000000 0.000000
vt 0.000000 0.000000
vt 0.000000 1.000000
vt 1.000000 1.000000
vt 1.000000 0.000000
vt 0.000000 1.000000
vt 1.000000 0.000000
vt 0.000000 0.000000
vt -0.200341 0.839259
vt -0.182499 0.849882
vt -0.235494 0.770545
vt 0.000000 1.000000
vt 1.000000 1.000000
vt 1.000000 0.000000
vt 0.000000 1.000000
vt 1.000000 0.000000
vt 0.000000 0.000000
vt 0.000000 1.000000
vt 1.000000 1.000000
vt 1.000000 0.000000
vt 0.000000 1.000000
vt 1.000000 0.000000
vt 0.000000 0.000000
vt 0.412072 1.434241
vt 0.394672 1.434185
vt 0.403650 1.520365
vt 0.000000 1.000000
vt 1.000000 1.000000
vt 1.000000 0.000000
vt 0.000000 1.000000
vt 1.000000 0.000000
vt 0.000000 0.000000
vt 0.000000 1.000000
vt 1.000000 1.000000
vt 1.000000 0.000000
vt 0.000000 1.000000
vt 1.000000 0.000000
vt 0.000000 0.000000
vt 0.009690 0.873687
vt 0.011341 0.857502
vt 0.096223 0.856852
vt 0.000000 1.000000
vt 1.000000 1.000000
vt 1.000000 0.000000
vt 0.000000 1.000000
vt 1.000000 0.000000
vt 0.000000 0.000000
vt 0.000000 1.000000
vt 1.000000 1.000000
vt 1.000000 0.000000
vt 0.000000 1.000000
vt 1.000000 0.000000
vt 0.000000 0.000000
vt 0.325611 1.041530
vt 0.332858 1.051612
vt 0.259280 0.996287
vt 0.000000 1.000000
vt 1.000000 1.000000
vt 1.000000 0.000000
vt 0.000000 1.000000
vt 1.000000 0.000000
vt 0.000000 0.000000
vt 0.000000 1.000000
vt 1.000000 1.000000
vt 1.000000 0.000000
vt 0.000000 1.000000
vt 1.000000 0.000000
vt 0.000000 0.000000
vt -0.250983 0.844747
vt -0.265832 0.838721
vt -0.226015 0.921564
vt 0.000000 1.000000
vt 1.000000 1.000000
vt 1.000000 0.000000
vt 0.000000 1.000000
vt 1.000000 0.000000
vt 0.000000 0.000000
vt 0.000000 1.000000
vt 1.000000 1.000000
vt 1.000000 0.000000
vt 0.000000 1.000000
vt 1.000000 0.000000
vt 0.000000 0.000000
vt 0.262873 1.304362
vt 0.272602 1.322598
vt 0.191727 1.272927
vt 0.000000 1.000000
vt 1.000000 1.000000
vt 1.000000 0.000000
vt 0.000000 1.000000
vt 1.000000 0.000000
vt 0.000000 0.000000
vt 0.000000 1.000000
vt 1.000000 1.000000
vt 1.000000 0.000000
vt 0.000000 1.000000
vt 1.000000 0.000000
vt 0.000000 0.000000
vt -0.183728 0.842150
vt -0.197340 0.841950
vt -0.189266 0.928193
vt 0.000000 1.000000
vt 1.000000 1.000000
vt 1.000000 0.000000
vt 0.000000 1.000000
vt 1.000000 0.000000
vt 0.000000 0.000000
vt 0.000000 1.000000
vt 1.000000 1.000000
vt 1.000000 0.000000
vt 0.000000 1.000000
vt 1.000000 0.000000
vt 0.000000 0.000000
vt -0.407517 1.401306
vt -0.418529 1.398417
vt -0.391160 1.483194
vt 0.000000 1.000000
vt 1.000000 1.000000
vt 1.000000 0.000000
vt 0.000000 1.000000
vt 1.000000 0.000000
vt 0.000000 0.000000
vt 0.000000 1.000000
vt 1.000000 1.000000
vt 1.000000 0.000000
vt 0.000000 1.000000
vt 1.000000 0.000000
vt 0.000000 0.000000
vt 0.273421 1.051487
vt 0.266681 1.042802
vt 0.338115 1.099961
vt 0.000000 1.000000
vt 1.000000 1.000000
vt 1.000000 0.000000
vt 0.000000 1.000000
vt 1.000000 0.000000
vt 0.000000 0.000000
vt 0.000000 1.000000
vt 1.000000 1.000000
vt 1.000000 0.000000
vt 0.000000 1.000000
vt 1.000000 0.000000
vt 0.000000 0.000000
vt 0.336048 1.175641
vt 0.342836 1.155392
vt 0.421127 1.138137
vt 0.000000 1.000000
vt 1.000000 1.000000
vt 1.000000 0.000000
vt 0.000000 1.000000
vt 1.000000 0.000000
vt 0.000000 0.000000
vt 0.000000 1.000000
vt 1.000000 1.000000
vt 1.000000 0.000000
vt 0.000000 1.000000
vt 1.000000 0.000000
vt 0.000000 0.000000
vt -0.245688 0.749289
vt -0.250342 0.735569
vt -0.166429 0.770104
vt 0.000000 1.000000
vt 1.000000 1.000000
vt 1.000000 0.000000
vt 0.000000 1.000000
vt 1.000000 0.000000
vt 0.000000 0.000000
vt 0.000000 1.000000
vt 1.000000 1.000000
vt 1.000000 0.000000
vt 0.000000 1.000000
vt 1.000000 0.000000
vt 0.000000 0.000000
vt -0.420324 1.391740
vt -0.434468 1.386023
vt -0.395113 1.468756
vt 0.000000 1.000000
vt 1.000000 1.000000
vt 1.000000 0.000000
vt 0.000000 1.000000
vt 1.000000 0.000000
vt 0.000000 0.000000
vt 0.000000 1.000000
vt 1.000000 1.000000
vt 1.000000 0.000000
vt 0.000000 1.000000
vt 1.000000 0.000000
vt 0.000000 0.000000
vt -0.180980 0.927386
vt -0.173000 0.920483
vt -0.120628 0.858778
vt 0.000000 1.000000
vt 1.000000 1.000000
vt 1.000000 0.000000
vt 0.000000 1.000000
vt 1.000000 0.000000
vt 0.000000 0.000000
vt 0.000000 1.000000
vt 1.000000 1.000000
vt 1.000000 0.000000
vt 0.000000 1.000000
vt 1.000000 0.000000
vt 0.000000 0.000000
vt 0.459544 0.910440
vt 0.462222 0.898356
vt 0.544994 0.885758
vt 0.000000 1.000000
vt 1.000000 1.000000
vt 1.000000 0.000000
vt 0.000000 1.000000
vt 1.000000 0.000000
vt 0.000000 0.000000
vt 0.000000 1.000000
vt 1.000000 1.000000
vt 1.000000 0.000000
vt 0.000000 1.000000
vt 1.000000 0.000000
vt 0.000000 0.000000
vt -0.225351 1.281832
vt -0.214787 1.278336
vt -0.193001 1.198295
vt 0.000000 1.000000
vt 1.000000 1.000000
vt 1.000000 0.000000
vt 0.000000 1.000000
vt 1.000000 0.000000
vt 0.000000 0.000000
vt 0.000000 1.000000
vt 1.000000 1.000000
vt 1.000000 0.000000
vt 0.000000 1.000000
vt 1.000000 0.000000
vt 0.000000 0.000000
vt 0.563112 1.256292
vt 0.550724 1.247662
vt 0.606165 1.322666
vt 0.000000 1.000000
vt 1.000000 1.000000
vt 1.000000 0.000000
vt 0.000000 1.000000
vt 1.000000 0.000000
vt 0.000000 0.000000
vt 0.000000 1.000000
vt 1.000000 1.000000
vt 1.000000 0.000000
vt 0.000000 1.000000
vt 1.000000 0.000000
vt 0.000000 0.000000
vt -0.204819 1.265381
vt -0.198227 1.254881
vt -0.128559 1.214322
vt 0.000000 1.000000
vt 1.000000 1.000000
vt 1.000000 0.000000
vt 0.000000 1.000000
vt 1.000000 0.000000
vt 0.000000 0.000000
vt 0.000000 1.000000
vt 1.000000 1.000000
vt 1.000000 0.000000
vt 0.000000 1.000000
vt 1.000000 0.000000
vt 0.000000 0.000000
vt 0.144236 1.045932
vt 0.125561 1.045152
vt 0.138494 1.131619
vt 0.000000 1.000000
vt 1.000000 1.000000
vt 1.000000 0.000000
vt 0.000000 1.000000
vt 1.000000 0.000000
vt 0.000000 0.000000
vt 0.000000 1.000000
vt 1.000000 1.000000
vt 1.000000 0.000000
vt 0.000000 1.000000
vt 1.000000 0.000000
vt 0.000000 0.000000
vt 0.337552 0.977649
vt 0.352165 0.971178
vt 0.379741 0.895639
vt 0.000000 1.000000
vt 1.000000 1.000000
vt 1.000000 0.000000
vt 0.000000 1.000000
vt 1.000000 0.000000
vt 0.000000 0.000000
vt 0.000000 1.000000
vt 1.000000 1.000000
vt 1.000000 0.000000
vt 0.000000 1.000000
vt 1.000000 0.000000
vt 0.000000 0.000000
vt 0.586484 0.870588
vt 0.592915 0.855780
vt 0.668722 0.828868
vt 0.000000 1.000000
vt 1.000000 1.000000
vt 1.000000 0.000000
vt 0.000000 1.000000
vt 1.000000 0.000000
vt 0.000000 0.000000
vt 0.000000 1.000000
vt 1.000000 1.000000
vt 1.000000 0.000000
vt 0.000000 1.000000
vt 1.000000 0.000000
vt 0.000000 0.000000
vt 0.222275 0.941907
vt 0.206800 0.951117
vt 0.170479 1.020545
vt 0.000000 1.000000
vt 1.000000 1.000000
vt 1.000000 0.000000
vt 0.000000 1.000000
vt 1.000000 0.000000
vt 0.000000 0.000000
vt 0.000000 1.000000
vt 1.000000 1.000000
vt 1.000000 0.000000
vt 0.000000 1.000000
vt 1.000000 0.000000
vt 0.000000 0.000000
vt -0.345488 1.275173
vt -0.328338 1.273339
vt -0.327754 1.188592
vt 0.000000 1.000000
vt 1.000000 1.000000
vt 1.000000 0.000000
vt 0.000000 1.000000
vt 1.000000 0.000000
vt 0.000000 0.000000
vt 0.000000 1.000000
vt 1.000000 1.000000
vt 1.000000 0.000000
vt 0.000000 1.000000
vt 1.000000 0.000000
vt 0.000000 0.000000
vt 0.020133 1.555793
vt 0.015635 1.570945
vt -0.064706 1.587887
vt 0.000000 1.000000
vt 1.000000 1.000000
vt 1.000000 0.000000
vt 0.000000 1.000000
vt 1.000000 0.000000
vt 0.000000 0.000000
vt 0.000000 1.000000
vt 1.000000 1.000000
vt 1.000000 0.000000
vt 0.000000 1.000000
vt 1.000000 0.000000
vt 0.000000 0.000000
vt -0.523754 1.228912
vt -0.538412 1.237370
vt -0.574139 1.307762
vt 0.000000 1.000000
vt 1.000000 1.000000
vt 1.000000 0.000000
vt 0.000000 1.000000
vt 1.000000 0.000000
vt 0.000000 0.000000
vt 0.000000 1.000000
vt 1.000000 1.000000
vt 1.000000 0.000000
vt 0.000000 1.000000
vt 1.000000 0.000000
vt 0.000000 0.000000
vt 0.030190 0.986580
vt 0.028681 0.999486
vt -0.056134 1.003037
vt 0.000000 1.000000
vt 1.000000 1.000000
vt 1.000000 0.000000
vt 0.000000 1.000000
vt 1.000000 0.000000
vt 0.000000 0.000000
vt 0.000000 1.000000
vt 1.000000 1.000000
vt 1.000000 0.000000
vt 0.000000 1.000000
vt 1.000000 0.000000
vt 0.000000 0.000000
vt 0.240186 0.905955
vt 0.226225 0.920491
vt 0.171072 0.972902
vt 0.000000 1.000000
vt 1.000000 1.000000
vt 1.000000 0.000000
vt 0.000000 1.000000
vt 1.000000 0.000000
vt 0.000000 0.000000
vt 0.000000 1.000000
vt 1.000000 1.000000
vt 1.000000 0.000000
vt 0.000000 1.000000
vt 1.000000 0.000000
vt 0.000000 0.000000
vt -0.273262 1.328744
vt -0.261795 1.331913
vt -0.290481 1.247290
vt 0.000000 1.000000
vt 1.000000 1.000000
vt 1.000000 0.000000
vt 0.000000 1.000000
vt 1.000000 0.000000
vt 0.000000 0.000000
vt 0.000000 1.000000
vt 1.000000 1.000000
vt 1.000000 0.000000
vt 0.000000 1.000000
vt 1.000000 0.000000
vt 0.000000 0.000000
vt 0.360000 0.956284
vt 0.363292 0.944234
vt 0.444753 0.927556
vt 0.000000 1.000000
vt 1.000000 1.000000
vt 1.000000 0.000000
vt 0.000000 1.000000
vt 1.000000 0.000000
vt 0.000000 0.000000
vt 0.000000 1.000000
vt 1.000000 1.000000
vt 1.000000 0.000000
vt 0.000000 1.000000
vt 1.000000 0.000000
vt 0.000000 0.000000
vt -0.218174 0.737388
vt -0.227994 0.720255
vt -0.148340 0.771664
vt 0.000000 1.000000
vt 1.000000 1.000000
vt 1.000000 0.000000
vt 0.000000 1.000000
vt 1.000000 0.000000
vt 0.000000 0.000000
vt 0.000000 1.000000
vt 1.000000 1.000000
vt 1.000000 0.000000
vt 0.000000 1.000000
vt 1.000000 0.000000
vt 0.000000 0.000000
vt 0.283224 1.076056
vt 0.299790 1.064101
vt 0.341923 1.000219
vt 0.000000 1.000000
vt 1.000000 1.000000
vt 1.000000 0.000000
vt 0.000000 1.000000
vt 1.000000 0.000000
vt 0.000000 0.000000
vt 0.000000 1.000000
vt 1.000000 1.000000
vt 1.000000 0.000000
vt 0.000000 1.000000
vt 1.000000 0.000000
vt 0.000000 0.000000
vt 0.098004 1.342516
vt 0.094146 1.355615
vt 0.013432 1.373402
vt 0.000000 1.000000
vt 1.000000 1.000000
vt 1.000000 0.000000
vt 0.000000 1.000000
vt 1.000000 0.000000
vt 0.000000 0.000000
vt 0.000000 1.000000
vt 1.000000 1.000000
vt 1.000000 0.000000
vt 0.000000 1.000000
vt 1.000000 0.000000
vt 0.000000 0.000000
vt 0.275719 0.614327
vt 0.291086 0.623974
vt 0.237599 0.546183
vt 0.000000 1.000000
vt 1.000000 1.000000
vt 1.000000 0.000000
vt 0.000000 1.000000
vt 1.000000 0.000000
vt 0.000000 0.000000
vt 0.000000 1.000000
vt 1.000000 1.000000
vt 1.000000 0.000000
vt 0.000000 1.000000
vt 1.000000 0.000000
vt 0.000000 0.000000
vt 0.086441 0.949008
vt 0.065099 0.943059
vt 0.098905 1.029021
vt 0.000000 1.000000
vt 1.000000 1.000000
vt 1.000000 0.000000
vt 0.000000 1.000000
vt 1.000000 0.000000
vt 0.000000 0.000000
vt 0.000000 1.000000
vt 1.000000 1.000000
vt 1.000000 0.000000
vt 0.000000 1.000000
vt 1.000000 0.000000
vt 0.000000 0.000000
vt -0.393399 0.947778
vt -0.391912 0.925368
vt -0.306692 0.930870
vt 0.000000 1.000000
vt 1.000000 1.000000
vt 1.000000 0.000000
vt 0.000000 1.000000
vt 1.000000 0.000000
vt 0.000000 0.000000
vt 0.000000 1.000000
vt 1.000000 1.000000
vt 1.000000 0.000000
vt 0.000000 1.000000
vt 1.000000 0.000000
vt 0.000000 0.000000
vt 0.026531 1.498213
vt 0.012952 1.494175
vt 0.044297 1.578772
vt 0.000000 1.000000
vt 1.000000 1.000000
vt 1.000000 0.000000
vt 0.000000 1.000000
vt 1.000000 0.000000
vt 0.000000 0.000000
vt 0.000000 1.000000
vt 1.000000 1.000000
vt 1.000000 0.000000
vt 0.000000 1.000000
vt 1.000000 0.000000
vt 0.000000 0.000000
vt -0.052528 1.434602
vt -0.061302 1.427062
vt -0.000765 1.496172
vt 0.000000 1.000000
vt 1.000000 1.000000
vt 1.000000 0.000000
vt 0.000000 1.000000
vt 1.000000 0.000000
vt 0.000000 0.000000
vt 0.000000 1.000000
vt 1.000000 1.000000
vt 1.000000 0.000000
vt 0.000000 1.000000
vt 1.000000 0.000000
vt 0.000000 0.000000
vt 0.359805 1.567183
vt 0.345902 1.560342
vt 0.390892 1.641062
vt 0.000000 1.000000
vt 1.000000 1.000000
vt 1.000000 0.000000
vt 0.000000 1.000000
vt 1.000000 0.000000
vt 0.000000 0.000000
vt 0.000000 1.000000
vt 1.000000 1.000000
vt 1.000000 0.000000
vt 0.000000 1.000000
vt 1.000000 0.000000
vt 0.000000 0.000000
vt 0.164902 0.955148
vt 0.150004 0.970474
vt 0.095677 1.022860
vt 0.000000 1.000000
vt 1.000000 1.000000
vt 1.000000 0.000000
vt 0.000000 1.000000
vt 1.000000 0.000000
vt 0.000000 0.000000
vt 0.000000 1.000000
vt 1.000000 1.000000
vt 1.000000 0.000000
vt 0.000000 1.000000
vt 1.000000 0.000000
vt 0.000000 0.000000
vt 0.279837 1.208145
vt 0.269758 1.200247
vt 0.327939 1.272005
f 1/1/1 2/2/2 3/3/3
f 4/4/4 5/5/5 6/6/6
f 7/7/7 8/8/8 9/9/9
f 10/10/10 11/11/11 12/12/12
f 13/13/13 14/14/14 15/15/15
f 16/16/16 17/17/17 18/18/18
f 19/19/19 20/20/20 21/21/21
f 22/22/22 23/23/23 24/24/24
f 25/25/25 26/26/26 27/27/27
f 28/28/28 29/29/29 30/30/30
f 31/31/31 32/32/32 33/33/33
f 34/34/34 35/35/35 36/36/36
f 37/37/37 38/38/38 39/39/39
f 40/40/40 41/41/41 42/42/42
f 43/43/43 44/44/44 45/45/45
f 46/46/46 47/47/47 48/48/48
f 49/49/49 50/50/50 51/51/51
f 52/52/52 53/53/53 54/54/54
f 55/55/55 56/56/56 57/57/57
f 58/58/58 59/59/59 60/60/60
f 61/61/61 62/62/62 63/63/63
f 64/64/64 65/65/65 66/66/66
f 67/67/67 68/68/68 69/69/69
f 70/70/70 71/71/71 72/72/72
f 73/73/73 74/74/74 75/75/75
f 76/76/76 77/77/77 78/78/78
f 79/79/79 80/80/80 81/81/81
f 82/82/82 83/83/83 84/84/84
f 85/85/85 86/86/86 87/87/87
f 88/88/88 89/89/89 90/90/90
f 91/91/91 92/92/92 93/93/93
f 94/94/94 95/95/95 96/96/96
f 97/97/97 98/98/98 99/99/99
f 100/100/100 101/101/101 102/102/102
f 103/103/103 104/104/104 105/105/105
f 106/106/106 107/107/107 108/108/108
f 109/109/109 110/110/110 111/111/111
f 112/112/112 113/113/113 114/114/114
f 115/115/115 116/116/116 117/117/117
f 118/118/118 119/119/119 120/120/120
f 121/121/121 122/122/122 123/123/123
f 124/124/124 125/125/125 126/126/126
f 127/127/127 128/128/128 129/129/129
f 130/130/130 131/131/131 132/132/132
f 133/133/133 134/134/134 135/135/135
f 136/136/136 137/137/137 138/138/138
f 139/139/139 140/140/140 141/141/141
f 142/142/142 143/143/143 144/144/144
f 145/145/145 146/146/146 147/147/147
f 148/148/148 149/149/149 150/150/150
f 151/151/151 152/152/152 153/153/153
f 154/154/154 155/155/155 156/156/156
f 157/157/157 158/158/158 159/159/159
f 160/160/160 161/161/161 162/162/162
f 163/163/163 164/164/164 165/165/165
f 166/166/166 167/167/167 168/168/168
f 169/169/169 170/170/170 171/171/171
f 172/172/172 173/173/173 174/174/174
f 175/175/175 176/176/176 177/177/177
f 178/178/178 179/179/179 180/180/180
f 181/181/181 182/182/182 183/183/183
f 184/184/184 185/185/185 186/186/186
f 187/187/187 188/188/188 189/189/189
f 190/190/190 191/191/191 192/192/192
f 193/193/193 194/194/194 195/195/195
f 196/196/196 197/197/197 198/198/198
f 199/199/199 200/200/200 201/201/201
f 202/202/202 203/203/203 204/204/204
f 205/205/205 206/206/206 207/207/207
f 208/208/208 209/209/209 210/210/210
f 211/211/211 212/212/212 213/213/213
f 214/214/214 215/215/215 216/216/216
f 217/217/217 218/218/218 219/219/219
f 220/220/220 221/221/221 222/222/222
f 223/223/223 224/224/224 225/225/225
f 226/226/226 227/227/227 228/228/228
f 229/229/229 230/230/230 231/231/231
f 232/232/232 233/233/233 234/234/234
f 235/235/235 236/236/236 237/237/237
f 238/238/238 239/239/239 240/240/240
f 241/241/241 242/242/242 243/243/243
f 244/244/244 245/245/245 246/246/246
f 247/247/247 248/248/248 249/249/249
f 250/250/250 251/251/251 252/252/252
f 253/253/253 254/254/254 255/255/255
f 256/256/256 257/257/257 258/258/258
f 259/259/259 260/260/260 261/261/261
f 262/262/262 263/263/263 264/264/264
f 265/265/265 266/266/266 267/267/267
f 268/268/268 269/269/269 270/270/270
f 271/271/271 272/272/272 273/273/273
f 274/274/274 275/275/275 276/276/276
f 277/277/277 278/278/278 279/279/279
f 280/280/280 281/281/281 282/282/282
f 283/283/283 284/284/284 285/285/285
f 286/286/286 287/287/287 288/288/288
f 289/289/289 290/290/290 291/291/291
f 292/292/292 293/293/293 294/294/294
f 295/295/295 296/296/296 297/297/297
f 298/298/298 299/299/299 300/300/300
f 301/301/301 302/302/302 303/303/303
f 304/304/304 305/305/305 306/306/306
f 307/307/307 308/308/308 309/309/309
f 310/310/310 311/311/311 312/312/312
f 313/313/313 314/314/314 315/315/315
f 316/316/316 317/317/317 318/318/318
f 319/319/319 320/320/320 321/321/321
f 322/322/322 323/323/323 324/324/324
f 325/325/325 326/326/326 327/327/327
f 328/328/328 329/329/329 330/330/330
f 331/331/331 332/332/332 333/333/333
f 334/334/334 335/335/335 336/336/336
f 337/337/337 338/338/338 339/339/339
f 340/340/340 341/341/341 342/342/342
f 343/343/343 344/344/344 345/345/345
f 346/346/346 347/347/347 348/348/348
f 349/349/349 350/350/350 351/351/351
f 352/352/352 353/353/353 354/354/354
f 355/355/355 356/356/356 357/357/357
f 358/358/358 359/359/359 360/360/360
f 361/361/361 362/362/362 363/363/363
f 364/364/364 365/365/365 366/366/366
f 367/367/367 368/368/368 369/369/369
f 370/370/370 371/371/371 372/372/372
f 373/373/373 374/374/374 375/375/375
f 376/376/376 377/377/377 378/378/378
f 379/379/379 380/380/380 381/381/381
f 382/382/382 383/383/383 384/384/384
f 385/385/385 386/386/386 387/387/387
f 388/388/388 389/389/389 390/390/390
f 391/391/391 392/392/392 393/393/393
f 394/394/394 395/395/395 396/396/396
f 397/397/397 398/398/398 399/399/399
f 400/400/400 401/401/401 402/402/402
f 403/403/403 404/404/404 405/405/405
f 406/406/406 407/407/407 408/408/408
f 409/409/409 410/410/410 411/411/411
f 412/412/412 413/413/413 414/414/414
f 415/415/415 416/416/416 417/417/417
f 418/418/418 419/419/419 420/420/420
f 421/421/421 422/422/422 423/423/423
f 424/424/424 425/425/425 426/426/426
f 427/427/427 428/428/428 429/429/429
f 430/430/430 431/431/431 432/432/432
f 433/433/433 434/434/434 435/435/435
f 436/436/436 437/437/437 438/438/438
f 439/439/439 440/440/440 441/441/441
f 442/442/442 443/443/443 444/444/444
f 445/445/445 446/446/446 447/447/447
f 448/448/448 449/449/449 450/450/450
f 451/451/451 452/452/452 453/453/453
f 454/454/454 455/455/455 456/456/456
f 457/457/457 458/458/458 459/459/459
f 460/460/460 461/461/461 462/462/462
f 463/463/463 464/464/464 465/465/465
f 466/466/466 467/467/467 468/468/468
f 469/469/469 470/470/470 471/471/471
f 472/472/472 473/473/473 474/474/474
f 475/475/475 476/476/476 477/477/477
f 478/478/478 479/479/479 480/480/480
f 481/481/481 482/482/482 483/483/483
f 484/484/484 485/485/485 486/486/486
f 487/487/487 488/488/488 489/489/489
f 490/490/490 491/491/491 492/492/492
f 493/493/493 494/494/494 495/495/495
f 496/496/496 497/497/497 498/498/498
f 499/499/499 500/500/500 501/501/501
f 502/502/502 503/503/503 504/504/504
f 505/505/505 506/506/506 507/507/507
f 508/508/508 509/509/509 510/510/510
f 511/511/511 512/512/512 513/513/513
f 514/514/514 515/515/515 516/516/516
f 517/517/517 518/518/518 519/519/519
f 520/520/520 521/521/521 522/522/522
f 523/523/523 524/524/524 525/525/525
f 526/526/526 527/527/527 528/528/528
f 529/529/529 530/530/530 531/531/531
f 532/532/532 533/533/533 534/534/534
f 535/535/535 536/536/536 537/537/537
f 538/538/538 539/539/539 540/540/540
f 541/541/541 542/542/542 543/543/543
f 544/544/544 545/545/545 546/546/546
f 547/547/547 548/548/548 549/549/549
f 550/550/550 551/551/551 552/552/552
f 553/553/553 554/554/554 555/555/555
f 556/556/556 557/557/557 558/558/558
f 559/559/559 560/560/560 561/561/561
f 562/562/562 563/563/563 564/564/564
f 565/565/565 566/566/566 567/567/567
f 568/568/568 569/569/569 570/570/570
f 571/571/571 572/572/572 573/573/573
f 574/574/574 575/575/575 576/576/576
f 577/577/577 578/578/578 579/579/579
f 580/580/580 581/581/581 582/582/582
f 583/583/583 584/584/584 585/585/585
f 586/586/586 587/587/587 588/588/588
f 589/589/589 590/590/590 591/591/591
f 592/592/592 593/593/593 594/594/594
f 595/595/595 596/596/596 597/597/597
f 598/598/598 599/599/599 600/600/600
f 601/601/601 602/602/602 603/603/603
f 604/604/604 605/605/605 606/606/606
f 607/607/607 608/608/608 609/609/609
f 610/610/610 611/611/611 612/612/612
f 613/613/613 614/614/614 615/615/615
f 616/616/616 617/617/617 618/618/618
f 619/619/619 620/620/620 621/621/621
f 622/622/622 623/623/623 624/624/624
f 625/625/625 626/626/626 627/627/627
f 628/628/628 629/629/629 630/630/630
f 631/631/631 632/632/632 633/633/633
f 634/634/634 635/635/635 636/636/636
f 637/637/637 638/638/638 639/639/639
f 640/640/640 641/641/641 642/642/642
f 643/643/643 644/644/644 645/645/645
f 646/646/646 647/647/647 648/648/648
f 649/649/649 650/650/650 651/651/651
f 652/652/652 653/653/653 654/654/654
f 655/655/655 656/656/656 657/657/657
f 658/658/658 659/659/659 660/660/660
f 661/661/661 662/662/662 663/663/663
f 664/664/664 665/665/665 666/666/666
f 667/667/667 668/668/668 669/669/669
f 670/670/670 671/671/671 672/672/672
f 673/673/673 674/674/674 675/675/675
f 676/676/676 677/677/677 678/678/678
f 679/679/679 680/680/680 681/681/681
f 682/682/682 683/683/683 684/684/684
f 685/685/685 686/686/686 687/687/687
f 688/688/688 689/689/689 690/690/690
f 691/691/691 692/692/692 693/693/693
f 694/694/694 695/695/695 696/696/696
f 697/697/697 698/698/698 699/699/699
f 700/700/700 701/701/701 702/702/702
f 703/703/703 704/704/704 705/705/705
f 706/706/706 707/707/707 708/708/708
f 709/709/709 710/710/710 711/711/711
f 712/712/712 713/713/713 714/714/714
f 715/715/715 716/716/716 717/717/717
f 718/718/718 719/719/719 720/720/720
f 721/721/721 722/722/722 723/723/723
f 724/724/724 725/725/725 726/726/726
f 727/727/727 728/728/728 729/729/729
f 730/730/730 731/731/731 732/732/732
f 733/733/733 734/734/734 735/735/735
f 736/736/736 737/737/737 738/738/738
f 739/739/739 740/740/740 741/741/741
f 742/742/742 743/743/743 744/744/744
f 745/745/745 746/746/746 747/747/747
f 748/748/748 749/749/749 750/750/750
f 751/751/751 752/752/752 753/753/753
f 754/754/754 755/755/755 756/756/756
f 757/757/757 758/758/758 759/759/759
f 760/760/760 761/761/761 762/762/762
f 763/763/763 764/764/764 765/765/765
f 766/766/766 767/767/767 768/768/768
f 769/769/769 770/770/770 771/771/771
f 772/772/772 773/773/773 774/774/774
f 775/775/775 776/776/776 777/777/777
f 778/778/778 779/779/779 780/780/780
f 781/781/781 782/782/782 783/783/783
f 784/784/784 785/785/785 786/786/786
f 787/787/787 788/788/788 789/789/789
f 790/790/790 791/791/791 792/792/792
f 793/793/793 794/794/794 795/795/795
f 796/796/796 797/797/797 798/798/798
f 799/799/799 800/800/800 801/801/801
f 802/802/802 803/803/803 804/804/804
f 805/805/805 806/806/806 807/807/807
f 808/808/808 809/809/809 810/810/810
f 811/811/811 812/812/812 813/813/813
f 814/814/814 815/815/815 816/816/816
f 817/817/817 818/818/818 819/819/819
f 820/820/820 821/821/821 822/822/822
f 823/823/823 824/824/824 825/825/825
f 826/826/826 827/827/827 828/828/828
f 829/829/829 830/830/830 831/831/831
f 832/832/832 833/833/833 834/834/834
f 835/835/835 836/836/836 837/837/837
f 838/838/838 839/839/839 840/840/840
f 841/841/841 842/842/842 843/843/843
f 844/844/844 845/845/845 846/846/846
f 847/847/847 848/848/848 849/849/849
f 850/850/850 851/851/851 852/852/852
f 853/853/853 854/854/854 855/855/855
f 856/856/856 857/857/857 858/858/858
f 859/859/859 860/860/860 861/861/861
f 862/862/862 863/863/863 864/864/864
f 865/865/865 866/866/866 867/867/867
f 868/868/868 869/869/869 870/870/870
f 871/871/871 872/872/872 873/873/873
f 874/874/874 875/875/875 876/876/876
f 877/877/877 878/878/878 879/879/879
f 880/880/880 881/881/881 882/882/882
f 883/883/883 884/884/884 885/885/885
f 886/886/886 887/887/887 888/888/888
f 889/889/889 890/890/890 891/891/891
f 892/892/892 893/893/893 894/894/894
f 895/895/895 896/896/896 897/897/897
f 898/898/898 899/899/899 900/900/900
f 901/901/901 902/902/902 903/903/903
f 904/904/904 905/905/905 906/906/906
f 907/907/907 908/908/908 909/909/909
f 910/910/910 911/911/911 912/912/912
f 913/913/913 914/914/914 915/915/915
f 916/916/916 917/917/917 918/918/918
f 919/919/919 920/920/920 921/921/921
f 922/922/922 923/923/923 924/924/924
f 925/925/925 926/926/926 927/927/927
f 928/928/928 929/929/929 930/930/930
f 931/931/931 932/932/932 933/933/933
f 934/934/934 935/935/935 936/936/936
f 937/937/937 938/938/938 939/939/939
f 940/940/940 941/941/941 942/942/942
f 943/943/943 944/944/944 945/945/945
f 946/946/946 947/947/947 948/948/948
f 949/949/949 950/950/950 951/951/951
f 952/952/952 953/953/953 954/954/954
f 955/955/955 956/956/956 957/957/957
f 958/958/958 959/959/959 960/960/960
f 961/961/961 962/962/962 963/963/963
f 964/964/964 965/965/965 966/966/966
f 967/967/967 968/968/968 969/969/969
f 970/970/970 971/971/971 972/972/972
f 973/973/973 974/974/974 975/975/975
f 976/976/976 977/977/977 978/978/978
f 979/979/979 980/980/980 981/981/981
f 982/982/982 983/983/983 984/984/984
f 985/985/985 986/986/986 987/987/987
f 988/988/988 989/989/989 990/990/990
f 991/991/991 992/992/992 993/993/993
f 994/994/994 995/995/995 996/996/996
f 997/997/997 998/998/998 999/999/999
f 1000/1000/1000 1001/1001/1001 1002/1002/1002
f 1003/1003/1003 1004/1004/1004 1005/1005/1005
f 1006/1006/1006 1007/1007/1007 1008/1008/1008
f 1009/1009/1009 1010/1010/1010 1011/1011/1011
f 1012/1012/1012 1013/1013/1013 1014/1014/1014
f 1015/1015/1015 1016/1016/1016 1017/1017/1017
f 1018/1018/1018 1019/1019/1019 1020/1020/1020
f 1021/1021/1021 1022/1022/1022 1023/1023/1023
f 1024/1024/1024 1025/1025/1025 1026/1026/1026
f 1027/1027/1027 1028/1028/1028 1029/1029/1029
f 1030/1030/1030 1031/1031/1031 1032/1032/1032
f 1033/1033/1033 1034/1034/1034 1035/1035/1035
f 1036/1036/1036 1037/1037/1037 1038/1038/1038
f 1039/1039/1039 1040/1040/1040 1041/1041/1041
f 1042/1042/1042 1043/1043/1043 1044/1044/1044
f 1045/1045/1045 1046/1046/1046 1047/1047/1047
f 1048/1048/1048 1049/1049/1049 1050/1050/1050
f 1051/1051/1051 1052/1052/1052 1053/1053/1053
f 1054/1054/1054 1055/1055/1055 1056/1056/1056
f 1057/1057/1057 1058/1058/1058 1059/1059/1059
f 1060/1060/1060 1061/1061/1061 1062/1062/1062
f 1063/1063/1063 1064/1064/1064 1065/1065/1065
f 1066/1066/1066 1067/1067/1067 1068/1068/1068
f 1069/1069/1069 1070/1070/1070 1071/1071/1071
f 1072/1072/1072 1073/1073/1073 1074/1074/1074
f 1075/1075/1075 1076/1076/1076 1077/1077/1077
f 1078/1078/1078 1079/1079/1079 1080/1080/1080