mtllib nature_materials.mtl
g Grass_Green
usemtl Grass_Green
v 0.096922 0.000000 0.493785
v 0.135017 0.000000 0.479395
v 0.116484 0.308906 0.514627
v 0.096922 0.000000 0.493785
v 0.116484 0.308906 0.514627
v 0.090579 0.308906 0.524412
v 0.090579 0.308906 0.524412
v 0.116484 0.308906 0.514627
v 0.075835 0.602366 0.609098
v 0.090579 0.308906 0.524412
v 0.075835 0.602366 0.609098
v 0.061511 0.602366 0.614509
v 0.061511 0.602366 0.614509
v 0.075835 0.602366 0.609098
v 0.038230 0.772264 0.692398
v 0.242330 0.000000 -0.075869
v 0.269069 0.000000 -0.086329
v 0.251968 0.223148 -0.051874
v 0.242330 0.000000 -0.075869
v 0.251968 0.223148 -0.051874
v 0.233785 0.223148 -0.044762
v 0.233785 0.223148 -0.044762
v 0.251968 0.223148 -0.051874
v 0.211966 0.435139 0.041585
v 0.233785 0.223148 -0.044762
v 0.211966 0.435139 0.041585
v 0.201913 0.435139 0.045518
v 0.201913 0.435139 0.045518
v 0.211966 0.435139 0.041585
v 0.175555 0.557871 0.123783
v 0.404097 0.000000 0.333395
v 0.390496 0.000000 0.303345
v 0.360604 0.349508 0.293638
v 0.404097 0.000000 0.333395
v 0.360604 0.349508 0.293638
v 0.369853 0.349508 0.314072
v 0.369853 0.349508 0.314072
v 0.360604 0.349508 0.293638
v 0.272801 0.681541 0.257528
v 0.369853 0.349508 0.314072
v 0.272801 0.681541 0.257528
v 0.277915 0.681541 0.268827
v 0.277915 0.681541 0.268827
v 0.272801 0.681541 0.257528
v 0.196871 0.873770 0.227653
v 0.219211 0.000000 -0.021779
v 0.223309 0.000000 -0.068285
v 0.187589 0.302068 -0.057754
v 0.219211 0.000000 -0.021779
v 0.187589 0.302068 -0.057754
v 0.184802 0.302068 -0.026129
v 0.184802 0.302068 -0.026129
v 0.187589 0.302068 -0.057754
v 0.088699 0.589033 -0.042025
v 0.184802 0.302068 -0.026129
v 0.088699 0.589033 -0.042025
v 0.087158 0.589033 -0.024538
v 0.087158 0.589033 -0.024538
v 0.088699 0.589033 -0.042025
v 0.002109 0.755170 -0.025718
v 0.100875 0.000000 0.334767
v 0.088638 0.000000 0.304128
v 0.057907 0.382567 0.295974
v 0.100875 0.000000 0.334767
v 0.057907 0.382567 0.295974
v 0.066228 0.382567 0.316808
v 0.066228 0.382567 0.316808
v 0.057907 0.382567 0.295974
v -0.031844 0.746007 0.264040
v 0.066228 0.382567 0.316808
v -0.031844 0.746007 0.264040
v -0.027243 0.746007 0.275561
v -0.027243 0.746007 0.275561
v -0.031844 0.746007 0.264040
v -0.109550 0.956419 0.237845
v -0.108603 0.000000 -0.320014
v -0.154563 0.000000 -0.313395
v -0.142192 0.391089 -0.349295
v -0.108603 0.000000 -0.320014
v -0.142192 0.391089 -0.349295
v -0.110940 0.391089 -0.353795
v -0.110940 0.391089 -0.353795
v -0.142192 0.391089 -0.349295
v -0.121145 0.762623 -0.447941
v -0.110940 0.391089 -0.353795
v -0.121145 0.762623 -0.447941
v -0.103864 0.762623 -0.450430
v -0.103864 0.762623 -0.450430
v -0.121145 0.762623 -0.447941
v -0.100225 0.977722 -0.534458
v 0.309457 0.000000 -0.318929
v 0.278812 0.000000 -0.283304
v 0.310400 0.349341 -0.311959
v 0.309457 0.000000 -0.318929
v 0.310400 0.349341 -0.311959
v 0.331239 0.349341 -0.336184
v 0.331239 0.349341 -0.336184
v 0.310400 0.349341 -0.311959
v 0.389844 0.681214 -0.381705
v 0.331239 0.349341 -0.336184
v 0.389844 0.681214 -0.381705
v 0.401367 0.681214 -0.395101
v 0.401367 0.681214 -0.395101
v 0.389844 0.681214 -0.381705
v 0.460918 0.873352 -0.444585
v 0.438654 0.000000 -0.115898
v 0.424850 0.000000 -0.088079
v 0.458590 0.326638 -0.108177
v 0.438654 0.000000 -0.115898
v 0.458590 0.326638 -0.108177
v 0.467977 0.326638 -0.127094
v 0.467977 0.326638 -0.127094
v 0.458590 0.326638 -0.108177
v 0.549054 0.636944 -0.156256
v 0.467977 0.326638 -0.127094
v 0.549054 0.636944 -0.156256
v 0.554244 0.636944 -0.166716
v 0.554244 0.636944 -0.166716
v 0.549054 0.636944 -0.156256
v 0.628822 0.816594 -0.199782
v 0.057311 0.000000 0.468004
v 0.008698 0.000000 0.483523
v 0.027181 0.354580 0.447507
v 0.057311 0.000000 0.468004
v 0.027181 0.354580 0.447507
v 0.060238 0.354580 0.436954
v 0.060238 0.354580 0.436954
v 0.027181 0.354580 0.447507
v 0.064570 0.691430 0.351173
v 0.060238 0.354580 0.436954
v 0.064570 0.691430 0.351173
v 0.082849 0.691430 0.345338
v 0.082849 0.691430 0.345338
v 0.064570 0.691430 0.351173
v 0.099909 0.886449 0.266184
v -0.073055 0.000000 -0.002880
v -0.060079 0.000000 0.030667
v -0.029325 0.380378 0.037997
v -0.073055 0.000000 -0.002880
v -0.029325 0.380378 0.037997
v -0.038149 0.380378 0.015185
v -0.038149 0.380378 0.015185
v -0.029325 0.380378 0.037997
v 0.060708 0.741737 0.068484
v -0.038149 0.380378 0.015185
v 0.060708 0.741737 0.068484
v 0.055829 0.741737 0.055870
v 0.055829 0.741737 0.055870
v 0.060708 0.741737 0.068484
v 0.138620 0.950945 0.093254
v 0.384592 0.000000 -0.196961
v 0.400861 0.000000 -0.248995
v 0.364661 0.299599 -0.230166
v 0.384592 0.000000 -0.196961
v 0.364661 0.299599 -0.230166
v 0.353599 0.299599 -0.194783
v 0.353599 0.299599 -0.194783
v 0.364661 0.299599 -0.230166
v 0.268035 0.584218 -0.192820
v 0.353599 0.299599 -0.194783
v 0.268035 0.584218 -0.192820
v 0.261918 0.584218 -0.173255
v 0.261918 0.584218 -0.173255
v 0.268035 0.584218 -0.192820
v 0.182750 0.748998 -0.157329
v -0.325835 0.000000 0.123442
v -0.358483 0.000000 0.136999
v -0.339760 0.388728 0.102321
v -0.325835 0.000000 0.123442
v -0.339760 0.388728 0.102321
v -0.317560 0.388728 0.093102
v -0.317560 0.388728 0.093102
v -0.339760 0.388728 0.102321
v -0.296967 0.758020 0.009154
v -0.317560 0.388728 0.093102
v -0.296967 0.758020 0.009154
v -0.284691 0.758020 0.004057
v -0.284691 0.758020 0.004057
v -0.296967 0.758020 0.009154
v -0.257790 0.971821 -0.072959
v 0.037663 0.000000 -0.427067
v 0.006404 0.000000 -0.399363
v 0.034752 0.304505 -0.430139
v 0.037663 0.000000 -0.427067
v 0.034752 0.304505 -0.430139
v 0.056008 0.304505 -0.448978
v 0.056008 0.304505 -0.448978
v 0.034752 0.304505 -0.430139
v 0.104932 0.593785 -0.508178
v 0.056008 0.304505 -0.448978
v 0.104932 0.593785 -0.508178
v 0.116685 0.593785 -0.518594
v 0.116685 0.593785 -0.518594
v 0.104932 0.593785 -0.508178
v 0.167949 0.761262 -0.577862
v -0.359473 0.000000 -0.400032
v -0.360169 0.000000 -0.358685
v -0.324863 0.296240 -0.365893
v -0.359473 0.000000 -0.400032
v -0.324863 0.296240 -0.365893
v -0.324390 0.296240 -0.394009
v -0.324390 0.296240 -0.394009
v -0.324863 0.296240 -0.365893
v -0.226123 0.577667 -0.373838
v -0.324390 0.296240 -0.394009
v -0.226123 0.577667 -0.373838
v -0.225861 0.577667 -0.389384
v -0.225861 0.577667 -0.389384
v -0.226123 0.577667 -0.373838
v -0.139852 0.740599 -0.383061
v 0.248274 0.000000 0.009520
v 0.304732 0.000000 0.012908
v 0.297808 0.343818 0.047503
v 0.248274 0.000000 0.009520
v 0.297808 0.343818 0.047503
v 0.259416 0.343818 0.045199
v 0.259416 0.343818 0.045199
v 0.297808 0.343818 0.047503
v 0.295135 0.670445 0.145458
v 0.259416 0.343818 0.045199
v 0.295135 0.670445 0.145458
v 0.273906 0.670445 0.144185
v 0.273906 0.670445 0.144185
v 0.295135 0.670445 0.145458
v 0.289681 0.859545 0.230819
v 0.260648 0.000000 0.045066
v 0.231775 0.000000 0.054555
v 0.247385 0.232399 0.019596
v 0.260648 0.000000 0.045066
v 0.247385 0.232399 0.019596
v 0.267018 0.232399 0.013144
v 0.267018 0.232399 0.013144
v 0.247385 0.232399 0.019596
v 0.282574 0.453178 -0.075563
v 0.267018 0.232399 0.013144
v 0.282574 0.453178 -0.075563
v 0.293430 0.453178 -0.079130
v 0.293430 0.453178 -0.079130
v 0.282574 0.453178 -0.075563
v 0.314900 0.580998 -0.159192
v 0.285750 0.000000 0.067465
v 0.277994 0.000000 0.012866
v 0.244385 0.369168 0.016651
v 0.285750 0.000000 0.067465
v 0.244385 0.369168 0.016651
v 0.249659 0.369168 0.053778
v 0.249659 0.369168 0.053778
v 0.244385 0.369168 0.016651
v 0.147896 0.719878 0.011075
v 0.249659 0.369168 0.053778
v 0.147896 0.719878 0.011075
v 0.150813 0.719878 0.031605
v 0.150813 0.719878 0.031605
v 0.147896 0.719878 0.011075
v 0.064059 0.922921 0.009223
v -0.236593 0.000000 -0.380472
v -0.187901 0.000000 -0.351878
v -0.177867 0.263826 -0.326100
v -0.236593 0.000000 -0.380472
v -0.177867 0.263826 -0.326100
v -0.210977 0.263826 -0.345544
v -0.210977 0.263826 -0.345544
v -0.177867 0.263826 -0.326100
v -0.135315 0.514461 -0.245381
v -0.210977 0.263826 -0.345544
v -0.135315 0.514461 -0.245381
v -0.153623 0.514461 -0.256133
v -0.153623 0.514461 -0.256133
v -0.135315 0.514461 -0.245381
v -0.100843 0.659565 -0.176467
v -0.175001 0.000000 0.478909
v -0.144473 0.000000 0.451652
v -0.172801 0.394226 0.482270
v -0.175001 0.000000 0.478909
v -0.172801 0.394226 0.482270
v -0.193560 0.394226 0.500805
v -0.193560 0.394226 0.500805
v -0.172801 0.394226 0.482270
v -0.243142 0.768741 0.559999
v -0.193560 0.394226 0.500805
v -0.243142 0.768741 0.559999
v -0.254621 0.768741 0.570248
v -0.254621 0.768741 0.570248
v -0.243142 0.768741 0.559999
v -0.306260 0.985565 0.629388
v -0.124561 0.000000 -0.107892
v -0.133015 0.000000 -0.142145
v -0.165837 0.331692 -0.145100
v -0.124561 0.000000 -0.107892
v -0.165837 0.331692 -0.145100
v -0.160088 0.331692 -0.121808
v -0.160088 0.331692 -0.121808
v -0.165837 0.331692 -0.145100
v -0.260325 0.646799 -0.163534
v -0.160088 0.331692 -0.121808
v -0.260325 0.646799 -0.163534
v -0.257146 0.646799 -0.150654
v -0.257146 0.646799 -0.150654
v -0.260325 0.646799 -0.163534
v -0.342378 0.829229 -0.177739
v -0.217282 0.000000 0.410817
v -0.232806 0.000000 0.454839
v -0.197126 0.297412 0.436090
v -0.217282 0.000000 0.410817
v -0.197126 0.297412 0.436090
v -0.186569 0.297412 0.406154
v -0.186569 0.297412 0.406154
v -0.197126 0.297412 0.436090
v -0.101733 0.579954 0.396591
v -0.186569 0.297412 0.406154
v -0.101733 0.579954 0.396591
v -0.095896 0.579954 0.380039
v -0.095896 0.579954 0.380039
v -0.101733 0.579954 0.396591
v -0.017566 0.743531 0.359664
v 0.486834 0.000000 0.004346
v 0.475289 0.000000 0.060932
v 0.511626 0.325853 0.044841
v 0.486834 0.000000 0.004346
v 0.511626 0.325853 0.044841
v 0.519476 0.325853 0.006363
v 0.519476 0.325853 0.006363
v 0.511626 0.325853 0.044841
v 0.610037 0.635414 0.016519
v 0.519476 0.325853 0.006363
v 0.610037 0.635414 0.016519
v 0.614378 0.635414 -0.004757
v 0.614378 0.635414 -0.004757
v 0.610037 0.635414 0.016519
v 0.696621 0.814633 -0.011342
v 0.212174 0.000000 0.441851
v 0.210684 0.000000 0.473156
v 0.246082 0.275301 0.466473
v 0.212174 0.000000 0.441851
v 0.246082 0.275301 0.466473
v 0.247096 0.275301 0.445186
v 0.247096 0.275301 0.445186
v 0.246082 0.275301 0.466473
v 0.344845 0.536836 0.457022
v 0.247096 0.275301 0.445186
v 0.344845 0.536836 0.457022
v 0.345406 0.536836 0.445252
v 0.345406 0.536836 0.445252
v 0.344845 0.536836 0.457022
v 0.431180 0.688252 0.447039
v 0.411581 0.000000 -0.352048
v 0.366659 0.000000 -0.322264
v 0.393297 0.288942 -0.356367
v 0.411581 0.000000 -0.352048
v 0.393297 0.288942 -0.356367
v 0.423845 0.288942 -0.376621
v 0.423845 0.288942 -0.376621
v 0.393297 0.288942 -0.356367
v 0.454637 0.563437 -0.443113
v 0.423845 0.288942 -0.376621
v 0.454637 0.563437 -0.443113
v 0.471528 0.563437 -0.454312
v 0.471528 0.563437 -0.454312
v 0.454637 0.563437 -0.443113
v 0.510689 0.722355 -0.520516
v -0.232181 0.000000 0.279521
v -0.258639 0.000000 0.254650
v -0.278515 0.302326 0.232982
v -0.232181 0.000000 0.279521
v -0.278515 0.302326 0.232982
v -0.260524 0.302326 0.249894
v -0.260524 0.302326 0.249894
v -0.278515 0.302326 0.232982
v -0.342059 0.589536 0.164886
v -0.260524 0.302326 0.249894
v -0.342059 0.589536 0.164886
v -0.332111 0.589536 0.174237
v -0.332111 0.589536 0.174237
v -0.342059 0.589536 0.164886
v -0.396092 0.755816 0.106789
v -0.107879 0.000000 0.036814
v -0.067379 0.000000 0.060036
v -0.056350 0.354178 0.086857
v -0.107879 0.000000 0.036814
v -0.056350 0.354178 0.086857
v -0.083890 0.354178 0.071066
v -0.083890 0.354178 0.071066
v -0.056350 0.354178 0.086857
v -0.013436 0.690648 0.168905
v -0.083890 0.354178 0.071066
v -0.013436 0.690648 0.168905
v -0.028664 0.690648 0.160173
v -0.028664 0.690648 0.160173
v -0.013436 0.690648 0.168905
v 0.021805 0.885446 0.239277
v 0.382082 0.000000 -0.013833
v 0.383694 0.000000 -0.063207
v 0.348255 0.238532 -0.054158
v 0.382082 0.000000 -0.013833
v 0.348255 0.238532 -0.054158
v 0.347158 0.238532 -0.020584
v 0.347158 0.238532 -0.020584
v 0.348255 0.238532 -0.054158
v 0.249414 0.465137 -0.043434
v 0.347158 0.238532 -0.020584
v 0.249414 0.465137 -0.043434
v 0.248808 0.465137 -0.024870
v 0.248808 0.465137 -0.024870
v 0.249414 0.465137 -0.043434
v 0.163005 0.596329 -0.031341
v -0.135254 0.000000 0.498093
v -0.177950 0.000000 0.478858
v -0.185577 0.338947 0.449842
v -0.135254 0.000000 0.498093
v -0.185577 0.338947 0.449842
v -0.156544 0.338947 0.462922
v -0.156544 0.338947 0.462922
v -0.185577 0.338947 0.449842
v -0.219607 0.660946 0.362824
v -0.156544 0.338947 0.462922
v -0.219607 0.660946 0.362824
v -0.203553 0.660946 0.370056
v -0.203553 0.660946 0.370056
v -0.219607 0.660946 0.362824
v -0.246967 0.847367 0.287891
v 0.428232 0.000000 0.101580
v 0.416292 0.000000 0.138860
v 0.451725 0.283856 0.122158
v 0.428232 0.000000 0.101580
v 0.451725 0.283856 0.122158
v 0.459844 0.283856 0.096808
v 0.459844 0.283856 0.096808
v 0.451725 0.283856 0.122158
v 0.547487 0.553519 0.086402
v 0.459844 0.283856 0.096808
v 0.547487 0.553519 0.086402
v 0.551977 0.553519 0.072385
v 0.551977 0.553519 0.072385
v 0.547487 0.553519 0.086402
v 0.631779 0.709640 0.053116
vn 0.352076 -0.085183 0.932087
vn 0.352076 -0.085183 0.932087
vn 0.352076 -0.085183 0.932087
vn 0.352076 -0.085183 0.932087
vn 0.352076 -0.085183 0.932087
vn 0.352076 -0.085183 0.932087
vn 0.342631 -0.244550 0.907083
vn 0.342631 -0.244550 0.907083
vn 0.342631 -0.244550 0.907083
vn 0.342631 -0.244550 0.907083
vn 0.342631 -0.244550 0.907083
vn 0.342631 -0.244550 0.907083
vn 0.330266 -0.355584 0.874348
vn 0.330266 -0.355584 0.874348
vn 0.330266 -0.355584 0.874348
vn 0.361875 -0.115104 0.925093
vn 0.361875 -0.115104 0.925093
vn 0.361875 -0.115104 0.925093
vn 0.361875 -0.115104 0.925093
vn 0.361875 -0.115104 0.925093
vn 0.361875 -0.115104 0.925093
vn 0.344714 -0.323453 0.881221
vn 0.344714 -0.323453 0.881221
vn 0.344714 -0.323453 0.881221
vn 0.344714 -0.323453 0.881221
vn 0.344714 -0.323453 0.881221
vn 0.344714 -0.323453 0.881221
vn 0.323786 -0.458299 0.827722
vn 0.323786 -0.458299 0.827722
vn 0.323786 -0.458299 0.827722
vn 0.909020 0.066318 -0.411443
vn 0.909020 0.066318 -0.411443
vn 0.909020 0.066318 -0.411443
vn 0.909020 0.066318 -0.411443
vn 0.909020 0.066318 -0.411443
vn 0.909020 0.066318 -0.411443
vn 0.894003 0.192405 -0.404646
vn 0.894003 0.192405 -0.404646
vn 0.894003 0.192405 -0.404646
vn 0.894003 0.192405 -0.404646
vn 0.894003 0.192405 -0.404646
vn 0.894003 0.192405 -0.404646
vn 0.873616 0.283619 -0.395418
vn 0.873616 0.283619 -0.395418
vn 0.873616 0.283619 -0.395418
vn 0.989647 0.113986 0.087218
vn 0.989647 0.113986 0.087218
vn 0.989647 0.113986 0.087218
vn 0.989647 0.113986 0.087218
vn 0.989647 0.113986 0.087218
vn 0.989647 0.113986 0.087218
vn 0.943558 0.320599 0.083156
vn 0.943558 0.320599 0.083156
vn 0.943558 0.320599 0.083156
vn 0.943558 0.320599 0.083156
vn 0.943558 0.320599 0.083156
vn 0.943558 0.320599 0.083156
vn 0.887193 0.454726 0.078189
vn 0.887193 0.454726 0.078189
vn 0.887193 0.454726 0.078189
vn 0.926606 0.066544 -0.370098
vn 0.926606 0.066544 -0.370098
vn 0.926606 0.066544 -0.370098
vn 0.926606 0.066544 -0.370098
vn 0.926606 0.066544 -0.370098
vn 0.926606 0.066544 -0.370098
vn 0.911197 0.193041 -0.363944
vn 0.911197 0.193041 -0.363944
vn 0.911197 0.193041 -0.363944
vn 0.911197 0.193041 -0.363944
vn 0.911197 0.193041 -0.363944
vn 0.911197 0.193041 -0.363944
vn 0.890285 0.284514 -0.355591
vn 0.890285 0.284514 -0.355591
vn 0.890285 0.284514 -0.355591
vn -0.142010 -0.086028 -0.986120
vn -0.142010 -0.086028 -0.986120
vn -0.142010 -0.086028 -0.986120
vn -0.142010 -0.086028 -0.986120
vn -0.142010 -0.086028 -0.986120
vn -0.142010 -0.086028 -0.986120
vn -0.138128 -0.246844 -0.959160
vn -0.138128 -0.246844 -0.959160
vn -0.138128 -0.246844 -0.959160
vn -0.138128 -0.246844 -0.959160
vn -0.138128 -0.246844 -0.959160
vn -0.138128 -0.246844 -0.959160
vn -0.133054 -0.358680 -0.923929
vn -0.133054 -0.358680 -0.923929
vn -0.133054 -0.358680 -0.923929
vn -0.758023 0.015058 -0.652054
vn -0.758023 0.015058 -0.652054
vn -0.758023 0.015058 -0.652054
vn -0.758023 0.015058 -0.652054
vn -0.758023 0.015058 -0.652054
vn -0.758023 0.015058 -0.652054
vn -0.757362 0.044382 -0.651486
vn -0.757362 0.044382 -0.651486
vn -0.757362 0.044382 -0.651486
vn -0.757362 0.044382 -0.651486
vn -0.757362 0.044382 -0.651486
vn -0.757362 0.044382 -0.651486
vn -0.756412 0.066865 -0.650669
vn -0.756412 0.066865 -0.650669
vn -0.756412 0.066865 -0.650669
vn -0.893875 0.065039 -0.443574
vn -0.893875 0.065039 -0.443574
vn -0.893875 0.065039 -0.443574
vn -0.893875 0.065039 -0.443574
vn -0.893875 0.065039 -0.443574
vn -0.893875 0.065039 -0.443574
vn -0.879659 0.188815 -0.436520
vn -0.879659 0.188815 -0.436520
vn -0.879659 0.188815 -0.436520
vn -0.879659 0.188815 -0.436520
vn -0.879659 0.188815 -0.436520
vn -0.879659 0.188815 -0.436520
vn -0.860316 0.278559 -0.426921
vn -0.860316 0.278559 -0.426921
vn -0.860316 0.278559 -0.426921
vn -0.303123 -0.080647 -0.949533
vn -0.303123 -0.080647 -0.949533
vn -0.303123 -0.080647 -0.949533
vn -0.303123 -0.080647 -0.949533
vn -0.303123 -0.080647 -0.949533
vn -0.303123 -0.080647 -0.949533
vn -0.295804 -0.232163 -0.926607
vn -0.295804 -0.232163 -0.926607
vn -0.295804 -0.232163 -0.926607
vn -0.295804 -0.232163 -0.926607
vn -0.295804 -0.232163 -0.926607
vn -0.295804 -0.232163 -0.926607
vn -0.286132 -0.338761 -0.896309
vn -0.286132 -0.338761 -0.896309
vn -0.286132 -0.338761 -0.896309
vn -0.930492 0.068296 0.359890
vn -0.930492 0.068296 0.359890
vn -0.930492 0.068296 0.359890
vn -0.930492 0.068296 0.359890
vn -0.930492 0.068296 0.359890
vn -0.930492 0.068296 0.359890
vn -0.914214 0.197948 0.353594
vn -0.914214 0.197948 0.353594
vn -0.914214 0.197948 0.353594
vn -0.914214 0.197948 0.353594
vn -0.914214 0.197948 0.353594
vn -0.914214 0.197948 0.353594
vn -0.892191 0.291407 0.345076
vn -0.892191 0.291407 0.345076
vn -0.892191 0.291407 0.345076
vn 0.950020 0.096119 0.297024
vn 0.950020 0.096119 0.297024
vn 0.950020 0.096119 0.297024
vn 0.950020 0.096119 0.297024
vn 0.950020 0.096119 0.297024
vn 0.950020 0.096119 0.297024
vn 0.917920 0.273971 0.286988
vn 0.917920 0.273971 0.286988
vn 0.917920 0.273971 0.286988
vn 0.917920 0.273971 0.286988
vn 0.917920 0.273971 0.286988
vn 0.917920 0.273971 0.286988
vn 0.876903 0.394811 0.274164
vn 0.876903 0.394811 0.274164
vn 0.876903 0.394811 0.274164
vn -0.382712 -0.063787 -0.921663
vn -0.382712 -0.063787 -0.921663
vn -0.382712 -0.063787 -0.921663
vn -0.382712 -0.063787 -0.921663
vn -0.382712 -0.063787 -0.921663
vn -0.382712 -0.063787 -0.921663
vn -0.376852 -0.185291 -0.907551
vn -0.376852 -0.185291 -0.907551
vn -0.376852 -0.185291 -0.907551
vn -0.376852 -0.185291 -0.907551
vn -0.376852 -0.185291 -0.907551
vn -0.376852 -0.185291 -0.907551
vn -0.368862 -0.273581 -0.888310
vn -0.368862 -0.273581 -0.888310
vn -0.368862 -0.273581 -0.888310
vn -0.663190 -0.013892 -0.748322
vn -0.663190 -0.013892 -0.748322
vn -0.663190 -0.013892 -0.748322
vn -0.663190 -0.013892 -0.748322
vn -0.663190 -0.013892 -0.748322
vn -0.663190 -0.013892 -0.748322
vn -0.662698 -0.040951 -0.747766
vn -0.662698 -0.040951 -0.747766
vn -0.662698 -0.040951 -0.747766
vn -0.662698 -0.040951 -0.747766
vn -0.662698 -0.040951 -0.747766
vn -0.662698 -0.040951 -0.747766
vn -0.661990 -0.061708 -0.746968
vn -0.661990 -0.061708 -0.746968
vn -0.661990 -0.061708 -0.746968
vn -0.992882 0.117927 -0.016712
vn -0.992882 0.117927 -0.016712
vn -0.992882 0.117927 -0.016712
vn -0.992882 0.117927 -0.016712
vn -0.992882 0.117927 -0.016712
vn -0.992882 0.117927 -0.016712
vn -0.943628 0.330627 -0.015883
vn -0.943628 0.330627 -0.015883
vn -0.943628 0.330627 -0.015883
vn -0.943628 0.330627 -0.015883
vn -0.943628 0.330627 -0.015883
vn -0.943628 0.330627 -0.015883
vn -0.884010 0.467231 -0.014880
vn -0.884010 0.467231 -0.014880
vn -0.884010 0.467231 -0.014880
vn -0.059591 -0.101124 0.993088
vn -0.059591 -0.101124 0.993088
vn -0.059591 -0.101124 0.993088
vn -0.059591 -0.101124 0.993088
vn -0.059591 -0.101124 0.993088
vn -0.059591 -0.101124 0.993088
vn -0.057374 -0.287219 0.956145
vn -0.057374 -0.287219 0.956145
vn -0.057374 -0.287219 0.956145
vn -0.057374 -0.287219 0.956145
vn -0.057374 -0.287219 0.956145
vn -0.057374 -0.287219 0.956145
vn -0.054575 -0.412122 0.909493
vn -0.054575 -0.412122 0.909493
vn -0.054575 -0.412122 0.909493
vn -0.309927 -0.121037 -0.943024
vn -0.309927 -0.121037 -0.943024
vn -0.309927 -0.121037 -0.943024
vn -0.309927 -0.121037 -0.943024
vn -0.309927 -0.121037 -0.943024
vn -0.309927 -0.121037 -0.943024
vn -0.293794 -0.338472 -0.893936
vn -0.293794 -0.338472 -0.893936
vn -0.293794 -0.338472 -0.893936
vn -0.293794 -0.338472 -0.893936
vn -0.293794 -0.338472 -0.893936
vn -0.293794 -0.338472 -0.893936
vn -0.274427 -0.476919 -0.835008
vn -0.274427 -0.476919 -0.835008
vn -0.274427 -0.476919 -0.835008
vn 0.985935 0.091196 -0.140058
vn 0.985935 0.091196 -0.140058
vn 0.985935 0.091196 -0.140058
vn 0.985935 0.091196 -0.140058
vn 0.985935 0.091196 -0.140058
vn 0.985935 0.091196 -0.140058
vn 0.955796 0.260803 -0.135777
vn 0.955796 0.260803 -0.135777
vn 0.955796 0.260803 -0.135777
vn 0.955796 0.260803 -0.135777
vn 0.955796 0.260803 -0.135777
vn 0.955796 0.260803 -0.135777
vn 0.916851 0.377385 -0.130245
vn 0.916851 0.377385 -0.130245
vn 0.916851 0.377385 -0.130245
vn -0.505316 -0.064860 0.860493
vn -0.505316 -0.064860 0.860493
vn -0.505316 -0.064860 0.860493
vn -0.505316 -0.064860 0.860493
vn -0.505316 -0.064860 0.860493
vn -0.505316 -0.064860 0.860493
vn -0.497323 -0.188310 0.846882
vn -0.497323 -0.188310 0.846882
vn -0.497323 -0.188310 0.846882
vn -0.497323 -0.188310 0.846882
vn -0.497323 -0.188310 0.846882
vn -0.497323 -0.188310 0.846882
vn -0.486444 -0.277846 0.828356
vn -0.486444 -0.277846 0.828356
vn -0.486444 -0.277846 0.828356
vn 0.665978 -0.010076 0.745903
vn 0.665978 -0.010076 0.745903
vn 0.665978 -0.010076 0.745903
vn 0.665978 -0.010076 0.745903
vn 0.665978 -0.010076 0.745903
vn 0.665978 -0.010076 0.745903
vn 0.665718 -0.029713 0.745611
vn 0.665718 -0.029713 0.745611
vn 0.665718 -0.029713 0.745611
vn 0.665718 -0.029713 0.745611
vn 0.665718 -0.029713 0.745611
vn 0.665718 -0.029713 0.745611
vn 0.665344 -0.044796 0.745192
vn 0.665344 -0.044796 0.745192
vn 0.665344 -0.044796 0.745192
vn 0.966607 0.093522 -0.238590
vn 0.966607 0.093522 -0.238590
vn 0.966607 0.093522 -0.238590
vn 0.966607 0.093522 -0.238590
vn 0.966607 0.093522 -0.238590
vn 0.966607 0.093522 -0.238590
vn 0.935605 0.267042 -0.230937
vn 0.935605 0.267042 -0.230937
vn 0.935605 0.267042 -0.230937
vn 0.935605 0.267042 -0.230937
vn 0.935605 0.267042 -0.230937
vn 0.935605 0.267042 -0.230937
vn 0.895754 0.385668 -0.221101
vn 0.895754 0.385668 -0.221101
vn 0.895754 0.385668 -0.221101
vn -0.939099 0.091785 -0.331161
vn -0.939099 0.091785 -0.331161
vn -0.939099 0.091785 -0.331161
vn -0.939099 0.091785 -0.331161
vn -0.939099 0.091785 -0.331161
vn -0.939099 0.091785 -0.331161
vn -0.910037 0.262387 -0.320913
vn -0.910037 0.262387 -0.320913
vn -0.910037 0.262387 -0.320913
vn -0.910037 0.262387 -0.320913
vn -0.910037 0.262387 -0.320913
vn -0.910037 0.262387 -0.320913
vn -0.872533 0.379493 -0.307687
vn -0.872533 0.379493 -0.307687
vn -0.872533 0.379493 -0.307687
vn -0.975010 0.098902 -0.198932
vn -0.975010 0.098902 -0.198932
vn -0.975010 0.098902 -0.198932
vn -0.975010 0.098902 -0.198932
vn -0.975010 0.098902 -0.198932
vn -0.975010 0.098902 -0.198932
vn -0.940233 0.281356 -0.191836
vn -0.940233 0.281356 -0.191836
vn -0.940233 0.281356 -0.191836
vn -0.940233 0.281356 -0.191836
vn -0.940233 0.281356 -0.191836
vn -0.940233 0.281356 -0.191836
vn -0.896082 0.404488 -0.182828
vn -0.896082 0.404488 -0.182828
vn -0.896082 0.404488 -0.182828
vn -0.990874 0.126263 -0.047183
vn -0.990874 0.126263 -0.047183
vn -0.990874 0.126263 -0.047183
vn -0.990874 0.126263 -0.047183
vn -0.990874 0.126263 -0.047183
vn -0.990874 0.126263 -0.047183
vn -0.935121 0.351518 -0.044529
vn -0.935121 0.351518 -0.044529
vn -0.935121 0.351518 -0.044529
vn -0.935121 0.351518 -0.044529
vn -0.935121 0.351518 -0.044529
vn -0.935121 0.351518 -0.044529
vn -0.869136 0.492839 -0.041386
vn -0.869136 0.492839 -0.041386
vn -0.869136 0.492839 -0.041386
vn -0.551967 -0.047372 -0.832520
vn -0.551967 -0.047372 -0.832520
vn -0.551967 -0.047372 -0.832520
vn -0.551967 -0.047372 -0.832520
vn -0.551967 -0.047372 -0.832520
vn -0.551967 -0.047372 -0.832520
vn -0.547257 -0.138555 -0.825416
vn -0.547257 -0.138555 -0.825416
vn -0.547257 -0.138555 -0.825416
vn -0.547257 -0.138555 -0.825416
vn -0.547257 -0.138555 -0.825416
vn -0.547257 -0.138555 -0.825416
vn -0.540678 -0.206495 -0.815492
vn -0.540678 -0.206495 -0.815492
vn -0.540678 -0.206495 -0.815492
vn 0.684901 -0.007192 -0.728601
vn 0.684901 -0.007192 -0.728601
vn 0.684901 -0.007192 -0.728601
vn 0.684901 -0.007192 -0.728601
vn 0.684901 -0.007192 -0.728601
vn 0.684901 -0.007192 -0.728601
vn 0.684765 -0.021212 -0.728456
vn 0.684765 -0.021212 -0.728456
vn 0.684765 -0.021212 -0.728456
vn 0.684765 -0.021212 -0.728456
vn 0.684765 -0.021212 -0.728456
vn 0.684765 -0.021212 -0.728456
vn 0.684568 -0.031989 -0.728247
vn 0.684568 -0.031989 -0.728247
vn 0.684568 -0.031989 -0.728247
vn -0.496800 -0.050140 0.866415
vn -0.496800 -0.050140 0.866415
vn -0.496800 -0.050140 0.866415
vn -0.496800 -0.050140 0.866415
vn -0.496800 -0.050140 0.866415
vn -0.496800 -0.050140 0.866415
vn -0.492059 -0.146501 0.858147
vn -0.492059 -0.146501 0.858147
vn -0.492059 -0.146501 0.858147
vn -0.492059 -0.146501 0.858147
vn -0.492059 -0.146501 0.858147
vn -0.492059 -0.146501 0.858147
vn -0.485459 -0.218028 0.846636
vn -0.485459 -0.218028 0.846636
vn -0.485459 -0.218028 0.846636
vn 0.988804 0.145684 0.032285
vn 0.988804 0.145684 0.032285
vn 0.988804 0.145684 0.032285
vn 0.988804 0.145684 0.032285
vn 0.988804 0.145684 0.032285
vn 0.988804 0.145684 0.032285
vn 0.916709 0.398433 0.029931
vn 0.916709 0.398433 0.029931
vn 0.916709 0.398433 0.029931
vn 0.916709 0.398433 0.029931
vn 0.916709 0.398433 0.029931
vn 0.916709 0.398433 0.029931
vn 0.835972 0.548093 0.027295
vn 0.835972 0.548093 0.027295
vn 0.835972 0.548093 0.027295
vn 0.409780 -0.068646 -0.909598
vn 0.409780 -0.068646 -0.909598
vn 0.409780 -0.068646 -0.909598
vn 0.409780 -0.068646 -0.909598
vn 0.409780 -0.068646 -0.909598
vn 0.409780 -0.068646 -0.909598
vn 0.402539 -0.198929 -0.893526
vn 0.402539 -0.198929 -0.893526
vn 0.402539 -0.198929 -0.893526
vn 0.402539 -0.198929 -0.893526
vn 0.402539 -0.198929 -0.893526
vn 0.402539 -0.198929 -0.893526
vn 0.392749 -0.292781 -0.871795
vn 0.392749 -0.292781 -0.871795
vn 0.392749 -0.292781 -0.871795
vn -0.947533 0.100422 -0.303475
vn -0.947533 0.100422 -0.303475
vn -0.947533 0.100422 -0.303475
vn -0.947533 0.100422 -0.303475
vn -0.947533 0.100422 -0.303475
vn -0.947533 0.100422 -0.303475
vn -0.912746 0.285370 -0.292334
vn -0.912746 0.285370 -0.292334
vn -0.912746 0.285370 -0.292334
vn -0.912746 0.285370 -0.292334
vn -0.912746 0.285370 -0.292334
vn -0.912746 0.285370 -0.292334
vn -0.868742 0.409720 -0.278240
vn -0.868742 0.409720 -0.278240
vn -0.868742 0.409720 -0.278240
vt 0.000000 1.000000
vt 1.000000 1.000000
vt 1.000000 0.000000
vt 0.000000 1.000000
vt 1.000000 0.000000
vt 0.000000 0.000000
vt 0.000000 1.000000
vt 1.000000 1.000000
vt 1.000000 0.000000
vt 0.000000 1.000000
vt 1.000000 0.000000
vt 0.000000 0.000000
vt 0.061511 0.385491
vt 0.075835 0.390902
vt 0.038230 0.307602
vt 0.000000 1.000000
vt 1.000000 1.000000
vt 1.000000 0.000000
vt 0.000000 1.000000
vt 1.000000 0.000000
vt 0.000000 0.000000
vt 0.000000 1.000000
vt 1.000000 1.000000
vt 1.000000 0.000000
vt 0.000000 1.000000
vt 1.000000 0.000000
vt 0.000000 0.000000
vt 0.201913 0.954482
vt 0.211966 0.958415
vt 0.175555 0.876217
vt 0.000000 1.000000
vt 1.000000 1.000000
vt 1.000000 0.000000
vt 0.000000 1.000000
vt 1.000000 0.000000
vt 0.000000 0.000000
vt 0.000000 1.000000
vt 1.000000 1.000000
vt 1.000000 0.000000
vt 0.000000 1.000000
vt 1.000000 0.000000
vt 0.000000 0.000000
vt 0.277915 0.731173
vt 0.272801 0.742472
vt 0.196871 0.772347
vt 0.000000 1.000000
vt 1.000000 1.000000
vt 1.000000 0.000000
vt 0.000000 1.000000
vt 1.000000 0.000000
vt 0.000000 0.000000
vt 0.000000 1.000000
vt 1.000000 1.000000
vt 1.000000 0.000000
vt 0.000000 1.000000
vt 1.000000 0.000000
vt 0.000000 0.000000
vt 0.087158 1.024538
vt 0.088699 1.042025
vt 0.002109 1.025718
vt 0.000000 1.000000
vt 1.000000 1.000000
vt 1.000000 0.000000
vt 0.000000 1.000000
vt 1.000000 0.000000
vt 0.000000 0.000000
vt 0.000000 1.000000
vt 1.000000 1.000000
vt 1.000000 0.000000
vt 0.000000 1.000000
vt 1.000000 0.000000
vt 0.000000 0.000000
vt -0.027243 0.724439
vt -0.031844 0.735960
vt -0.109550 0.762155
vt 0.000000 1.000000
vt 1.000000 1.000000
vt 1.000000 0.000000
vt 0.000000 1.000000
vt 1.000000 0.000000
vt 0.000000 0.000000
vt 0.000000 1.000000
vt 1.000000 1.000000
vt 1.000000 0.000000
vt 0.000000 1.000000
vt 1.000000 0.000000
vt 0.000000 0.000000
vt -0.103864 1.450430
vt -0.121145 1.447941
vt -0.100225 1.534458
vt 0.000000 1.000000
vt 1.000000 1.000000
vt 1.000000 0.000000
vt 0.000000 1.000000
vt 1.000000 0.000000
vt 0.000000 0.000000
vt 0.000000 1.000000
vt 1.000000 1.000000
vt 1.000000 0.000000
vt 0.000000 1.000000
vt 1.000000 0.000000
vt 0.000000 0.000000
vt 0.401367 1.395101
vt 0.389844 1.381705
vt 0.460918 1.444585
vt 0.000000 1.000000
vt 1.000000 1.000000
vt 1.000000 0.000000
vt 0.000000 1.000000
vt 1.000000 0.000000
vt 0.000000 0.000000
vt 0.000000 1.000000
vt 1.000000 1.000000
vt 1.000000 0.000000
vt 0.000000 1.000000
vt 1.000000 0.000000
vt 0.000000 0.000000
vt 0.554244 1.166716
vt 0.549054 1.156256
vt 0.628822 1.199782
vt 0.000000 1.000000
vt 1.000000 1.000000
vt 1.000000 0.000000
vt 0.000000 1.000000
vt 1.000000 0.000000
vt 0.000000 0.000000
vt 0.000000 1.000000
vt 1.000000 1.000000
vt 1.000000 0.000000
vt 0.000000 1.000000
vt 1.000000 0.000000
vt 0.000000 0.000000
vt 0.082849 0.654662
vt 0.064570 0.648827
vt 0.099909 0.733816
vt 0.000000 1.000000
vt 1.000000 1.000000
vt 1.000000 0.000000
vt 0.000000 1.000000
vt 1.000000 0.000000
vt 0.000000 0.000000
vt 0.000000 1.000000
vt 1.000000 1.000000
vt 1.000000 0.000000
vt 0.000000 1.000000
vt 1.000000 0.000000
vt 0.000000 0.000000
vt 0.055829 0.944130
vt 0.060708 0.931516
vt 0.138620 0.906746
vt 0.000000 1.000000
vt 1.000000 1.000000
vt 1.000000 0.000000
vt 0.000000 1.000000
vt 1.000000 0.000000
vt 0.000000 0.000000
vt 0.000000 1.000000
vt 1.000000 1.000000
vt 1.000000 0.000000
vt 0.000000 1.000000
vt 1.000000 0.000000
vt 0.000000 0.000000
vt 0.261918 1.173255
vt 0.268035 1.192820
vt 0.182750 1.157329
vt 0.000000 1.000000
vt 1.000000 1.000000
vt 1.000000 0.000000
vt 0.000000 1.000000
vt 1.000000 0.000000
vt 0.000000 0.000000
vt 0.000000 1.000000
vt 1.000000 1.000000
vt 1.000000 0.000000
vt 0.000000 1.000000
vt 1.000000 0.000000
vt 0.000000 0.000000
vt -0.284691 0.995943
vt -0.296967 0.990846
vt -0.257790 1.072959
vt 0.000000 1.000000
vt 1.000000 1.000000
vt 1.000000 0.000000
vt 0.000000 1.000000
vt 1.000000 0.000000
vt 0.000000 0.000000
vt 0.000000 1.000000
vt 1.000000 1.000000
vt 1.000000 0.000000
vt 0.000000 1.000000
vt 1.000000 0.000000
vt 0.000000 0.000000
vt 0.116685 1.518594
vt 0.104932 1.508178
vt 0.167949 1.577862
vt 0.000000 1.000000
vt 1.000000 1.000000
vt 1.000000 0.000000
vt 0.000000 1.000000
vt 1.000000 0.000000
vt 0.000000 0.000000
vt 0.000000 1.000000
vt 1.000000 1.000000
vt 1.000000 0.000000
vt 0.000000 1.000000
vt 1.000000 0.000000
vt 0.000000 0.000000
vt -0.225861 1.389384
vt -0.226123 1.373838
vt -0.139852 1.383061
vt 0.000000 1.000000
vt 1.000000 1.000000
vt 1.000000 0.000000
vt 0.000000 1.000000
vt 1.000000 0.000000
vt 0.000000 0.000000
vt 0.000000 1.000000
vt 1.000000 1.000000
vt 1.000000 0.000000
vt 0.000000 1.000000
vt 1.000000 0.000000
vt 0.000000 0.000000
vt 0.273906 0.855815
vt 0.295135 0.854542
vt 0.289681 0.769181
vt 0.000000 1.000000
vt 1.000000 1.000000
vt 1.000000 0.000000
vt 0.000000 1.000000
vt 1.000000 0.000000
vt 0.000000 0.000000
vt 0.000000 1.000000
vt 1.000000 1.000000
vt 1.000000 0.000000
vt 0.000000 1.000000
vt 1.000000 0.000000
vt 0.000000 0.000000
vt 0.293430 1.079130
vt 0.282574 1.075563
vt 0.314900 1.159192
vt 0.000000 1.000000
vt 1.000000 1.000000
vt 1.000000 0.000000
vt 0.000000 1.000000
vt 1.000000 0.000000
vt 0.000000 0.000000
vt 0.000000 1.000000
vt 1.000000 1.000000
vt 1.000000 0.000000
vt 0.000000 1.000000
vt 1.000000 0.000000
vt 0.000000 0.000000
vt 0.150813 0.968395
vt 0.147896 0.988925
vt 0.064059 0.990777
vt 0.000000 1.000000
vt 1.000000 1.000000
vt 1.000000 0.000000
vt 0.000000 1.000000
vt 1.000000 0.000000
vt 0.000000 0.000000
vt 0.000000 1.000000
vt 1.000000 1.000000
vt 1.000000 0.000000
vt 0.000000 1.000000
vt 1.000000 0.000000
vt 0.000000 0.000000
vt -0.153623 1.256133
vt -0.135315 1.245381
vt -0.100843 1.176467
vt 0.000000 1.000000
vt 1.000000 1.000000
vt 1.000000 0.000000
vt 0.000000 1.000000
vt 1.000000 0.000000
vt 0.000000 0.000000
vt 0.000000 1.000000
vt 1.000000 1.000000
vt 1.000000 0.000000
vt 0.000000 1.000000
vt 1.000000 0.000000
vt 0.000000 0.000000
vt -0.254621 0.429752
vt -0.243142 0.440001
vt -0.306260 0.370612
vt 0.000000 1.000000
vt 1.000000 1.000000
vt 1.000000 0.000000
vt 0.000000 1.000000
vt 1.000000 0.000000
vt 0.000000 0.000000
vt 0.000000 1.000000
vt 1.000000 1.000000
vt 1.000000 0.000000
vt 0.000000 1.000000
vt 1.000000 0.000000
vt 0.000000 0.000000
vt -0.257146 1.150654
vt -0.260325 1.163534
vt -0.342378 1.177739
vt 0.000000 1.000000
vt 1.000000 1.000000
vt 1.000000 0.000000
vt 0.000000 1.000000
vt 1.000000 0.000000
vt 0.000000 0.000000
vt 0.000000 1.000000
vt 1.000000 1.000000
vt 1.000000 0.000000
vt 0.000000 1.000000
vt 1.000000 0.000000
vt 0.000000 0.000000
vt -0.095896 0.619961
vt -0.101733 0.603409
vt -0.017566 0.640336
vt 0.000000 1.000000
vt 1.000000 1.000000
vt 1.000000 0.000000
vt 0.000000 1.000000
vt 1.000000 0.000000
vt 0.000000 0.000000
vt 0.000000 1.000000
vt 1.000000 1.000000
vt 1.000000 0.000000
vt 0.000000 1.000000
vt 1.000000 0.000000
vt 0.000000 0.000000
vt 0.614378 1.004757
vt 0.610037 0.983481
vt 0.696621 1.011342
vt 0.000000 1.000000
vt 1.000000 1.000000
vt 1.000000 0.000000
vt 0.000000 1.000000
vt 1.000000 0.000000
vt 0.000000 0.000000
vt 0.000000 1.000000
vt 1.000000 1.000000
vt 1.000000 0.000000
vt 0.000000 1.000000
vt 1.000000 0.000000
vt 0.000000 0.000000
vt 0.345406 0.554748
vt 0.344845 0.542978
vt 0.431180 0.552961
vt 0.000000 1.000000
vt 1.000000 1.000000
vt 1.000000 0.000000
vt 0.000000 1.000000
vt 1.000000 0.000000
vt 0.000000 0.000000
vt 0.000000 1.000000
vt 1.000000 1.000000
vt 1.000000 0.000000
vt 0.000000 1.000000
vt 1.000000 0.000000
vt 0.000000 0.000000
vt 0.471528 1.454312
vt 0.454637 1.443113
vt 0.510689 1.520516
vt 0.000000 1.000000
vt 1.000000 1.000000
vt 1.000000 0.000000
vt 0.000000 1.000000
vt 1.000000 0.000000
vt 0.000000 0.000000
vt 0.000000 1.000000
vt 1.000000 1.000000
vt 1.000000 0.000000
vt 0.000000 1.000000
vt 1.000000 0.000000
vt 0.000000 0.000000
vt -0.332111 0.825763
vt -0.342059 0.835114
vt -0.396092 0.893211
vt 0.000000 1.000000
vt 1.000000 1.000000
vt 1.000000 0.000000
vt 0.000000 1.000000
vt 1.000000 0.000000
vt 0.000000 0.000000
vt 0.000000 1.000000
vt 1.000000 1.000000
vt 1.000000 0.000000
vt 0.000000 1.000000
vt 1.000000 0.000000
vt 0.000000 0.000000
vt -0.028664 0.839827
vt -0.013436 0.831095
vt 0.021805 0.760723
vt 0.000000 1.000000
vt 1.000000 1.000000
vt 1.000000 0.000000
vt 0.000000 1.000000
vt 1.000000 0.000000
vt 0.000000 0.000000
vt 0.000000 1.000000
vt 1.000000 1.000000
vt 1.000000 0.000000
vt 0.000000 1.000000
vt 1.000000 0.000000
vt 0.000000 0.000000
vt 0.248808 1.024870
vt 0.249414 1.043434
vt 0.163005 1.031341
vt 0.000000 1.000000
vt 1.000000 1.000000
vt 1.000000 0.000000
vt 0.000000 1.000000
vt 1.000000 0.000000
vt 0.000000 0.000000
vt 0.000000 1.000000
vt 1.000000 1.000000
vt 1.000000 0.000000
vt 0.000000 1.000000
vt 1.000000 0.000000
vt 0.000000 0.000000
vt -0.203553 0.629944
vt -0.219607 0.637176
vt -0.246967 0.712109
vt 0.000000 1.000000
vt 1.000000 1.000000
vt 1.000000 0.000000
vt 0.000000 1.000000
vt 1.000000 0.000000
vt 0.000000 0.000000
vt 0.000000 1.000000
vt 1.000000 1.000000
vt 1.000000 0.000000
vt 0.000000 1.000000
vt 1.000000 0.000000
vt 0.000000 0.000000
vt 0.551977 0.927615
vt 0.547487 0.913598
vt 0.631779 0.946884
f 1/1/1 2/2/2 3/3/3
f 4/4/4 5/5/5 6/6/6
f 7/7/7 8/8/8 9/9/9
f 10/10/10 11/11/11 12/12/12
f 13/13/13 14/14/14 15/15/15
f 16/16/16 17/17/17 18/18/18
f 19/19/19 20/20/20 21/21/21
f 22/22/22 23/23/23 24/24/24
f 25/25/25 26/26/26 27/27/27
f 28/28/28 29/29/29 30/30/30
f 31/31/31 32/32/32 33/33/33
f 34/34/34 35/35/35 36/36/36
f 37/37/37 38/38/38 39/39/39
f 40/40/40 41/41/41 42/42/42
f 43/43/43 44/44/44 45/45/45
f 46/46/46 47/47/47 48/48/48
f 49/49/49 50/50/50 51/51/51
f 52/52/52 53/53/53 54/54/54
f 55/55/55 56/56/56 57/57/57
f 58/58/58 59/59/59 60/60/60
f 61/61/61 62/62/62 63/63/63
f 64/64/64 65/65/65 66/66/66
f 67/67/67 68/68/68 69/69/69
f 70/70/70 71/71/71 72/72/72
f 73/73/73 74/74/74 75/75/75
f 76/76/76 77/77/77 78/78/78
f 79/79/79 80/80/80 81/81/81
f 82/82/82 83/83/83 84/84/84
f 85/85/85 86/86/86 87/87/87
f 88/88/88 89/89/89 90/90/90
f 91/91/91 92/92/92 93/93/93
f 94/94/94 95/95/95 96/96/96
f 97/97/97 98/98/98 99/99/99
f 100/100/100 101/101/101 102/102/102
f 103/103/103 104/104/104 105/105/105
f 106/106/106 107/107/107 108/108/108
f 109/109/109 110/110/110 111/111/111
f 112/112/112 113/113/113 114/114/114
f 115/115/115 116/116/116 117/117/117
f 118/118/118 119/119/119 120/120/120
f 121/121/121 122/122/122 123/123/123
f 124/124/124 125/125/125 126/126/126
f 127/127/127 128/128/128 129/129/129
f 130/130/130 131/131/131 132/132/132
f 133/133/133 134/134/134 135/135/135
f 136/136/136 137/137/137 138/138/138
f 139/139/139 140/140/140 141/141/141
f 142/142/142 143/143/143 144/144/144
f 145/145/145 146/146/146 147/147/147
f 148/148/148 149/149/149 150/150/150
f 151/151/151 152/152/152 153/153/153
f 154/154/154 155/155/155 156/156/156
f 157/157/157 158/158/158 159/159/159
f 160/160/160 161/161/161 162/162/162
f 163/163/163 164/164/164 165/165/165
f 166/166/166 167/167/167 168/168/168
f 169/169/169 170/170/170 171/171/171
f 172/172/172 173/173/173 174/174/174
f 175/175/175 176/176/176 177/177/177
f 178/178/178 179/179/179 180/180/180
f 181/181/181 182/182/182 183/183/183
f 184/184/184 185/185/185 186/186/186
f 187/187/187 188/188/188 189/189/189
f 190/190/190 191/191/191 192/192/192
f 193/193/193 194/194/194 195/195/195
f 196/196/196 197/197/197 198/198/198
f 199/199/199 200/200/200 201/201/201
f 202/202/202 203/203/203 204/204/204
f 205/205/205 206/206/206 207/207/207
f 208/208/208 209/209/209 210/210/210
f 211/211/211 212/212/212 213/213/213
f 214/214/214 215/215/215 216/216/216
f 217/217/217 218/218/218 219/219/219
f 220/220/220 221/221/221 222/222/222
f 223/223/223 224/224/224 225/225/225
f 226/226/226 227/227/227 228/228/228
f 229/229/229 230/230/230 231/231/231
f 232/232/232 233/233/233 234/234/234
f 235/235/235 236/236/236 237/237/237
f 238/238/238 239/239/239 240/240/240
f 241/241/241 242/242/242 243/243/243
f 244/244/244 245/245/245 246/246/246
f 247/247/247 248/248/248 249/249/249
f 250/250/250 251/251/251 252/252/252
f 253/253/253 254/254/254 255/255/255
f 256/256/256 257/257/257 258/258/258
f 259/259/259 260/260/260 261/261/261
f 262/262/262 263/263/263 264/264/264
f 265/265/265 266/266/266 267/267/267
f 268/268/268 269/269/269 270/270/270
f 271/271/271 272/272/272 273/273/273
f 274/274/274 275/275/275 276/276/276
f 277/277/277 278/278/278 279/279/279
f 280/280/280 281/281/281 282/282/282
f 283/283/283 284/284/284 285/285/285
f 286/286/286 287/287/287 288/288/288
f 289/289/289 290/290/290 291/291/291
f 292/292/292 293/293/293 294/294/294
f 295/295/295 296/296/296 297/297/297
f 298/298/298 299/299/299 300/300/300
f 301/301/301 302/302/302 303/303/303
f 304/304/304 305/305/305 306/306/306
f 307/307/307 308/308/308 309/309/309
f 310/310/310 311/311/311 312/312/312
f 313/313/313 314/314/314 315/315/315
f 316/316/316 317/317/317 318/318/318
f 319/319/319 320/320/320 321/321/321
f 322/322/322 323/323/323 324/324/324
f 325/325/325 326/326/326 327/327/327
f 328/328/328 329/329/329 330/330/330
f 331/331/331 332/332/332 333/333/333
f 334/334/334 335/335/335 336/336/336
f 337/337/337 338/338/338 339/339/339
f 340/340/340 341/341/341 342/342/342
f 343/343/343 344/344/344 345/345/345
f 346/346/346 347/347/347 348/348/348
f 349/349/349 350/350/350 351/351/351
f 352/352/352 353/353/353 354/354/354
f 355/355/355 356/356/356 357/357/357
f 358/358/358 359/359/359 360/360/360
f 361/361/361 362/362/362 363/363/363
f 364/364/364 365/365/365 366/366/366
f 367/367/367 368/368/368 369/369/369
f 370/370/370 371/371/371 372/372/372
f 373/373/373 374/374/374 375/375/375
f 376/376/376 377/377/377 378/378/378
f 379/379/379 380/380/380 381/381/381
f 382/382/382 383/383/383 384/384/384
f 385/385/385 386/386/386 387/387/387
f 388/388/388 389/389/389 390/390/390
f 391/391/391 392/392/392 393/393/393
f 394/394/394 395/395/395 396/396/396
f 397/397/397 398/398/398 399/399/399
f 400/400/400 401/401/401 402/402/402
f 403/403/403 404/404/404 405/405/405
f 406/406/406 407/407/407 408/408/408
f 409/409/409 410/410/410 411/411/411
f 412/412/412 413/413/413 414/414/414
f 415/415/415 416/416/416 417/417/417
f 418/418/418 419/419/419 420/420/420
f 421/421/421 422/422/422 423/423/423
f 424/424/424 425/425/425 426/426/426
f 427/427/427 428/428/428 429/429/429
f 430/430/430 431/431/431 432/432/432
f 433/433/433 434/434/434 435/435/435
g Dry_Grass
usemtl Dry_Grass
v 0.100378 0.000000 0.200767
v 0.056797 0.000000 0.224142
v 0.080408 0.261347 0.189382
v 0.100378 0.000000 0.200767
v 0.080408 0.261347 0.189382
v 0.110043 0.261347 0.173487
v 0.110043 0.261347 0.173487
v 0.080408 0.261347 0.189382
v 0.133661 0.509626 0.098897
v 0.110043 0.261347 0.173487
v 0.133661 0.509626 0.098897
v 0.150047 0.509626 0.090108
v 0.150047 0.509626 0.090108
v 0.133661 0.509626 0.098897
v 0.182575 0.653367 0.018582
v -0.064272 0.000000 0.307490
v -0.053890 0.000000 0.363416
v -0.020943 0.348914 0.360892
v -0.064272 0.000000 0.307490
v -0.020943 0.348914 0.360892
v -0.028002 0.348914 0.322863
v -0.028002 0.348914 0.322863
v -0.020943 0.348914 0.360892
v 0.074470 0.680383 0.370396
v -0.028002 0.348914 0.322863
v 0.074470 0.680383 0.370396
v 0.070567 0.680383 0.349368
v 0.070567 0.680383 0.349368
v 0.074470 0.680383 0.370396
v 0.157224 0.872286 0.375606
v -0.192056 0.000000 0.477929
v -0.189036 0.000000 0.431829
v -0.224644 0.262979 0.441506
v -0.192056 0.000000 0.477929
v -0.224644 0.262979 0.441506
v -0.226697 0.262979 0.472854
v -0.226697 0.262979 0.472854
v -0.224644 0.262979 0.441506
v -0.323540 0.512810 0.454961
v -0.226697 0.262979 0.472854
v -0.323540 0.512810 0.454961
v -0.324675 0.512810 0.472294
v -0.324675 0.512810 0.472294
v -0.323540 0.512810 0.454961
v -0.410075 0.657448 0.469258
v 0.019749 0.000000 -0.525371
v 0.053041 0.000000 -0.498598
v 0.069773 0.237874 -0.475451
v 0.019749 0.000000 -0.525371
v 0.069773 0.237874 -0.475451
v 0.047135 0.237874 -0.493656
v 0.047135 0.237874 -0.493656
v 0.069773 0.237874 -0.475451
v 0.126533 0.463854 -0.402646
v 0.047135 0.237874 -0.493656
v 0.126533 0.463854 -0.402646
v 0.114015 0.463854 -0.412712
v 0.114015 0.463854 -0.412712
v 0.126533 0.463854 -0.402646
v 0.174263 0.594684 -0.340542
v 0.416863 0.000000 -0.324867
v 0.401625 0.000000 -0.365558
v 0.371099 0.353110 -0.371392
v 0.416863 0.000000 -0.324867
v 0.371099 0.353110 -0.371392
v 0.381460 0.353110 -0.343722
v 0.381460 0.353110 -0.343722
v 0.371099 0.353110 -0.371392
v 0.281032 0.688565 -0.399802
v 0.381460 0.353110 -0.343722
v 0.281032 0.688565 -0.399802
v 0.286761 0.688565 -0.384502
v 0.286761 0.688565 -0.384502
v 0.281032 0.688565 -0.399802
v 0.203216 0.882776 -0.422365
v 0.357612 0.000000 0.396496
v 0.387772 0.000000 0.384138
v 0.369599 0.356513 0.418687
v 0.357612 0.000000 0.396496
v 0.369599 0.356513 0.418687
v 0.349091 0.356513 0.427090
v 0.349091 0.356513 0.427090
v 0.369599 0.356513 0.418687
v 0.327610 0.695200 0.511847
v 0.349091 0.356513 0.427090
v 0.327610 0.695200 0.511847
v 0.316271 0.695200 0.516494
v 0.316271 0.695200 0.516494
v 0.327610 0.695200 0.511847
v 0.289274 0.891283 0.593889
v 0.247896 0.000000 0.074148
v 0.300258 0.000000 0.093930
v 0.304320 0.285334 0.123693
v 0.247896 0.000000 0.074148
v 0.304320 0.285334 0.123693
v 0.268715 0.285334 0.110241
v 0.268715 0.285334 0.110241
v 0.304320 0.285334 0.123693
v 0.331226 0.556402 0.212968
v 0.268715 0.285334 0.110241
v 0.331226 0.556402 0.212968
v 0.311538 0.556402 0.205530
v 0.311538 0.556402 0.205530
v 0.331226 0.556402 0.212968
v 0.351830 0.713336 0.289841
v 0.391928 0.000000 -0.053860
v 0.366231 0.000000 -0.034978
v 0.391185 0.258234 -0.066365
v 0.391928 0.000000 -0.053860
v 0.391185 0.258234 -0.066365
v 0.408659 0.258234 -0.079205
v 0.408659 0.258234 -0.079205
v 0.391185 0.258234 -0.066365
v 0.453503 0.503557 -0.148731
v 0.408659 0.258234 -0.079205
v 0.453503 0.503557 -0.148731
v 0.463165 0.503557 -0.155830
v 0.463165 0.503557 -0.155830
v 0.453503 0.503557 -0.148731
v 0.509347 0.645586 -0.221706
v 0.158432 0.000000 -0.088024
v 0.193710 0.000000 -0.048944
v 0.214194 0.371284 -0.031610
v 0.158432 0.000000 -0.088024
v 0.214194 0.371284 -0.031610
v 0.190205 0.371284 -0.058185
v 0.190205 0.371284 -0.058185
v 0.214194 0.371284 -0.031610
v 0.282058 0.724003 0.028551
v 0.190205 0.371284 -0.058185
v 0.282058 0.724003 0.028551
v 0.268794 0.724003 0.013857
v 0.268794 0.724003 0.013857
v 0.282058 0.724003 0.028551
v 0.339376 0.928209 0.078932
v 0.012174 0.000000 0.128959
v 0.060915 0.000000 0.108138
v 0.039288 0.294522 0.143840
v 0.012174 0.000000 0.128959
v 0.039288 0.294522 0.143840
v 0.006144 0.294522 0.157998
v 0.006144 0.294522 0.157998
v 0.039288 0.294522 0.143840
v -0.006873 0.574317 0.237722
v 0.006144 0.294522 0.157998
v -0.006873 0.574317 0.237722
v -0.025199 0.574317 0.245551
v -0.025199 0.574317 0.245551
v -0.006873 0.574317 0.237722
v -0.049880 0.736304 0.320863
v -0.061992 0.000000 0.072406
v -0.090623 0.000000 0.111548
v -0.057631 0.256966 0.084504
v -0.061992 0.000000 0.072406
v -0.057631 0.256966 0.084504
v -0.038162 0.256966 0.057887
v -0.038162 0.256966 0.057887
v -0.057631 0.256966 0.084504
v 0.026343 0.501083 0.020316
v -0.038162 0.256966 0.057887
v 0.026343 0.501083 0.020316
v 0.037108 0.501083 0.005598
v 0.037108 0.501083 0.005598
v 0.026343 0.501083 0.020316
v 0.101261 0.642414 -0.037905
v -0.145549 0.000000 0.364988
v -0.184264 0.000000 0.389238
v -0.159384 0.268344 0.355526
v -0.145549 0.000000 0.364988
v -0.159384 0.268344 0.355526
v -0.133058 0.268344 0.339036
v -0.133058 0.268344 0.339036
v -0.159384 0.268344 0.355526
v -0.101134 0.523271 0.268239
v -0.133058 0.268344 0.339036
v -0.101134 0.523271 0.268239
v -0.086577 0.523271 0.259121
v -0.086577 0.523271 0.259121
v -0.101134 0.523271 0.268239
v -0.048123 0.670861 0.190668
v -0.308217 0.000000 -0.211373
v -0.360203 0.000000 -0.232450
v -0.365111 0.240726 -0.261699
v -0.308217 0.000000 -0.211373
v -0.365111 0.240726 -0.261699
v -0.329760 0.240726 -0.247366
v -0.329760 0.240726 -0.247366
v -0.365111 0.240726 -0.261699
v -0.394274 0.469415 -0.349915
v -0.329760 0.240726 -0.247366
v -0.394274 0.469415 -0.349915
v -0.374727 0.469415 -0.341990
v -0.374727 0.469415 -0.341990
v -0.394274 0.469415 -0.349915
v -0.416870 0.601814 -0.425792
v -0.265633 0.000000 0.037425
v -0.215260 0.000000 0.011030
v -0.239658 0.345871 0.046432
v -0.265633 0.000000 0.037425
v -0.239658 0.345871 0.046432
v -0.273911 0.345871 0.064380
v -0.273911 0.345871 0.064380
v -0.239658 0.345871 0.046432
v -0.293100 0.674448 0.137823
v -0.273911 0.345871 0.064380
v -0.293100 0.674448 0.137823
v -0.312041 0.674448 0.147747
v -0.312041 0.674448 0.147747
v -0.293100 0.674448 0.137823
v -0.342556 0.864677 0.219095
v -0.332164 0.000000 -0.259381
v -0.328326 0.000000 -0.220685
v -0.293912 0.236838 -0.223403
v -0.332164 0.000000 -0.259381
v -0.293912 0.236838 -0.223403
v -0.296522 0.236838 -0.249716
v -0.296522 0.236838 -0.249716
v -0.293912 0.236838 -0.223403
v -0.196329 0.461834 -0.219550
v -0.296522 0.236838 -0.249716
v -0.196329 0.461834 -0.219550
v -0.197772 0.461834 -0.234099
v -0.197772 0.461834 -0.234099
v -0.196329 0.461834 -0.219550
v -0.111319 0.592095 -0.218323
v 0.004227 0.000000 0.062356
v 0.037536 0.000000 0.022425
v 0.005177 0.330464 0.051362
v 0.004227 0.000000 0.062356
v 0.005177 0.330464 0.051362
v -0.017474 0.330464 0.078515
v -0.017474 0.330464 0.078515
v 0.005177 0.330464 0.051362
v -0.075638 0.644404 0.120622
v -0.017474 0.330464 0.078515
v -0.075638 0.644404 0.120622
v -0.088163 0.644404 0.135636
v -0.088163 0.644404 0.135636
v -0.075638 0.644404 0.120622
v -0.148057 0.826159 0.183315
v 0.302675 0.000000 -0.261256
v 0.281906 0.000000 -0.230318
v 0.314455 0.266976 -0.254887
v 0.302675 0.000000 -0.261256
v 0.314455 0.266976 -0.254887
v 0.328577 0.266976 -0.275925
v 0.328577 0.266976 -0.275925
v 0.314455 0.266976 -0.254887
v 0.399517 0.520603 -0.314571
v 0.328577 0.266976 -0.275925
v 0.399517 0.520603 -0.314571
v 0.407326 0.520603 -0.326204
v 0.407326 0.520603 -0.326204
v 0.399517 0.520603 -0.314571
v 0.474951 0.667440 -0.368405
v 0.004419 0.000000 0.089150
v -0.024402 0.000000 0.056890
v -0.046040 0.255295 0.038600
v 0.004419 0.000000 0.089150
v -0.046040 0.255295 0.038600
v -0.026442 0.255295 0.060537
v -0.026442 0.255295 0.060537
v -0.046040 0.255295 0.038600
v -0.115225 0.497825 -0.022220
v -0.026442 0.255295 0.060537
v -0.115225 0.497825 -0.022220
v -0.104388 0.497825 -0.010090
v -0.104388 0.497825 -0.010090
v -0.115225 0.497825 -0.022220
v -0.174053 0.638238 -0.073553
v 0.036820 0.000000 -0.365883
v 0.053057 0.000000 -0.419905
v 0.016749 0.375104 -0.401130
v 0.036820 0.000000 -0.365883
v 0.016749 0.375104 -0.401130
v 0.005707 0.375104 -0.364394
v 0.005707 0.375104 -0.364394
v 0.016749 0.375104 -0.401130
v -0.080192 0.731452 -0.364523
v 0.005707 0.375104 -0.364394
v -0.080192 0.731452 -0.364523
v -0.086298 0.731452 -0.344211
v -0.086298 0.731452 -0.344211
v -0.080192 0.731452 -0.364523
v -0.165751 0.937759 -0.329569
v -0.004764 0.000000 0.222034
v -0.007595 0.000000 0.184358
v -0.042243 0.347427 0.187748
v -0.004764 0.000000 0.222034
v -0.042243 0.347427 0.187748
v -0.040318 0.347427 0.213368
v -0.040318 0.347427 0.213368
v -0.042243 0.347427 0.187748
v -0.140183 0.677482 0.186083
v -0.040318 0.347427 0.213368
v -0.140183 0.677482 0.186083
v -0.139119 0.677482 0.200250
v -0.139119 0.677482 0.200250
v -0.140183 0.677482 0.186083
v -0.225561 0.868566 0.186711
v -0.210611 0.000000 -0.190248
v -0.268874 0.000000 -0.199231
v -0.264916 0.317650 -0.232583
v -0.210611 0.000000 -0.190248
v -0.264916 0.317650 -0.232583
v -0.225297 0.317650 -0.226474
v -0.225297 0.317650 -0.226474
v -0.264916 0.317650 -0.232583
v -0.271092 0.619417 -0.328713
v -0.225297 0.317650 -0.226474
v -0.271092 0.619417 -0.328713
v -0.249185 0.619417 -0.325335
v -0.249185 0.619417 -0.325335
v -0.271092 0.619417 -0.328713
v -0.273267 0.794124 -0.412170
v -0.226097 0.000000 0.038945
v -0.203225 0.000000 0.005771
v -0.235864 0.307752 0.031060
v -0.226097 0.000000 0.038945
v -0.235864 0.307752 0.031060
v -0.251417 0.307752 0.053618
v -0.251417 0.307752 0.053618
v -0.235864 0.307752 0.031060
v -0.320556 0.600116 0.092098
v -0.251417 0.307752 0.053618
v -0.320556 0.600116 0.092098
v -0.329156 0.600116 0.104571
v -0.329156 0.600116 0.104571
v -0.320556 0.600116 0.092098
v -0.395783 0.769379 0.147238
v 0.226222 0.000000 0.501626
v 0.214939 0.000000 0.455326
v 0.182545 0.262255 0.454400
v 0.226222 0.000000 0.501626
v 0.182545 0.262255 0.454400
v 0.190218 0.262255 0.485884
v 0.190218 0.262255 0.485884
v 0.182545 0.262255 0.454400
v 0.088417 0.511398 0.438080
v 0.190218 0.262255 0.485884
v 0.088417 0.511398 0.438080
v 0.092660 0.511398 0.455489
v 0.092660 0.511398 0.455489
v 0.088417 0.511398 0.438080
v 0.006836 0.655638 0.426386
v 0.038168 0.000000 0.141721
v 0.026010 0.000000 0.091952
v -0.006239 0.262427 0.091561
v 0.038168 0.000000 0.141721
v -0.006239 0.262427 0.091561
v 0.002029 0.262427 0.125405
v 0.002029 0.262427 0.125405
v -0.006239 0.262427 0.091561
v -0.100221 0.511732 0.075715
v 0.002029 0.262427 0.125405
v -0.100221 0.511732 0.075715
v -0.095649 0.511732 0.094428
v -0.095649 0.511732 0.094428
v -0.100221 0.511732 0.075715
v -0.181626 0.656066 0.064626
v 0.402581 0.000000 -0.293778
v 0.402277 0.000000 -0.323799
v 0.367127 0.257010 -0.319353
v 0.402581 0.000000 -0.293778
v 0.367127 0.257010 -0.319353
v 0.367334 0.257010 -0.298938
v 0.367334 0.257010 -0.298938
v 0.367127 0.257010 -0.319353
v 0.268531 0.501170 -0.315790
v 0.367334 0.257010 -0.298938
v 0.268531 0.501170 -0.315790
v 0.268645 0.501170 -0.304502
v 0.268645 0.501170 -0.304502
v 0.268531 0.501170 -0.315790
v 0.182440 0.642526 -0.311021
v -0.442207 0.000000 -0.027815
v -0.389842 0.000000 -0.030630
v -0.400110 0.288765 0.004970
v -0.442207 0.000000 -0.027815
v -0.400110 0.288765 0.004970
v -0.435718 0.288765 0.006884
v -0.435718 0.288765 0.006884
v -0.400110 0.288765 0.004970
v -0.413365 0.563091 0.103904
v -0.435718 0.288765 0.006884
v -0.413365 0.563091 0.103904
v -0.433054 0.563091 0.104962
v -0.433054 0.563091 0.104962
v -0.413365 0.563091 0.103904
v -0.427834 0.721911 0.190461
v -0.417548 0.000000 -0.359598
v -0.369769 0.000000 -0.360418
v -0.378018 0.373174 -0.325092
v -0.417548 0.000000 -0.359598
v -0.378018 0.373174 -0.325092
v -0.410507 0.373174 -0.324534
v -0.410507 0.373174 -0.324534
v -0.378018 0.373174 -0.325092
v -0.386972 0.727690 -0.226334
v -0.410507 0.373174 -0.324534
v -0.386972 0.727690 -0.226334
v -0.404937 0.727690 -0.226025
v -0.404937 0.727690 -0.226025
v -0.386972 0.727690 -0.226334
v -0.397432 0.932936 -0.140040
v 0.052855 0.000000 0.204654
v 0.083777 0.000000 0.220659
v 0.095010 0.329749 0.249359
v 0.052855 0.000000 0.204654
v 0.095010 0.329749 0.249359
v 0.073983 0.329749 0.238475
v 0.073983 0.329749 0.238475
v 0.095010 0.329749 0.249359
v 0.135655 0.643010 0.334534
v 0.073983 0.329749 0.238475
v 0.135655 0.643010 0.334534
v 0.124029 0.643010 0.328516
v 0.124029 0.643010 0.328516
v 0.135655 0.643010 0.334534
v 0.169444 0.824371 0.408036
v -0.034324 0.000000 0.480840
v 0.009957 0.000000 0.494512
v 0.013256 0.338655 0.525958
v -0.034324 0.000000 0.480840
v 0.013256 0.338655 0.525958
v -0.016855 0.338655 0.516661
v -0.016855 0.338655 0.516661
v 0.013256 0.338655 0.525958
v 0.035627 0.660378 0.618138
v -0.016855 0.338655 0.516661
v 0.035627 0.660378 0.618138
v 0.018977 0.660378 0.612997
v 0.018977 0.660378 0.612997
v 0.035627 0.660378 0.618138
v 0.052717 0.846639 0.697885
v -0.108848 0.000000 -0.074297
v -0.084784 0.000000 -0.111742
v -0.118247 0.307323 -0.086721
v -0.108848 0.000000 -0.074297
v -0.118247 0.307323 -0.086721
v -0.134610 0.307323 -0.061259
v -0.134610 0.307323 -0.061259
v -0.118247 0.307323 -0.086721
v -0.204894 0.599279 -0.027698
v -0.134610 0.307323 -0.061259
v -0.204894 0.599279 -0.027698
v -0.213941 0.599279 -0.013619
v -0.213941 0.599279 -0.013619
v -0.204894 0.599279 -0.027698
v -0.281894 0.768306 0.025917
v 0.059856 0.000000 0.321618
v 0.093176 0.000000 0.337500
v 0.102991 0.394011 0.366734
v 0.059856 0.000000 0.321618
v 0.102991 0.394011 0.366734
v 0.080334 0.394011 0.355934
v 0.080334 0.394011 0.355934
v 0.102991 0.394011 0.366734
v 0.140374 0.768321 0.453369
v 0.080334 0.394011 0.355934
v 0.140374 0.768321 0.453369
v 0.127845 0.768321 0.447397
v 0.127845 0.768321 0.447397
v 0.140374 0.768321 0.453369
v 0.171180 0.985027 0.528151
v 0.135913 0.000000 0.411718
v 0.151491 0.000000 0.376175
v 0.116759 0.257624 0.395992
v 0.135913 0.000000 0.411718
v 0.116759 0.257624 0.395992
v 0.106166 0.257624 0.420161
v 0.106166 0.257624 0.420161
v 0.116759 0.257624 0.395992
v 0.024040 0.502367 0.440995
v 0.106166 0.257624 0.420161
v 0.024040 0.502367 0.440995
v 0.018183 0.502367 0.454359
v 0.018183 0.502367 0.454359
v 0.024040 0.502367 0.440995
v -0.057794 0.644060 0.482260
v 0.063837 0.000000 -0.088192
v 0.015742 0.000000 -0.121669
v 0.003328 0.330730 -0.145203
v 0.063837 0.000000 -0.088192
v 0.003328 0.330730 -0.145203
v 0.036033 0.330730 -0.122438
v 0.036033 0.330730 -0.122438
v 0.003328 0.330730 -0.145203
v -0.045719 0.644923 -0.221079
v 0.036033 0.330730 -0.122438
v -0.045719 0.644923 -0.221079
v -0.027635 0.644923 -0.208492
v -0.027635 0.644923 -0.208492
v -0.045719 0.644923 -0.221079
v -0.085895 0.826825 -0.285495
v 0.297130 0.000000 0.195356
v 0.258251 0.000000 0.216807
v 0.281477 0.332632 0.182555
v 0.297130 0.000000 0.195356
v 0.281477 0.332632 0.182555
v 0.307915 0.332632 0.167968
v 0.307915 0.332632 0.167968
v 0.281477 0.332632 0.182555
v 0.335044 0.648633 0.092922
v 0.307915 0.332632 0.167968
v 0.335044 0.648633 0.092922
v 0.349662 0.648633 0.084856
v 0.349662 0.648633 0.084856
v 0.335044 0.648633 0.092922
v 0.383973 0.831581 0.013458
v -0.147039 0.000000 -0.395861
v -0.155804 0.000000 -0.423594
v -0.187965 0.344218 -0.429765
v -0.147039 0.000000 -0.395861
v -0.187965 0.344218 -0.429765
v -0.182004 0.344218 -0.410907
v -0.182004 0.344218 -0.410907
v -0.187965 0.344218 -0.429765
v -0.280694 0.671225 -0.455280
v -0.182004 0.344218 -0.410907
v -0.280694 0.671225 -0.455280
v -0.277398 0.671225 -0.444853
v -0.277398 0.671225 -0.444853
v -0.280694 0.671225 -0.455280
v -0.361192 0.860545 -0.476031
v 0.049378 0.000000 0.387375
v 0.050638 0.000000 0.417928
v 0.085606 0.372436 0.414490
v 0.049378 0.000000 0.387375
v 0.085606 0.372436 0.414490
v 0.084749 0.372436 0.393714
v 0.084749 0.372436 0.393714
v 0.085606 0.372436 0.414490
v 0.183979 0.726250 0.413912
v 0.084749 0.372436 0.393714
v 0.183979 0.726250 0.413912
v 0.183505 0.726250 0.402424
v 0.183505 0.726250 0.402424
v 0.183979 0.726250 0.413912
v 0.269821 0.931089 0.411718
v -0.231010 0.000000 0.344931
v -0.240417 0.000000 0.310885
v -0.272841 0.254787 0.306957
v -0.231010 0.000000 0.344931
v -0.272841 0.254787 0.306957
v -0.266443 0.254787 0.330108
v -0.266443 0.254787 0.330108
v -0.272841 0.254787 0.306957
v -0.366495 0.496834 0.285859
v -0.266443 0.254787 0.330108
v -0.366495 0.496834 0.285859
v -0.362958 0.496834 0.298660
v -0.362958 0.496834 0.298660
v -0.366495 0.496834 0.285859
v -0.447767 0.636966 0.269314
v 0.156130 0.000000 0.171642
v 0.124243 0.000000 0.150858
v 0.110124 0.328718 0.124695
v 0.156130 0.000000 0.171642
v 0.110124 0.328718 0.124695
v 0.131807 0.328718 0.138828
v 0.131807 0.328718 0.138828
v 0.110124 0.328718 0.124695
v 0.061102 0.641000 0.045212
v 0.131807 0.328718 0.138828
v 0.061102 0.641000 0.045212
v 0.073092 0.641000 0.053028
v 0.073092 0.641000 0.053028
v 0.061102 0.641000 0.045212
v 0.020052 0.821796 -0.023053
v 0.238328 0.000000 0.187207
v 0.242404 0.000000 0.141500
v 0.206691 0.224595 0.151940
v 0.238328 0.000000 0.187207
v 0.206691 0.224595 0.151940
v 0.203919 0.224595 0.183020
v 0.203919 0.224595 0.183020
v 0.206691 0.224595 0.151940
v 0.107813 0.437960 0.167650
v 0.203919 0.224595 0.183020
v 0.107813 0.437960 0.167650
v 0.106281 0.437960 0.184836
v 0.106281 0.437960 0.184836
v 0.107813 0.437960 0.167650
v 0.021236 0.561487 0.183896
v 0.186687 0.000000 0.111789
v 0.181522 0.000000 0.080228
v 0.147610 0.227425 0.079593
v 0.186687 0.000000 0.111789
v 0.147610 0.227425 0.079593
v 0.151122 0.227425 0.101055
v 0.151122 0.227425 0.101055
v 0.147610 0.227425 0.079593
v 0.051042 0.443479 0.068459
v 0.151122 0.227425 0.101055
v 0.051042 0.443479 0.068459
v 0.052984 0.443479 0.080326
v 0.052984 0.443479 0.080326
v 0.051042 0.443479 0.068459
v -0.033008 0.568563 0.060479
v 0.395345 0.000000 0.263744
v 0.376048 0.000000 0.313236
v 0.411931 0.223092 0.292530
v 0.395345 0.000000 0.263744
v 0.411931 0.223092 0.292530
v 0.425053 0.223092 0.258876
v 0.425053 0.223092 0.258876
v 0.411931 0.223092 0.292530
v 0.506773 0.435029 0.249171
v 0.425053 0.223092 0.258876
v 0.506773 0.435029 0.249171
v 0.514029 0.435029 0.230563
v 0.514029 0.435029 0.230563
v 0.506773 0.435029 0.249171
v 0.590667 0.557729 0.208570
v -0.194929 0.000000 0.311801
v -0.165016 0.000000 0.324435
v -0.156106 0.388069 0.354840
v -0.194929 0.000000 0.311801
v -0.156106 0.388069 0.354840
v -0.176447 0.388069 0.346249
v -0.176447 0.388069 0.346249
v -0.156106 0.388069 0.354840
v -0.122272 0.756735 0.443795
v -0.176447 0.388069 0.346249
v -0.122272 0.756735 0.443795
v -0.133519 0.756735 0.439045
v -0.133519 0.756735 0.439045
v -0.122272 0.756735 0.443795
v -0.094376 0.970173 0.520784
v -0.330207 0.000000 -0.367028
v -0.384086 0.000000 -0.386089
v -0.387205 0.333469 -0.416224
v -0.330207 0.000000 -0.367028
v -0.387205 0.333469 -0.416224
v -0.350567 0.333469 -0.403262
v -0.350567 0.333469 -0.403262
v -0.387205 0.333469 -0.416224
v -0.411916 0.650265 -0.506326
v -0.350567 0.333469 -0.403262
v -0.411916 0.650265 -0.506326
v -0.391657 0.650265 -0.499160
v -0.391657 0.650265 -0.499160
v -0.411916 0.650265 -0.506326
v -0.430519 0.833673 -0.583962
vn -0.471364 -0.074298 -0.878803
vn -0.471364 -0.074298 -0.878803
vn -0.471364 -0.074298 -0.878803
vn -0.471364 -0.074298 -0.878803
vn -0.471364 -0.074298 -0.878803
vn -0.471364 -0.074298 -0.878803
vn -0.461652 -0.214663 -0.860696
vn -0.461652 -0.214663 -0.860696
vn -0.461652 -0.214663 -0.860696
vn -0.461652 -0.214663 -0.860696
vn -0.461652 -0.214663 -0.860696
vn -0.461652 -0.214663 -0.860696
vn -0.448655 -0.314698 -0.836465
vn -0.448655 -0.314698 -0.836465
vn -0.448655 -0.314698 -0.836465
vn -0.978874 0.093749 0.181708
vn -0.978874 0.093749 0.181708
vn -0.978874 0.093749 0.181708
vn -0.978874 0.093749 0.181708
vn -0.978874 0.093749 0.181708
vn -0.978874 0.093749 0.181708
vn -0.947333 0.267647 0.175853
vn -0.947333 0.267647 0.175853
vn -0.947333 0.267647 0.175853
vn -0.947333 0.267647 0.175853
vn -0.947333 0.267647 0.175853
vn -0.947333 0.267647 0.175853
vn -0.906811 0.386469 0.168331
vn -0.906811 0.386469 0.168331
vn -0.906811 0.386469 0.168331
vn 0.989189 0.131554 0.064793
vn 0.989189 0.131554 0.064793
vn 0.989189 0.131554 0.064793
vn 0.989189 0.131554 0.064793
vn 0.989189 0.131554 0.064793
vn 0.989189 0.131554 0.064793
vn 0.929194 0.364546 0.060863
vn 0.929194 0.364546 0.060863
vn 0.929194 0.364546 0.060863
vn 0.929194 0.364546 0.060863
vn 0.929194 0.364546 0.060863
vn 0.929194 0.364546 0.060863
vn 0.859222 0.508498 0.056280
vn 0.859222 0.508498 0.056280
vn 0.859222 0.508498 0.056280
vn -0.626357 -0.031735 0.778890
vn -0.626357 -0.031735 0.778890
vn -0.626357 -0.031735 0.778890
vn -0.626357 -0.031735 0.778890
vn -0.626357 -0.031735 0.778890
vn -0.626357 -0.031735 0.778890
vn -0.623942 -0.093256 0.775887
vn -0.623942 -0.093256 0.775887
vn -0.623942 -0.093256 0.775887
vn -0.623942 -0.093256 0.775887
vn -0.623942 -0.093256 0.775887
vn -0.623942 -0.093256 0.775887
vn -0.620510 -0.139900 0.771619
vn -0.620510 -0.139900 0.771619
vn -0.620510 -0.139900 0.771619
vn 0.933855 0.074954 -0.349709
vn 0.933855 0.074954 -0.349709
vn 0.933855 0.074954 -0.349709
vn 0.933855 0.074954 -0.349709
vn 0.933855 0.074954 -0.349709
vn 0.933855 0.074954 -0.349709
vn 0.914283 0.216480 -0.342379
vn 0.914283 0.216480 -0.342379
vn 0.914283 0.216480 -0.342379
vn 0.914283 0.216480 -0.342379
vn 0.914283 0.216480 -0.342379
vn 0.914283 0.216480 -0.342379
vn 0.888124 0.317212 -0.332583
vn 0.888124 0.317212 -0.332583
vn 0.888124 0.317212 -0.332583
vn 0.378237 -0.070170 0.923045
vn 0.378237 -0.070170 0.923045
vn 0.378237 -0.070170 0.923045
vn 0.378237 -0.070170 0.923045
vn 0.378237 -0.070170 0.923045
vn 0.378237 -0.070170 0.923045
vn 0.371263 -0.203186 0.906024
vn 0.371263 -0.203186 0.906024
vn 0.371263 -0.203186 0.906024
vn 0.371263 -0.203186 0.906024
vn 0.371263 -0.203186 0.906024
vn 0.371263 -0.203186 0.906024
vn 0.361857 -0.298736 0.883072
vn 0.361857 -0.298736 0.883072
vn 0.361857 -0.298736 0.883072
vn -0.351917 -0.092152 0.931484
vn -0.351917 -0.092152 0.931484
vn -0.351917 -0.092152 0.931484
vn -0.351917 -0.092152 0.931484
vn -0.351917 -0.092152 0.931484
vn -0.351917 -0.092152 0.931484
vn -0.340943 -0.263372 0.902437
vn -0.340943 -0.263372 0.902437
vn -0.340943 -0.263372 0.902437
vn -0.340943 -0.263372 0.902437
vn -0.340943 -0.263372 0.902437
vn -0.340943 -0.263372 0.902437
vn -0.326793 -0.380802 0.864983
vn -0.326793 -0.380802 0.864983
vn -0.326793 -0.380802 0.864983
vn -0.591631 -0.040694 -0.805181
vn -0.591631 -0.040694 -0.805181
vn -0.591631 -0.040694 -0.805181
vn -0.591631 -0.040694 -0.805181
vn -0.591631 -0.040694 -0.805181
vn -0.591631 -0.040694 -0.805181
vn -0.587894 -0.119288 -0.800094
vn -0.587894 -0.119288 -0.800094
vn -0.587894 -0.119288 -0.800094
vn -0.587894 -0.119288 -0.800094
vn -0.587894 -0.119288 -0.800094
vn -0.587894 -0.119288 -0.800094
vn -0.582630 -0.178331 -0.792931
vn -0.582630 -0.178331 -0.792931
vn -0.582630 -0.178331 -0.792931
vn -0.742262 0.009671 0.670039
vn -0.742262 0.009671 0.670039
vn -0.742262 0.009671 0.670039
vn -0.742262 0.009671 0.670039
vn -0.742262 0.009671 0.670039
vn -0.742262 0.009671 0.670039
vn -0.741995 0.028518 0.669798
vn -0.741995 0.028518 0.669798
vn -0.741995 0.028518 0.669798
vn -0.741995 0.028518 0.669798
vn -0.741995 0.028518 0.669798
vn -0.741995 0.028518 0.669798
vn -0.741611 0.042997 0.669451
vn -0.741611 0.042997 0.669451
vn -0.741611 0.042997 0.669451
vn 0.391501 -0.082348 0.916486
vn 0.391501 -0.082348 0.916486
vn 0.391501 -0.082348 0.916486
vn 0.391501 -0.082348 0.916486
vn 0.391501 -0.082348 0.916486
vn 0.391501 -0.082348 0.916486
vn 0.381660 -0.236821 0.893449
vn 0.381660 -0.236821 0.893449
vn 0.381660 -0.236821 0.893449
vn 0.381660 -0.236821 0.893449
vn 0.381660 -0.236821 0.893449
vn 0.381660 -0.236821 0.893449
vn 0.368700 -0.345107 0.863111
vn 0.368700 -0.345107 0.863111
vn 0.368700 -0.345107 0.863111
vn -0.806437 0.041459 -0.589865
vn -0.806437 0.041459 -0.589865
vn -0.806437 0.041459 -0.589865
vn -0.806437 0.041459 -0.589865
vn -0.806437 0.041459 -0.589865
vn -0.806437 0.041459 -0.589865
vn -0.801151 0.121503 -0.585999
vn -0.801151 0.121503 -0.585999
vn -0.801151 0.121503 -0.585999
vn -0.801151 0.121503 -0.585999
vn -0.801151 0.121503 -0.585999
vn -0.801151 0.121503 -0.585999
vn -0.793713 0.181583 -0.580558
vn -0.793713 0.181583 -0.580558
vn -0.793713 0.181583 -0.580558
vn -0.529968 -0.057155 -0.846089
vn -0.529968 -0.057155 -0.846089
vn -0.529968 -0.057155 -0.846089
vn -0.529968 -0.057155 -0.846089
vn -0.529968 -0.057155 -0.846089
vn -0.529968 -0.057155 -0.846089
vn -0.523424 -0.166524 -0.835642
vn -0.523424 -0.166524 -0.835642
vn -0.523424 -0.166524 -0.835642
vn -0.523424 -0.166524 -0.835642
vn -0.523424 -0.166524 -0.835642
vn -0.523424 -0.166524 -0.835642
vn -0.514406 -0.246870 -0.821244
vn -0.514406 -0.246870 -0.821244
vn -0.514406 -0.246870 -0.821244
vn 0.373675 -0.104366 -0.921670
vn 0.373675 -0.104366 -0.921670
vn 0.373675 -0.104366 -0.921670
vn 0.373675 -0.104366 -0.921670
vn 0.373675 -0.104366 -0.921670
vn 0.373675 -0.104366 -0.921670
vn 0.358922 -0.295725 -0.885281
vn 0.358922 -0.295725 -0.885281
vn 0.358922 -0.295725 -0.885281
vn 0.358922 -0.295725 -0.885281
vn 0.358922 -0.295725 -0.885281
vn 0.358922 -0.295725 -0.885281
vn 0.340436 -0.423119 -0.839687
vn 0.340436 -0.423119 -0.839687
vn 0.340436 -0.423119 -0.839687
vn 0.463357 -0.057828 0.884283
vn 0.463357 -0.057828 0.884283
vn 0.463357 -0.057828 0.884283
vn 0.463357 -0.057828 0.884283
vn 0.463357 -0.057828 0.884283
vn 0.463357 -0.057828 0.884283
vn 0.457503 -0.168436 0.873110
vn 0.457503 -0.168436 0.873110
vn 0.457503 -0.168436 0.873110
vn 0.457503 -0.168436 0.873110
vn 0.457503 -0.168436 0.873110
vn 0.457503 -0.168436 0.873110
vn 0.449443 -0.249605 0.857728
vn 0.449443 -0.249605 0.857728
vn 0.449443 -0.249605 0.857728
vn -0.984717 0.144207 0.097652
vn -0.984717 0.144207 0.097652
vn -0.984717 0.144207 0.097652
vn -0.984717 0.144207 0.097652
vn -0.984717 0.144207 0.097652
vn -0.984717 0.144207 0.097652
vn -0.914217 0.394953 0.090660
vn -0.914217 0.394953 0.090660
vn -0.914217 0.394953 0.090660
vn -0.914217 0.394953 0.090660
vn -0.914217 0.394953 0.090660
vn -0.914217 0.394953 0.090660
vn -0.834923 0.544103 0.082797
vn -0.834923 0.544103 0.082797
vn -0.834923 0.544103 0.082797
vn 0.767762 0.019100 0.640450
vn 0.767762 0.019100 0.640450
vn 0.767762 0.019100 0.640450
vn 0.767762 0.019100 0.640450
vn 0.767762 0.019100 0.640450
vn 0.767762 0.019100 0.640450
vn 0.766686 0.056267 0.639552
vn 0.766686 0.056267 0.639552
vn 0.766686 0.056267 0.639552
vn 0.766686 0.056267 0.639552
vn 0.766686 0.056267 0.639552
vn 0.766686 0.056267 0.639552
vn 0.765143 0.084706 0.638265
vn 0.765143 0.084706 0.638265
vn 0.765143 0.084706 0.638265
vn -0.829241 0.049870 -0.556661
vn -0.829241 0.049870 -0.556661
vn -0.829241 0.049870 -0.556661
vn -0.829241 0.049870 -0.556661
vn -0.829241 0.049870 -0.556661
vn -0.829241 0.049870 -0.556661
vn -0.821411 0.145727 -0.551405
vn -0.821411 0.145727 -0.551405
vn -0.821411 0.145727 -0.551405
vn -0.821411 0.145727 -0.551405
vn -0.821411 0.145727 -0.551405
vn -0.821411 0.145727 -0.551405
vn -0.810507 0.216907 -0.544085
vn -0.810507 0.216907 -0.544085
vn -0.810507 0.216907 -0.544085
vn 0.745647 0.015474 -0.666162
vn 0.745647 0.015474 -0.666162
vn 0.745647 0.015474 -0.666162
vn 0.745647 0.015474 -0.666162
vn 0.745647 0.015474 -0.666162
vn 0.745647 0.015474 -0.666162
vn 0.744960 0.045608 -0.665548
vn 0.744960 0.045608 -0.665548
vn 0.744960 0.045608 -0.665548
vn 0.744960 0.045608 -0.665548
vn 0.744960 0.045608 -0.665548
vn 0.744960 0.045608 -0.665548
vn 0.743974 0.068707 -0.664667
vn 0.743974 0.068707 -0.664667
vn 0.743974 0.068707 -0.664667
vn 0.954757 0.078052 0.286963
vn 0.954757 0.078052 0.286963
vn 0.954757 0.078052 0.286963
vn 0.954757 0.078052 0.286963
vn 0.954757 0.078052 0.286963
vn 0.954757 0.078052 0.286963
vn 0.933115 0.225034 0.280458
vn 0.933115 0.225034 0.280458
vn 0.933115 0.225034 0.280458
vn 0.933115 0.225034 0.280458
vn 0.933115 0.225034 0.280458
vn 0.933115 0.225034 0.280458
vn 0.904365 0.328999 0.271817
vn 0.904365 0.328999 0.271817
vn 0.904365 0.328999 0.271817
vn 0.992222 0.099680 -0.074559
vn 0.992222 0.099680 -0.074559
vn 0.992222 0.099680 -0.074559
vn 0.992222 0.099680 -0.074559
vn 0.992222 0.099680 -0.074559
vn 0.992222 0.099680 -0.074559
vn 0.956303 0.283410 -0.071860
vn 0.956303 0.283410 -0.071860
vn 0.956303 0.283410 -0.071860
vn 0.956303 0.283410 -0.071860
vn 0.956303 0.283410 -0.071860
vn 0.956303 0.283410 -0.071860
vn 0.910785 0.407168 -0.068439
vn 0.910785 0.407168 -0.068439
vn 0.910785 0.407168 -0.068439
vn 0.151541 -0.105082 -0.982849
vn 0.151541 -0.105082 -0.982849
vn 0.151541 -0.105082 -0.982849
vn 0.151541 -0.105082 -0.982849
vn 0.151541 -0.105082 -0.982849
vn 0.151541 -0.105082 -0.982849
vn 0.145481 -0.297596 -0.943542
vn 0.145481 -0.297596 -0.943542
vn 0.145481 -0.297596 -0.943542
vn 0.145481 -0.297596 -0.943542
vn 0.145481 -0.297596 -0.943542
vn 0.145481 -0.297596 -0.943542
vn 0.137900 -0.425524 -0.894378
vn 0.137900 -0.425524 -0.894378
vn 0.137900 -0.425524 -0.894378
vn 0.822601 0.040637 0.567165
vn 0.822601 0.040637 0.567165
vn 0.822601 0.040637 0.567165
vn 0.822601 0.040637 0.567165
vn 0.822601 0.040637 0.567165
vn 0.822601 0.040637 0.567165
vn 0.817419 0.119125 0.563592
vn 0.817419 0.119125 0.563592
vn 0.817419 0.119125 0.563592
vn 0.817419 0.119125 0.563592
vn 0.817419 0.119125 0.563592
vn 0.817419 0.119125 0.563592
vn 0.810120 0.178092 0.558560
vn 0.810120 0.178092 0.558560
vn 0.810120 0.178092 0.558560
vn 0.964739 0.118334 -0.235109
vn 0.964739 0.118334 -0.235109
vn 0.964739 0.118334 -0.235109
vn 0.964739 0.118334 -0.235109
vn 0.964739 0.118334 -0.235109
vn 0.964739 0.118334 -0.235109
vn 0.916574 0.331657 -0.223371
vn 0.916574 0.331657 -0.223371
vn 0.916574 0.331657 -0.223371
vn 0.916574 0.331657 -0.223371
vn 0.916574 0.331657 -0.223371
vn 0.916574 0.331657 -0.223371
vn 0.858338 0.468509 -0.209179
vn 0.858338 0.468509 -0.209179
vn 0.858338 0.468509 -0.209179
vn 0.964623 0.118189 -0.235658
vn 0.964623 0.118189 -0.235658
vn 0.964623 0.118189 -0.235658
vn 0.964623 0.118189 -0.235658
vn 0.964623 0.118189 -0.235658
vn 0.964623 0.118189 -0.235658
vn 0.916573 0.331292 -0.223919
vn 0.916573 0.331292 -0.223919
vn 0.916573 0.331292 -0.223919
vn 0.916573 0.331292 -0.223919
vn 0.916573 0.331292 -0.223919
vn 0.916573 0.331292 -0.223919
vn 0.858453 0.468056 -0.209720
vn 0.858453 0.468056 -0.209720
vn 0.858453 0.468056 -0.209720
vn 0.990704 0.135665 -0.010052
vn 0.990704 0.135665 -0.010052
vn 0.990704 0.135665 -0.010052
vn 0.990704 0.135665 -0.010052
vn 0.990704 0.135665 -0.010052
vn 0.990704 0.135665 -0.010052
vn 0.927162 0.374544 -0.009407
vn 0.927162 0.374544 -0.009407
vn 0.927162 0.374544 -0.009407
vn 0.927162 0.374544 -0.009407
vn 0.927162 0.374544 -0.009407
vn 0.927162 0.374544 -0.009407
vn 0.853909 0.520351 -0.008664
vn 0.853909 0.520351 -0.008664
vn 0.853909 0.520351 -0.008664
vn 0.053289 -0.120316 0.991304
vn 0.053289 -0.120316 0.991304
vn 0.053289 -0.120316 0.991304
vn 0.053289 -0.120316 0.991304
vn 0.053289 -0.120316 0.991304
vn 0.053289 -0.120316 0.991304
vn 0.050546 -0.336658 0.940269
vn 0.050546 -0.336658 0.940269
vn 0.050546 -0.336658 0.940269
vn 0.050546 -0.336658 0.940269
vn 0.050546 -0.336658 0.940269
vn 0.050546 -0.336658 0.940269
vn 0.047246 -0.474687 0.878886
vn 0.047246 -0.474687 0.878886
vn 0.047246 -0.474687 0.878886
vn 0.017073 -0.093854 0.995440
vn 0.017073 -0.093854 0.995440
vn 0.017073 -0.093854 0.995440
vn 0.017073 -0.093854 0.995440
vn 0.017073 -0.093854 0.995440
vn 0.017073 -0.093854 0.995440
vn 0.016522 -0.267930 0.963297
vn 0.016522 -0.267930 0.963297
vn 0.016522 -0.267930 0.963297
vn 0.016522 -0.267930 0.963297
vn 0.016522 -0.267930 0.963297
vn 0.016522 -0.267930 0.963297
vn 0.015814 -0.386843 0.922010
vn 0.015814 -0.386843 0.922010
vn 0.015814 -0.386843 0.922010
vn -0.458800 -0.061520 0.886408
vn -0.458800 -0.061520 0.886408
vn -0.458800 -0.061520 0.886408
vn -0.458800 -0.061520 0.886408
vn -0.458800 -0.061520 0.886408
vn -0.458800 -0.061520 0.886408
vn -0.452255 -0.178896 0.873763
vn -0.452255 -0.178896 0.873763
vn -0.452255 -0.178896 0.873763
vn -0.452255 -0.178896 0.873763
vn -0.452255 -0.178896 0.873763
vn -0.452255 -0.178896 0.873763
vn -0.443297 -0.264515 0.856457
vn -0.443297 -0.264515 0.856457
vn -0.443297 -0.264515 0.856457
vn -0.293920 -0.085535 0.951995
vn -0.293920 -0.085535 0.951995
vn -0.293920 -0.085535 0.951995
vn -0.293920 -0.085535 0.951995
vn -0.293920 -0.085535 0.951995
vn -0.293920 -0.085535 0.951995
vn -0.285973 -0.245505 0.926254
vn -0.285973 -0.245505 0.926254
vn -0.285973 -0.245505 0.926254
vn -0.285973 -0.245505 0.926254
vn -0.285973 -0.245505 0.926254
vn -0.285973 -0.245505 0.926254
vn -0.275576 -0.356874 0.892580
vn -0.275576 -0.356874 0.892580
vn -0.275576 -0.356874 0.892580
vn 0.840314 0.047531 0.540013
vn 0.840314 0.047531 0.540013
vn 0.840314 0.047531 0.540013
vn 0.840314 0.047531 0.540013
vn 0.840314 0.047531 0.540013
vn 0.840314 0.047531 0.540013
vn 0.833096 0.139012 0.535375
vn 0.833096 0.139012 0.535375
vn 0.833096 0.139012 0.535375
vn 0.833096 0.139012 0.535375
vn 0.833096 0.139012 0.535375
vn 0.833096 0.139012 0.535375
vn 0.823015 0.207159 0.528896
vn 0.823015 0.207159 0.528896
vn 0.823015 0.207159 0.528896
vn -0.429609 -0.056168 0.901267
vn -0.429609 -0.056168 0.901267
vn -0.429609 -0.056168 0.901267
vn -0.429609 -0.056168 0.901267
vn -0.429609 -0.056168 0.901267
vn -0.429609 -0.056168 0.901267
vn -0.424482 -0.163717 0.890512
vn -0.424482 -0.163717 0.890512
vn -0.424482 -0.163717 0.890512
vn -0.424482 -0.163717 0.890512
vn -0.424482 -0.163717 0.890512
vn -0.424482 -0.163717 0.890512
vn -0.417407 -0.242847 0.875669
vn -0.417407 -0.242847 0.875669
vn -0.417407 -0.242847 0.875669
vn 0.911990 0.092204 0.399716
vn 0.911990 0.092204 0.399716
vn 0.911990 0.092204 0.399716
vn 0.911990 0.092204 0.399716
vn 0.911990 0.092204 0.399716
vn 0.911990 0.092204 0.399716
vn 0.883521 0.263510 0.387238
vn 0.883521 0.263510 0.387238
vn 0.883521 0.263510 0.387238
vn 0.883521 0.263510 0.387238
vn 0.883521 0.263510 0.387238
vn 0.883521 0.263510 0.387238
vn 0.846816 0.380985 0.371151
vn 0.846816 0.380985 0.371151
vn 0.846816 0.380985 0.371151
vn 0.570902 -0.036933 -0.820187
vn 0.570902 -0.036933 -0.820187
vn 0.570902 -0.036933 -0.820187
vn 0.570902 -0.036933 -0.820187
vn 0.570902 -0.036933 -0.820187
vn 0.570902 -0.036933 -0.820187
vn 0.567926 -0.108385 -0.815912
vn 0.567926 -0.108385 -0.815912
vn 0.567926 -0.108385 -0.815912
vn 0.567926 -0.108385 -0.815912
vn 0.567926 -0.108385 -0.815912
vn 0.567926 -0.108385 -0.815912
vn 0.563719 -0.162285 -0.809867
vn 0.563719 -0.162285 -0.809867
vn 0.563719 -0.162285 -0.809867
vn -0.482336 -0.056337 -0.874173
vn -0.482336 -0.056337 -0.874173
vn -0.482336 -0.056337 -0.874173
vn -0.482336 -0.056337 -0.874173
vn -0.482336 -0.056337 -0.874173
vn -0.482336 -0.056337 -0.874173
vn -0.476547 -0.164200 -0.863679
vn -0.476547 -0.164200 -0.863679
vn -0.476547 -0.164200 -0.863679
vn -0.476547 -0.164200 -0.863679
vn -0.476547 -0.164200 -0.863679
vn -0.476547 -0.164200 -0.863679
vn -0.468558 -0.243539 -0.849201
vn -0.468558 -0.243539 -0.849201
vn -0.468558 -0.243539 -0.849201
vn 0.950183 0.083393 -0.300331
vn 0.950183 0.083393 -0.300331
vn 0.950183 0.083393 -0.300331
vn 0.950183 0.083393 -0.300331
vn 0.950183 0.083393 -0.300331
vn 0.950183 0.083393 -0.300331
vn 0.925713 0.239673 -0.292596
vn 0.925713 0.239673 -0.292596
vn 0.925713 0.239673 -0.292596
vn 0.925713 0.239673 -0.292596
vn 0.925713 0.239673 -0.292596
vn 0.925713 0.239673 -0.292596
vn 0.893557 0.348981 -0.282433
vn 0.893557 0.348981 -0.282433
vn 0.893557 0.348981 -0.282433
vn -0.994747 0.093777 0.041029
vn -0.994747 0.093777 0.041029
vn -0.994747 0.093777 0.041029
vn -0.994747 0.093777 0.041029
vn -0.994747 0.093777 0.041029
vn -0.994747 0.093777 0.041029
vn -0.962677 0.267723 0.039707
vn -0.962677 0.267723 0.039707
vn -0.962677 0.267723 0.039707
vn -0.962677 0.267723 0.039707
vn -0.962677 0.267723 0.039707
vn -0.962677 0.267723 0.039707
vn -0.921477 0.386569 0.038007
vn -0.921477 0.386569 0.038007
vn -0.921477 0.386569 0.038007
vn 0.957177 0.117730 -0.264485
vn 0.957177 0.117730 -0.264485
vn 0.957177 0.117730 -0.264485
vn 0.957177 0.117730 -0.264485
vn 0.957177 0.117730 -0.264485
vn 0.957177 0.117730 -0.264485
vn 0.909841 0.330129 -0.251405
vn 0.909841 0.330129 -0.251405
vn 0.909841 0.330129 -0.251405
vn 0.909841 0.330129 -0.251405
vn 0.909841 0.330129 -0.251405
vn 0.909841 0.330129 -0.251405
vn 0.852514 0.466614 -0.235565
vn 0.852514 0.466614 -0.235565
vn 0.852514 0.466614 -0.235565
vn 0.545557 -0.043181 -0.836960
vn 0.545557 -0.043181 -0.836960
vn 0.545557 -0.043181 -0.836960
vn 0.545557 -0.043181 -0.836960
vn 0.545557 -0.043181 -0.836960
vn 0.545557 -0.043181 -0.836960
vn 0.541681 -0.126478 -0.831014
vn 0.541681 -0.126478 -0.831014
vn 0.541681 -0.126478 -0.831014
vn 0.541681 -0.126478 -0.831014
vn 0.541681 -0.126478 -0.831014
vn 0.541681 -0.126478 -0.831014
vn 0.536238 -0.188872 -0.822664
vn 0.536238 -0.188872 -0.822664
vn 0.536238 -0.188872 -0.822664
vn 0.984404 0.152450 0.087794
vn 0.984404 0.152450 0.087794
vn 0.984404 0.152450 0.087794
vn 0.984404 0.152450 0.087794
vn 0.984404 0.152450 0.087794
vn 0.984404 0.152450 0.087794
vn 0.906596 0.414181 0.080854
vn 0.906596 0.414181 0.080854
vn 0.906596 0.414181 0.080854
vn 0.906596 0.414181 0.080854
vn 0.906596 0.414181 0.080854
vn 0.906596 0.414181 0.080854
vn 0.821195 0.565928 0.073238
vn 0.821195 0.565928 0.073238
vn 0.821195 0.565928 0.073238
vn 0.976422 0.145149 -0.159790
vn 0.976422 0.145149 -0.159790
vn 0.976422 0.145149 -0.159790
vn 0.976422 0.145149 -0.159790
vn 0.976422 0.145149 -0.159790
vn 0.976422 0.145149 -0.159790
vn 0.905696 0.397173 -0.148216
vn 0.905696 0.397173 -0.148216
vn 0.905696 0.397173 -0.148216
vn 0.905696 0.397173 -0.148216
vn 0.905696 0.397173 -0.148216
vn 0.905696 0.397173 -0.148216
vn 0.826369 0.546650 -0.135234
vn 0.826369 0.546650 -0.135234
vn 0.826369 0.546650 -0.135234
vn -0.925463 0.115364 -0.360844
vn -0.925463 0.115364 -0.360844
vn -0.925463 0.115364 -0.360844
vn -0.925463 0.115364 -0.360844
vn -0.925463 0.115364 -0.360844
vn -0.925463 0.115364 -0.360844
vn -0.881389 0.324115 -0.343660
vn -0.881389 0.324115 -0.343660
vn -0.881389 0.324115 -0.343660
vn -0.881389 0.324115 -0.343660
vn -0.881389 0.324115 -0.343660
vn -0.881389 0.324115 -0.343660
vn -0.827681 0.459127 -0.322718
vn -0.827681 0.459127 -0.322718
vn -0.827681 0.459127 -0.322718
vn -0.388296 -0.063118 0.919371
vn -0.388296 -0.063118 0.919371
vn -0.388296 -0.063118 0.919371
vn -0.388296 -0.063118 0.919371
vn -0.388296 -0.063118 0.919371
vn -0.388296 -0.063118 0.919371
vn -0.382472 -0.183405 0.905581
vn -0.382472 -0.183405 0.905581
vn -0.382472 -0.183405 0.905581
vn -0.382472 -0.183405 0.905581
vn -0.382472 -0.183405 0.905581
vn -0.382472 -0.183405 0.905581
vn -0.374522 -0.270912 0.886758
vn -0.374522 -0.270912 0.886758
vn -0.374522 -0.270912 0.886758
vn 0.332396 -0.081799 -0.939586
vn 0.332396 -0.081799 -0.939586
vn 0.332396 -0.081799 -0.939586
vn 0.332396 -0.081799 -0.939586
vn 0.332396 -0.081799 -0.939586
vn 0.332396 -0.081799 -0.939586
vn 0.324148 -0.235321 -0.916271
vn 0.324148 -0.235321 -0.916271
vn 0.324148 -0.235321 -0.916271
vn 0.324148 -0.235321 -0.916271
vn 0.324148 -0.235321 -0.916271
vn 0.324148 -0.235321 -0.916271
vn 0.313273 -0.343066 -0.885531
vn 0.313273 -0.343066 -0.885531
vn 0.313273 -0.343066 -0.885531
vt 0.000000 1.000000
vt 1.000000 1.000000
vt 1.000000 0.000000
vt 0.000000 1.000000
vt 1.000000 0.000000
vt 0.000000 0.000000
vt 0.000000 1.000000
vt 1.000000 1.000000
vt 1.000000 0.000000
vt 0.000000 1.000000
vt 1.000000 0.000000
vt 0.000000 0.000000
vt 0.150047 0.909892
vt 0.133661 0.901103
vt 0.182575 0.981418
vt 0.000000 1.000000
vt 1.000000 1.000000
vt 1.000000 0.000000
vt 0.000000 1.000000
vt 1.000000 0.000000
vt 0.000000 0.000000
vt 0.000000 1.000000
vt 1.000000 1.000000
vt 1.000000 0.000000
vt 0.000000 1.000000
vt 1.000000 0.000000
vt 0.000000 0.000000
vt 0.070567 0.650632
vt 0.074470 0.629604
vt 0.157224 0.624394
vt 0.000000 1.000000
vt 1.000000 1.000000
vt 1.000000 0.000000
vt 0.000000 1.000000
vt 1.000000 0.000000
vt 0.000000 0.000000
vt 0.000000 1.000000
vt 1.000000 1.000000
vt 1.000000 0.000000
vt 0.000000 1.000000
vt 1.000000 0.000000
vt 0.000000 0.000000
vt -0.324675 0.527706
vt -0.323540 0.545039
vt -0.410075 0.530742
vt 0.000000 1.000000
vt 1.000000 1.000000
vt 1.000000 0.000000
vt 0.000000 1.000000
vt 1.000000 0.000000
vt 0.000000 0.000000
vt 0.000000 1.000000
vt 1.000000 1.000000
vt 1.000000 0.000000
vt 0.000000 1.000000
vt 1.000000 0.000000
vt 0.000000 0.000000
vt 0.114015 1.412712
vt 0.126533 1.402646
vt 0.174263 1.340542
vt 0.000000 1.000000
vt 1.000000 1.000000
vt 1.000000 0.000000
vt 0.000000 1.000000
vt 1.000000 0.000000
vt 0.000000 0.000000
vt 0.000000 1.000000
vt 1.000000 1.000000
vt 1.000000 0.000000
vt 0.000000 1.000000
vt 1.000000 0.000000
vt 0.000000 0.000000
vt 0.286761 1.384502
vt 0.281032 1.399802
vt 0.203216 1.422365
vt 0.000000 1.000000
vt 1.000000 1.000000
vt 1.000000 0.000000
vt 0.000000 1.000000
vt 1.000000 0.000000
vt 0.000000 0.000000
vt 0.000000 1.000000
vt 1.000000 1.000000
vt 1.000000 0.000000
vt 0.000000 1.000000
vt 1.000000 0.000000
vt 0.000000 0.000000
vt 0.316271 0.483506
vt 0.327610 0.488153
vt 0.289274 0.406111
vt 0.000000 1.000000
vt 1.000000 1.000000
vt 1.000000 0.000000
vt 0.000000 1.000000
vt 1.000000 0.000000
vt 0.000000 0.000000
vt 0.000000 1.000000
vt 1.000000 1.000000
vt 1.000000 0.000000
vt 0.000000 1.000000
vt 1.000000 0.000000
vt 0.000000 0.000000
vt 0.311538 0.794470
vt 0.331226 0.787032
vt 0.351830 0.710159
vt 0.000000 1.000000
vt 1.000000 1.000000
vt 1.000000 0.000000
vt 0.000000 1.000000
vt 1.000000 0.000000
vt 0.000000 0.000000
vt 0.000000 1.000000
vt 1.000000 1.000000
vt 1.000000 0.000000
vt 0.000000 1.000000
vt 1.000000 0.000000
vt 0.000000 0.000000
vt 0.463165 1.155830
vt 0.453503 1.148731
vt 0.509347 1.221706
vt 0.000000 1.000000
vt 1.000000 1.000000
vt 1.000000 0.000000
vt 0.000000 1.000000
vt 1.000000 0.000000
vt 0.000000 0.000000
vt 0.000000 1.000000
vt 1.000000 1.000000
vt 1.000000 0.000000
vt 0.000000 1.000000
vt 1.000000 0.000000
vt 0.000000 0.000000
vt 0.268794 0.986143
vt 0.282058 0.971449
vt 0.339376 0.921068
vt 0.000000 1.000000
vt 1.000000 1.000000
vt 1.000000 0.000000
vt 0.000000 1.000000
vt 1.000000 0.000000
vt 0.000000 0.000000
vt 0.000000 1.000000
vt 1.000000 1.000000
vt 1.000000 0.000000
vt 0.000000 1.000000
vt 1.000000 0.000000
vt 0.000000 0.000000
vt -0.025199 0.754449
vt -0.006873 0.762278
vt -0.049880 0.679137
vt 0.000000 1.000000
vt 1.000000 1.000000
vt 1.000000 0.000000
vt 0.000000 1.000000
vt 1.000000 0.000000
vt 0.000000 0.000000
vt 0.000000 1.000000
vt 1.000000 1.000000
vt 1.000000 0.000000
vt 0.000000 1.000000
vt 1.000000 0.000000
vt 0.000000 0.000000
vt 0.037108 0.994402
vt 0.026343 0.979684
vt 0.101261 1.037905
vt 0.000000 1.000000
vt 1.000000 1.000000
vt 1.000000 0.000000
vt 0.000000 1.000000
vt 1.000000 0.000000
vt 0.000000 0.000000
vt 0.000000 1.000000
vt 1.000000 1.000000
vt 1.000000 0.000000
vt 0.000000 1.000000
vt 1.000000 0.000000
vt 0.000000 0.000000
vt -0.086577 0.740879
vt -0.101134 0.731761
vt -0.048123 0.809332
vt 0.000000 1.000000
vt 1.000000 1.000000
vt 1.000000 0.000000
vt 0.000000 1.000000
vt 1.000000 0.000000
vt 0.000000 0.000000
vt 0.000000 1.000000
vt 1.000000 1.000000
vt 1.000000 0.000000
vt 0.000000 1.000000
vt 1.000000 0.000000
vt 0.000000 0.000000
vt -0.374727 1.341990
vt -0.394274 1.349915
vt -0.416870 1.425792
vt 0.000000 1.000000
vt 1.000000 1.000000
vt 1.000000 0.000000
vt 0.000000 1.000000
vt 1.000000 0.000000
vt 0.000000 0.000000
vt 0.000000 1.000000
vt 1.000000 1.000000
vt 1.000000 0.000000
vt 0.000000 1.000000
vt 1.000000 0.000000
vt 0.000000 0.000000
vt -0.312041 0.852253
vt -0.293100 0.862177
vt -0.342556 0.780905
vt 0.000000 1.000000
vt 1.000000 1.000000
vt 1.000000 0.000000
vt 0.000000 1.000000
vt 1.000000 0.000000
vt 0.000000 0.000000
vt 0.000000 1.000000
vt 1.000000 1.000000
vt 1.000000 0.000000
vt 0.000000 1.000000
vt 1.000000 0.000000
vt 0.000000 0.000000
vt -0.197772 1.234099
vt -0.196329 1.219550
vt -0.111319 1.218323
vt 0.000000 1.000000
vt 1.000000 1.000000
vt 1.000000 0.000000
vt 0.000000 1.000000
vt 1.000000 0.000000
vt 0.000000 0.000000
vt 0.000000 1.000000
vt 1.000000 1.000000
vt 1.000000 0.000000
vt 0.000000 1.000000
vt 1.000000 0.000000
vt 0.000000 0.000000
vt -0.088163 0.864364
vt -0.075638 0.879378
vt -0.148057 0.816685
vt 0.000000 1.000000
vt 1.000000 1.000000
vt 1.000000 0.000000
vt 0.000000 1.000000
vt 1.000000 0.000000
vt 0.000000 0.000000
vt 0.000000 1.000000
vt 1.000000 1.000000
vt 1.000000 0.000000
vt 0.000000 1.000000
vt 1.000000 0.000000
vt 0.000000 0.000000
vt 0.407326 1.326204
vt 0.399517 1.314571
vt 0.474951 1.368405
vt 0.000000 1.000000
vt 1.000000 1.000000
vt 1.000000 0.000000
vt 0.000000 1.000000
vt 1.000000 0.000000
vt 0.000000 0.000000
vt 0.000000 1.000000
vt 1.000000 1.000000
vt 1.000000 0.000000
vt 0.000000 1.000000
vt 1.000000 0.000000
vt 0.000000 0.000000
vt -0.104388 1.010090
vt -0.115225 1.022220
vt -0.174053 1.073553
vt 0.000000 1.000000
vt 1.000000 1.000000
vt 1.000000 0.000000
vt 0.000000 1.000000
vt 1.000000 0.000000
vt 0.000000 0.000000
vt 0.000000 1.000000
vt 1.000000 1.000000
vt 1.000000 0.000000
vt 0.000000 1.000000
vt 1.000000 0.000000
vt 0.000000 0.000000
vt -0.086298 1.344211
vt -0.080192 1.364523
vt -0.165751 1.329569
vt 0.000000 1.000000
vt 1.000000 1.000000
vt 1.000000 0.000000
vt 0.000000 1.000000
vt 1.000000 0.000000
vt 0.000000 0.000000
vt 0.000000 1.000000
vt 1.000000 1.000000
vt 1.000000 0.000000
vt 0.000000 1.000000
vt 1.000000 0.000000
vt 0.000000 0.000000
vt -0.139119 0.799750
vt -0.140183 0.813917
vt -0.225561 0.813289
vt 0.000000 1.000000
vt 1.000000 1.000000
vt 1.000000 0.000000
vt 0.000000 1.000000
vt 1.000000 0.000000
vt 0.000000 0.000000
vt 0.000000 1.000000
vt 1.000000 1.000000
vt 1.000000 0.000000
vt 0.000000 1.000000
vt 1.000000 0.000000
vt 0.000000 0.000000
vt -0.249185 1.325335
vt -0.271092 1.328713
vt -0.273267 1.412170
vt 0.000000 1.000000
vt 1.000000 1.000000
vt 1.000000 0.000000
vt 0.000000 1.000000
vt 1.000000 0.000000
vt 0.000000 0.000000
vt 0.000000 1.000000
vt 1.000000 1.000000
vt 1.000000 0.000000
vt 0.000000 1.000000
vt 1.000000 0.000000
vt 0.000000 0.000000
vt -0.329156 0.895429
vt -0.320556 0.907902
vt -0.395783 0.852762
vt 0.000000 1.000000
vt 1.000000 1.000000
vt 1.000000 0.000000
vt 0.000000 1.000000
vt 1.000000 0.000000
vt 0.000000 0.000000
vt 0.000000 1.000000
vt 1.000000 1.000000
vt 1.000000 0.000000
vt 0.000000 1.000000
vt 1.000000 0.000000
vt 0.000000 0.000000
vt 0.092660 0.544511
vt 0.088417 0.561920
vt 0.006836 0.573614
vt 0.000000 1.000000
vt 1.000000 1.000000
vt 1.000000 0.000000
vt 0.000000 1.000000
vt 1.000000 0.000000
vt 0.000000 0.000000
vt 0.000000 1.000000
vt 1.000000 1.000000
vt 1.000000 0.000000
vt 0.000000 1.000000
vt 1.000000 0.000000
vt 0.000000 0.000000
vt -0.095649 0.905572
vt -0.100221 0.924285
vt -0.181626 0.935374
vt 0.000000 1.000000
vt 1.000000 1.000000
vt 1.000000 0.000000
vt 0.000000 1.000000
vt 1.000000 0.000000
vt 0.000000 0.000000
vt 0.000000 1.000000
vt 1.000000 1.000000
vt 1.000000 0.000000
vt 0.000000 1.000000
vt 1.000000 0.000000
vt 0.000000 0.000000
vt 0.268645 1.304502
vt 0.268531 1.315790
vt 0.182440 1.311021
vt 0.000000 1.000000
vt 1.000000 1.000000
vt 1.000000 0.000000
vt 0.000000 1.000000
vt 1.000000 0.000000
vt 0.000000 0.000000
vt 0.000000 1.000000
vt 1.000000 1.000000
vt 1.000000 0.000000
vt 0.000000 1.000000
vt 1.000000 0.000000
vt 0.000000 0.000000
vt -0.433054 0.895038
vt -0.413365 0.896096
vt -0.427834 0.809539
vt 0.000000 1.000000
vt 1.000000 1.000000
vt 1.000000 0.000000
vt 0.000000 1.000000
vt 1.000000 0.000000
vt 0.000000 0.000000
vt 0.000000 1.000000
vt 1.000000 1.000000
vt 1.000000 0.000000
vt 0.000000 1.000000
vt 1.000000 0.000000
vt 0.000000 0.000000
vt -0.404937 1.226025
vt -0.386972 1.226334
vt -0.397432 1.140040
vt 0.000000 1.000000
vt 1.000000 1.000000
vt 1.000000 0.000000
vt 0.000000 1.000000
vt 1.000000 0.000000
vt 0.000000 0.000000
vt 0.000000 1.000000
vt 1.000000 1.000000
vt 1.000000 0.000000
vt 0.000000 1.000000
vt 1.000000 0.000000
vt 0.000000 0.000000
vt 0.124029 0.671484
vt 0.135655 0.665466
vt 0.169444 0.591964
vt 0.000000 1.000000
vt 1.000000 1.000000
vt 1.000000 0.000000
vt 0.000000 1.000000
vt 1.000000 0.000000
vt 0.000000 0.000000
vt 0.000000 1.000000
vt 1.000000 1.000000
vt 1.000000 0.000000
vt 0.000000 1.000000
vt 1.000000 0.000000
vt 0.000000 0.000000
vt 0.018977 0.387003
vt 0.035627 0.381862
vt 0.052717 0.302115
vt 0.000000 1.000000
vt 1.000000 1.000000
vt 1.000000 0.000000
vt 0.000000 1.000000
vt 1.000000 0.000000
vt 0.000000 0.000000
vt 0.000000 1.000000
vt 1.000000 1.000000
vt 1.000000 0.000000
vt 0.000000 1.000000
vt 1.000000 0.000000
vt 0.000000 0.000000
vt -0.213941 1.013619
vt -0.204894 1.027698
vt -0.281894 0.974083
vt 0.000000 1.000000
vt 1.000000 1.000000
vt 1.000000 0.000000
vt 0.000000 1.000000
vt 1.000000 0.000000
vt 0.000000 0.000000
vt 0.000000 1.000000
vt 1.000000 1.000000
vt 1.000000 0.000000
vt 0.000000 1.000000
vt 1.000000 0.000000
vt 0.000000 0.000000
vt 0.127845 0.552603
vt 0.140374 0.546631
vt 0.171180 0.471849
vt 0.000000 1.000000
vt 1.000000 1.000000
vt 1.000000 0.000000
vt 0.000000 1.000000
vt 1.000000 0.000000
vt 0.000000 0.000000
vt 0.000000 1.000000
vt 1.000000 1.000000
vt 1.000000 0.000000
vt 0.000000 1.000000
vt 1.000000 0.000000
vt 0.000000 0.000000
vt 0.018183 0.545641
vt 0.024040 0.559005
vt -0.057794 0.517740
vt 0.000000 1.000000
vt 1.000000 1.000000
vt 1.000000 0.000000
vt 0.000000 1.000000
vt 1.000000 0.000000
vt 0.000000 0.000000
vt 0.000000 1.000000
vt 1.000000 1.000000
vt 1.000000 0.000000
vt 0.000000 1.000000
vt 1.000000 0.000000
vt 0.000000 0.000000
vt -0.027635 1.208492
vt -0.045719 1.221079
vt -0.085895 1.285495
vt 0.000000 1.000000
vt 1.000000 1.000000
vt 1.000000 0.000000
vt 0.000000 1.000000
vt 1.000000 0.000000
vt 0.000000 0.000000
vt 0.000000 1.000000
vt 1.000000 1.000000
vt 1.000000 0.000000
vt 0.000000 1.000000
vt 1.000000 0.000000
vt 0.000000 0.000000
vt 0.349662 0.915144
vt 0.335044 0.907078
vt 0.383973 0.986542
vt 0.000000 1.000000
vt 1.000000 1.000000
vt 1.000000 0.000000
vt 0.000000 1.000000
vt 1.000000 0.000000
vt 0.000000 0.000000
vt 0.000000 1.000000
vt 1.000000 1.000000
vt 1.000000 0.000000
vt 0.000000 1.000000
vt 1.000000 0.000000
vt 0.000000 0.000000
vt -0.277398 1.444853
vt -0.280694 1.455280
vt -0.361192 1.476031
vt 0.000000 1.000000
vt 1.000000 1.000000
vt 1.000000 0.000000
vt 0.000000 1.000000
vt 1.000000 0.000000
vt 0.000000 0.000000
vt 0.000000 1.000000
vt 1.000000 1.000000
vt 1.000000 0.000000
vt 0.000000 1.000000
vt 1.000000 0.000000
vt 0.000000 0.000000
vt 0.183505 0.597576
vt 0.183979 0.586088
vt 0.269821 0.588282
vt 0.000000 1.000000
vt 1.000000 1.000000
vt 1.000000 0.000000
vt 0.000000 1.000000
vt 1.000000 0.000000
vt 0.000000 0.000000
vt 0.000000 1.000000
vt 1.000000 1.000000
vt 1.000000 0.000000
vt 0.000000 1.000000
vt 1.000000 0.000000
vt 0.000000 0.000000
vt -0.362958 0.701340
vt -0.366495 0.714141
vt -0.447767 0.730686
vt 0.000000 1.000000
vt 1.000000 1.000000
vt 1.000000 0.000000
vt 0.000000 1.000000
vt 1.000000 0.000000
vt 0.000000 0.000000
vt 0.000000 1.000000
vt 1.000000 1.000000
vt 1.000000 0.000000
vt 0.000000 1.000000
vt 1.000000 0.000000
vt 0.000000 0.000000
vt 0.073092 0.946972
vt 0.061102 0.954788
vt 0.020052 1.023053
vt 0.000000 1.000000
vt 1.000000 1.000000
vt 1.000000 0.000000
vt 0.000000 1.000000
vt 1.000000 0.000000
vt 0.000000 0.000000
vt 0.000000 1.000000
vt 1.000000 1.000000
vt 1.000000 0.000000
vt 0.000000 1.000000
vt 1.000000 0.000000
vt 0.000000 0.000000
vt 0.106281 0.815164
vt 0.107813 0.832350
vt 0.021236 0.816104
vt 0.000000 1.000000
vt 1.000000 1.000000
vt 1.000000 0.000000
vt 0.000000 1.000000
vt 1.000000 0.000000
vt 0.000000 0.000000
vt 0.000000 1.000000
vt 1.000000 1.000000
vt 1.000000 0.000000
vt 0.000000 1.000000
vt 1.000000 0.000000
vt 0.000000 0.000000
vt 0.052984 0.919674
vt 0.051042 0.931541
vt -0.033008 0.939521
vt 0.000000 1.000000
vt 1.000000 1.000000
vt 1.000000 0.000000
vt 0.000000 1.000000
vt 1.000000 0.000000
vt 0.000000 0.000000
vt 0.000000 1.000000
vt 1.000000 1.000000
vt 1.000000 0.000000
vt 0.000000 1.000000
vt 1.000000 0.000000
vt 0.000000 0.000000
vt 0.514029 0.769437
vt 0.506773 0.750829
vt 0.590667 0.791430
vt 0.000000 1.000000
vt 1.000000 1.000000
vt 1.000000 0.000000
vt 0.000000 1.000000
vt 1.000000 0.000000
vt 0.000000 0.000000
vt 0.000000 1.000000
vt 1.000000 1.000000
vt 1.000000 0.000000
vt 0.000000 1.000000
vt 1.000000 0.000000
vt 0.000000 0.000000
vt -0.133519 0.560955
vt -0.122272 0.556205
vt -0.094376 0.479216
vt 0.000000 1.000000
vt 1.000000 1.000000
vt 1.000000 0.000000
vt 0.000000 1.000000
vt 1.000000 0.000000
vt 0.000000 0.000000
vt 0.000000 1.000000
vt 1.000000 1.000000
vt 1.000000 0.000000
vt 0.000000 1.000000
vt 1.000000 0.000000
vt 0.000000 0.000000
vt -0.391657 1.499160
vt -0.411916 1.506326
vt -0.430519 1.583962
f 436/436/436 437/437/437 438/438/438
f 439/439/439 440/440/440 441/441/441
f 442/442/442 443/443/443 444/444/444
f 445/445/445 446/446/446 447/447/447
f 448/448/448 449/449/449 450/450/450
f 451/451/451 452/452/452 453/453/453
f 454/454/454 455/455/455 456/456/456
f 457/457/457 458/458/458 459/459/459
f 460/460/460 461/461/461 462/462/462
f 463/463/463 464/464/464 465/465/465
f 466/466/466 467/467/467 468/468/468
f 469/469/469 470/470/470 471/471/471
f 472/472/472 473/473/473 474/474/474
f 475/475/475 476/476/476 477/477/477
f 478/478/478 479/479/479 480/480/480
f 481/481/481 482/482/482 483/483/483
f 484/484/484 485/485/485 486/486/486
f 487/487/487 488/488/488 489/489/489
f 490/490/490 491/491/491 492/492/492
f 493/493/493 494/494/494 495/495/495
f 496/496/496 497/497/497 498/498/498
f 499/499/499 500/500/500 501/501/501
f 502/502/502 503/503/503 504/504/504
f 505/505/505 506/506/506 507/507/507
f 508/508/508 509/509/509 510/510/510
f 511/511/511 512/512/512 513/513/513
f 514/514/514 515/515/515 516/516/516
f 517/517/517 518/518/518 519/519/519
f 520/520/520 521/521/521 522/522/522
f 523/523/523 524/524/524 525/525/525
f 526/526/526 527/527/527 528/528/528
f 529/529/529 530/530/530 531/531/531
f 532/532/532 533/533/533 534/534/534
f 535/535/535 536/536/536 537/537/537
f 538/538/538 539/539/539 540/540/540
f 541/541/541 542/542/542 543/543/543
f 544/544/544 545/545/545 546/546/546
f 547/547/547 548/548/548 549/549/549
f 550/550/550 551/551/551 552/552/552
f 553/553/553 554/554/554 555/555/555
f 556/556/556 557/557/557 558/558/558
f 559/559/559 560/560/560 561/561/561
f 562/562/562 563/563/563 564/564/564
f 565/565/565 566/566/566 567/567/567
f 568/568/568 569/569/569 570/570/570
f 571/571/571 572/572/572 573/573/573
f 574/574/574 575/575/575 576/576/576
f 577/577/577 578/578/578 579/579/579
f 580/580/580 581/581/581 582/582/582
f 583/583/583 584/584/584 585/585/585
f 586/586/586 587/587/587 588/588/588
f 589/589/589 590/590/590 591/591/591
f 592/592/592 593/593/593 594/594/594
f 595/595/595 596/596/596 597/597/597
f 598/598/598 599/599/599 600/600/600
f 601/601/601 602/602/602 603/603/603
f 604/604/604 605/605/605 606/606/606
f 607/607/607 608/608/608 609/609/609
f 610/610/610 611/611/611 612/612/612
f 613/613/613 614/614/614 615/615/615
f 616/616/616 617/617/617 618/618/618
f 619/619/619 620/620/620 621/621/621
f 622/622/622 623/623/623 624/624/624
f 625/625/625 626/626/626 627/627/627
f 628/628/628 629/629/629 630/630/630
f 631/631/631 632/632/632 633/633/633
f 634/634/634 635/635/635 636/636/636
f 637/637/637 638/638/638 639/639/639
f 640/640/640 641/641/641 642/642/642
f 643/643/643 644/644/644 645/645/645
f 646/646/646 647/647/647 648/648/648
f 649/649/649 650/650/650 651/651/651
f 652/652/652 653/653/653 654/654/654
f 655/655/655 656/656/656 657/657/657
f 658/658/658 659/659/659 660/660/660
f 661/661/661 662/662/662 663/663/663
f 664/664/664 665/665/665 666/666/666
f 667/667/667 668/668/668 669/669/669
f 670/670/670 671/671/671 672/672/672
f 673/673/673 674/674/674 675/675/675
f 676/676/676 677/677/677 678/678/678
f 679/679/679 680/680/680 681/681/681
f 682/682/682 683/683/683 684/684/684
f 685/685/685 686/686/686 687/687/687
f 688/688/688 689/689/689 690/690/690
f 691/691/691 692/692/692 693/693/693
f 694/694/694 695/695/695 696/696/696
f 697/697/697 698/698/698 699/699/699
f 700/700/700 701/701/701 702/702/702
f 703/703/703 704/704/704 705/705/705
f 706/706/706 707/707/707 708/708/708
f 709/709/709 710/710/710 711/711/711
f 712/712/712 713/713/713 714/714/714
f 715/715/715 716/716/716 717/717/717
f 718/718/718 719/719/719 720/720/720
f 721/721/721 722/722/722 723/723/723
f 724/724/724 725/725/725 726/726/726
f 727/727/727 728/728/728 729/729/729
f 730/730/730 731/731/731 732/732/732
f 733/733/733 734/734/734 735/735/735
f 736/736/736 737/737/737 738/738/738
f 739/739/739 740/740/740 741/741/741
f 742/742/742 743/743/743 744/744/744
f 745/745/745 746/746/746 747/747/747
f 748/748/748 749/749/749 750/750/750
f 751/751/751 752/752/752 753/753/753
f 754/754/754 755/755/755 756/756/756
f 757/757/757 758/758/758 759/759/759
f 760/760/760 761/761/761 762/762/762
f 763/763/763 764/764/764 765/765/765
f 766/766/766 767/767/767 768/768/768
f 769/769/769 770/770/770 771/771/771
f 772/772/772 773/773/773 774/774/774
f 775/775/775 776/776/776 777/777/777
f 778/778/778 779/779/779 780/780/780
f 781/781/781 782/782/782 783/783/783
f 784/784/784 785/785/785 786/786/786
f 787/787/787 788/788/788 789/789/789
f 790/790/790 791/791/791 792/792/792
f 793/793/793 794/794/794 795/795/795
f 796/796/796 797/797/797 798/798/798
f 799/799/799 800/800/800 801/801/801
f 802/802/802 803/803/803 804/804/804
f 805/805/805 806/806/806 807/807/807
f 808/808/808 809/809/809 810/810/810
f 811/811/811 812/812/812 813/813/813
f 814/814/814 815/815/815 816/816/816
f 817/817/817 818/818/818 819/819/819
f 820/820/820 821/821/821 822/822/822
f 823/823/823 824/824/824 825/825/825
f 826/826/826 827/827/827 828/828/828
f 829/829/829 830/830/830 831/831/831
f 832/832/832 833/833/833 834/834/834
f 835/835/835 836/836/836 837/837/837
f 838/838/838 839/839/839 840/840/840
f 841/841/841 842/842/842 843/843/843
f 844/844/844 845/845/845 846/846/846
f 847/847/847 848/848/848 849/849/849
f 850/850/850 851/851/851 852/852/852
f 853/853/853 854/854/854 855/855/855
f 856/856/856 857/857/857 858/858/858
f 859/859/859 860/860/860 861/861/861
f 862/862/862 863/863/863 864/864/864
f 865/865/865 866/866/866 867/867/867
f 868/868/868 869/869/869 870/870/870
f 871/871/871 872/872/872 873/873/873
f 874/874/874 875/875/875 876/876/876
f 877/877/877 878/878/878 879/879/879
f 880/880/880 881/881/881 882/882/882
f 883/883/883 884/884/884 885/885/885
f 886/886/886 887/887/887 888/888/888
f 889/889/889 890/890/890 891/891/891
f 892/892/892 893/893/893 894/894/894
f 895/895/895 896/896/896 897/897/897
f 898/898/898 899/899/899 900/900/900
f 901/901/901 902/902/902 903/903/903
f 904/904/904 905/905/905 906/906/906
f 907/907/907 908/908/908 909/909/909
f 910/910/910 911/911/911 912/912/912
f 913/913/913 914/914/914 915/915/915
f 916/916/916 917/917/917 918/918/918
f 919/919/919 920/920/920 921/921/921
f 922/922/922 923/923/923 924/924/924
f 925/925/925 926/926/926 927/927/927
f 928/928/928 929/929/929 930/930/930
f 931/931/931 932/932/932 933/933/933
f 934/934/934 935/935/935 936/936/936
f 937/937/937 938/938/938 939/939/939
f 940/940/940 941/941/941 942/942/942
f 943/943/943 944/944/944 945/945/945
f 946/946/946 947/947/947 948/948/948
f 949/949/949 950/950/950 951/951/951
f 952/952/952 953/953/953 954/954/954
f 955/955/955 956/956/956 957/957/957
f 958/958/958 959/959/959 960/960/960
f 961/961/961 962/962/962 963/963/963
f 964/964/964 965/965/965 966/966/966
f 967/967/967 968/968/968 969/969/969
f 970/970/970 971/971/971 972/972/972
f 973/973/973 974/974/974 975/975/975
f 976/976/976 977/977/977 978/978/978
f 979/979/979 980/980/980 981/981/981
f 982/982/982 983/983/983 984/984/984
f 985/985/985 986/986/986 987/987/987
f 988/988/988 989/989/989 990/990/990
f 991/991/991 992/992/992 993/993/993
f 994/994/994 995/995/995 996/996/996
f 997/997/997 998/998/998 999/999/999
f 1000/1000/1000 1001/1001/1001 1002/1002/1002
f 1003/1003/1003 1004/1004/1004 1005/1005/1005
f 1006/1006/1006 1007/1007/1007 1008/1008/1008
f 1009/1009/1009 1010/1010/1010 1011/1011/1011
f 1012/1012/1012 1013/1013/1013 1014/1014/1014
f 1015/1015/1015 1016/1016/1016 1017/1017/1017
f 1018/1018/1018 1019/1019/1019 1020/1020/1020
f 1021/1021/1021 1022/1022/1022 1023/1023/1023
f 1024/1024/1024 1025/1025/1025 1026/1026/1026
f 1027/1027/1027 1028/1028/1028 1029/1029/1029
f 1030/1030/1030 1031/1031/1031 1032/1032/1032
f 1033/1033/1033 1034/1034/1034 1035/1035/1035
f 1036/1036/1036 1037/1037/1037 1038/1038/1038
f 1039/1039/1039 1040/1040/1040 1041/1041/1041
f 1042/1042/1042 1043/1043/1043 1044/1044/1044
f 1045/1045/1045 1046/1046/1046 1047/1047/1047
f 1048/1048/1048 1049/1049/1049 1050/1050/1050
f 1051/1051/1051 1052/1052/1052 1053/1053/1053
f 1054/1054/1054 1055/1055/1055 1056/1056/1056
f 1057/1057/1057 1058/1058/1058 1059/1059/1059
f 1060/1060/1060 1061/1061/1061 1062/1062/1062
f 1063/1063/1063 1064/1064/1064 1065/1065/1065
f 1066/1066/1066 1067/1067/1067 1068/1068/1068
f 1069/1069/1069 1070/1070/1070 1071/1071/1071
f 1072/1072/1072 1073/1073/1073 1074/1074/1074
f 1075/1075/1075 1076/1076/1076 1077/1077/1077
f 1078/1078/1078 1079/1079/1079 1080/1080/1080